unit,cycle,rul,cluster
1,31,290,0
1,32,289,0
1,33,288,0
1,34,287,0
1,35,286,0
1,36,285,0
1,37,284,0
1,38,283,-1
1,39,282,0
1,40,281,0
1,41,280,0
1,42,279,0
1,43,278,0
1,44,277,0
1,45,276,0
1,46,275,0
1,47,274,0
1,48,273,0
1,49,272,0
1,50,271,0
1,51,270,0
1,52,269,0
1,53,268,0
1,54,267,0
1,55,266,0
1,56,265,0
1,57,264,0
1,58,263,0
1,59,262,0
1,60,261,0
1,61,260,0
1,62,259,0
1,63,258,0
1,64,257,0
1,65,256,0
1,66,255,0
1,67,254,0
1,68,253,0
1,69,252,0
1,70,251,0
1,71,250,0
1,72,249,0
1,73,248,0
1,74,247,0
1,75,246,0
1,76,245,0
1,77,244,0
1,78,243,0
1,79,242,0
1,80,241,0
1,81,240,0
1,82,239,0
1,83,238,0
1,84,237,0
1,85,236,0
1,86,235,0
1,87,234,0
1,88,233,0
1,89,232,0
1,90,231,0
1,91,230,0
1,92,229,0
1,93,228,0
1,94,227,0
1,95,226,0
1,96,225,0
1,97,224,0
1,98,223,0
1,99,222,0
1,100,221,0
1,101,220,0
1,102,219,0
1,103,218,0
1,104,217,0
1,105,216,0
1,106,215,0
1,107,214,0
1,108,213,0
1,109,212,0
1,110,211,0
1,111,210,0
1,112,209,0
1,113,208,0
1,114,207,0
1,115,206,0
1,116,205,0
1,117,204,0
1,118,203,0
1,119,202,0
1,120,201,0
1,121,200,0
1,122,199,0
1,123,198,0
1,124,197,0
1,125,196,0
1,126,195,0
1,127,194,0
1,128,193,0
1,129,192,0
1,130,191,0
1,131,190,0
1,132,189,0
1,133,188,0
1,134,187,0
1,135,186,0
1,136,185,0
1,137,184,0
1,138,183,0
1,139,182,0
1,140,181,0
1,141,180,0
1,142,179,0
1,143,178,0
1,144,177,0
1,145,176,0
1,146,175,0
1,147,174,0
1,148,173,0
1,149,172,0
1,150,171,0
1,151,170,0
1,152,169,0
1,153,168,0
1,154,167,0
1,155,166,0
1,156,165,0
1,157,164,0
1,158,163,0
1,159,162,0
1,160,161,0
1,161,160,0
1,162,159,0
1,163,158,0
1,164,157,0
1,165,156,0
1,166,155,0
1,167,154,0
1,168,153,0
1,169,152,0
1,170,151,0
1,171,150,0
1,172,149,0
1,173,148,0
1,174,147,0
1,175,146,0
1,176,145,0
1,177,144,0
1,178,143,0
1,179,142,0
1,180,141,0
1,181,140,0
1,182,139,0
1,183,138,0
1,184,137,0
1,185,136,0
1,186,135,0
1,187,134,0
1,188,133,0
1,189,132,0
1,190,131,0
1,191,130,0
1,192,129,0
1,193,128,0
1,194,127,0
1,195,126,0
1,196,125,0
1,197,124,0
1,198,123,0
1,199,122,0
1,200,121,0
1,201,120,0
1,202,119,0
1,203,118,0
1,204,117,0
1,205,116,0
1,206,115,0
1,207,114,0
1,208,113,0
1,209,112,0
1,210,111,0
1,211,110,0
1,212,109,0
1,213,108,0
1,214,107,0
1,215,106,0
1,216,105,0
1,217,104,0
1,218,103,0
1,219,102,0
1,220,101,0
1,221,100,0
1,222,99,0
1,223,98,0
1,224,97,0
1,225,96,0
1,226,95,0
1,227,94,0
1,228,93,0
1,229,92,0
1,230,91,0
1,231,90,0
1,232,89,0
1,233,88,0
1,234,87,0
1,235,86,0
1,236,85,0
1,237,84,0
1,238,83,0
1,239,82,0
1,240,81,0
1,241,80,0
1,242,79,0
1,243,78,0
1,244,77,0
1,245,76,0
1,246,75,0
1,247,74,0
1,248,73,0
1,249,72,0
1,250,71,0
1,251,70,0
1,252,69,0
1,253,68,0
1,254,67,0
1,255,66,0
1,256,65,0
1,257,64,0
1,258,63,0
1,259,62,0
1,260,61,0
1,261,60,0
1,262,59,0
1,263,58,0
1,264,57,0
1,265,56,0
1,266,55,0
1,267,54,0
1,268,53,0
1,269,52,0
1,270,51,0
1,271,50,0
1,272,49,0
1,273,48,0
1,274,47,0
1,275,46,0
1,276,45,0
1,277,44,0
1,278,43,0
1,279,42,0
1,280,41,0
1,281,40,0
1,282,39,0
1,283,38,0
1,284,37,0
1,285,36,0
1,286,35,0
1,287,34,0
1,288,33,0
1,289,32,0
1,290,31,0
1,291,30,0
1,292,29,0
1,293,28,0
1,294,27,0
1,295,26,0
1,296,25,0
1,297,24,0
1,298,23,0
1,299,22,0
1,300,21,0
1,301,20,0
1,302,19,0
1,303,18,0
1,304,17,0
1,305,16,0
1,306,15,0
1,307,14,0
1,308,13,0
1,309,12,0
1,310,11,0
1,311,10,0
1,312,9,0
1,313,8,0
1,314,7,0
1,315,6,0
1,316,5,0
1,317,4,0
1,318,3,0
1,319,2,0
1,320,1,0
1,321,0,0
2,31,268,0
2,32,267,0
2,33,266,0
2,34,265,0
2,35,264,0
2,36,263,0
2,37,262,0
2,38,261,0
2,39,260,0
2,40,259,0
2,41,258,0
2,42,257,0
2,43,256,0
2,44,255,0
2,45,254,0
2,46,253,0
2,47,252,0
2,48,251,0
2,49,250,0
2,50,249,0
2,51,248,0
2,52,247,0
2,53,246,0
2,54,245,0
2,55,244,0
2,56,243,0
2,57,242,0
2,58,241,0
2,59,240,0
2,60,239,0
2,61,238,0
2,62,237,0
2,63,236,0
2,64,235,0
2,65,234,0
2,66,233,0
2,67,232,0
2,68,231,0
2,69,230,0
2,70,229,0
2,71,228,0
2,72,227,0
2,73,226,0
2,74,225,0
2,75,224,0
2,76,223,0
2,77,222,0
2,78,221,0
2,79,220,0
2,80,219,0
2,81,218,0
2,82,217,0
2,83,216,0
2,84,215,0
2,85,214,0
2,86,213,0
2,87,212,0
2,88,211,0
2,89,210,0
2,90,209,0
2,91,208,0
2,92,207,0
2,93,206,0
2,94,205,0
2,95,204,0
2,96,203,0
2,97,202,0
2,98,201,0
2,99,200,0
2,100,199,0
2,101,198,0
2,102,197,0
2,103,196,0
2,104,195,0
2,105,194,0
2,106,193,0
2,107,192,0
2,108,191,0
2,109,190,0
2,110,189,0
2,111,188,0
2,112,187,0
2,113,186,0
2,114,185,0
2,115,184,0
2,116,183,0
2,117,182,0
2,118,181,0
2,119,180,0
2,120,179,0
2,121,178,0
2,122,177,0
2,123,176,0
2,124,175,0
2,125,174,0
2,126,173,0
2,127,172,0
2,128,171,0
2,129,170,0
2,130,169,0
2,131,168,0
2,132,167,0
2,133,166,0
2,134,165,0
2,135,164,0
2,136,163,0
2,137,162,0
2,138,161,0
2,139,160,0
2,140,159,0
2,141,158,0
2,142,157,0
2,143,156,0
2,144,155,0
2,145,154,0
2,146,153,0
2,147,152,0
2,148,151,0
2,149,150,0
2,150,149,0
2,151,148,0
2,152,147,0
2,153,146,0
2,154,145,0
2,155,144,0
2,156,143,0
2,157,142,0
2,158,141,0
2,159,140,0
2,160,139,0
2,161,138,0
2,162,137,0
2,163,136,0
2,164,135,0
2,165,134,0
2,166,133,0
2,167,132,0
2,168,131,0
2,169,130,0
2,170,129,0
2,171,128,0
2,172,127,0
2,173,126,0
2,174,125,0
2,175,124,0
2,176,123,0
2,177,122,0
2,178,121,0
2,179,120,0
2,180,119,0
2,181,118,0
2,182,117,0
2,183,116,0
2,184,115,0
2,185,114,0
2,186,113,0
2,187,112,0
2,188,111,0
2,189,110,0
2,190,109,0
2,191,108,0
2,192,107,0
2,193,106,0
2,194,105,0
2,195,104,0
2,196,103,0
2,197,102,0
2,198,101,0
2,199,100,0
2,200,99,0
2,201,98,0
2,202,97,0
2,203,96,0
2,204,95,0
2,205,94,0
2,206,93,0
2,207,92,0
2,208,91,0
2,209,90,0
2,210,89,0
2,211,88,0
2,212,87,0
2,213,86,0
2,214,85,0
2,215,84,0
2,216,83,0
2,217,82,0
2,218,81,0
2,219,80,0
2,220,79,0
2,221,78,0
2,222,77,0
2,223,76,0
2,224,75,0
2,225,74,0
2,226,73,0
2,227,72,0
2,228,71,0
2,229,70,0
2,230,69,0
2,231,68,0
2,232,67,0
2,233,66,0
2,234,65,0
2,235,64,0
2,236,63,0
2,237,62,0
2,238,61,0
2,239,60,0
2,240,59,0
2,241,58,0
2,242,57,0
2,243,56,0
2,244,55,0
2,245,54,0
2,246,53,0
2,247,52,0
2,248,51,0
2,249,50,0
2,250,49,0
2,251,48,0
2,252,47,0
2,253,46,0
2,254,45,0
2,255,44,0
2,256,43,0
2,257,42,0
2,258,41,0
2,259,40,0
2,260,39,0
2,261,38,0
2,262,37,0
2,263,36,0
2,264,35,0
2,265,34,0
2,266,33,0
2,267,32,0
2,268,31,0
2,269,30,0
2,270,29,0
2,271,28,0
2,272,27,0
2,273,26,0
2,274,25,0
2,275,24,0
2,276,23,0
2,277,22,0
2,278,21,0
2,279,20,0
2,280,19,0
2,281,18,0
2,282,17,0
2,283,16,0
2,284,15,0
2,285,14,0
2,286,13,0
2,287,12,0
2,288,11,0
2,289,10,0
2,290,9,0
2,291,8,0
2,292,7,0
2,293,6,0
2,294,5,0
2,295,4,0
2,296,3,0
2,297,2,0
2,298,1,0
2,299,0,-1
3,31,276,0
3,32,275,0
3,33,274,0
3,34,273,0
3,35,272,0
3,36,271,0
3,37,270,0
3,38,269,0
3,39,268,0
3,40,267,0
3,41,266,0
3,42,265,0
3,43,264,0
3,44,263,0
3,45,262,0
3,46,261,0
3,47,260,0
3,48,259,0
3,49,258,0
3,50,257,0
3,51,256,0
3,52,255,0
3,53,254,0
3,54,253,0
3,55,252,0
3,56,251,0
3,57,250,0
3,58,249,0
3,59,248,0
3,60,247,0
3,61,246,0
3,62,245,0
3,63,244,0
3,64,243,0
3,65,242,0
3,66,241,0
3,67,240,0
3,68,239,0
3,69,238,0
3,70,237,0
3,71,236,0
3,72,235,0
3,73,234,0
3,74,233,0
3,75,232,0
3,76,231,0
3,77,230,0
3,78,229,0
3,79,228,0
3,80,227,0
3,81,226,0
3,82,225,0
3,83,224,0
3,84,223,0
3,85,222,0
3,86,221,0
3,87,220,0
3,88,219,0
3,89,218,0
3,90,217,0
3,91,216,0
3,92,215,0
3,93,214,0
3,94,213,0
3,95,212,0
3,96,211,0
3,97,210,0
3,98,209,0
3,99,208,0
3,100,207,0
3,101,206,0
3,102,205,0
3,103,204,0
3,104,203,0
3,105,202,0
3,106,201,0
3,107,200,0
3,108,199,0
3,109,198,0
3,110,197,0
3,111,196,0
3,112,195,0
3,113,194,0
3,114,193,0
3,115,192,0
3,116,191,0
3,117,190,0
3,118,189,0
3,119,188,0
3,120,187,0
3,121,186,0
3,122,185,0
3,123,184,0
3,124,183,0
3,125,182,0
3,126,181,0
3,127,180,0
3,128,179,0
3,129,178,0
3,130,177,0
3,131,176,0
3,132,175,0
3,133,174,0
3,134,173,0
3,135,172,0
3,136,171,0
3,137,170,0
3,138,169,0
3,139,168,0
3,140,167,0
3,141,166,0
3,142,165,0
3,143,164,0
3,144,163,0
3,145,162,0
3,146,161,0
3,147,160,0
3,148,159,0
3,149,158,0
3,150,157,0
3,151,156,0
3,152,155,0
3,153,154,0
3,154,153,0
3,155,152,0
3,156,151,0
3,157,150,0
3,158,149,0
3,159,148,0
3,160,147,0
3,161,146,0
3,162,145,0
3,163,144,0
3,164,143,0
3,165,142,0
3,166,141,0
3,167,140,0
3,168,139,0
3,169,138,0
3,170,137,0
3,171,136,0
3,172,135,0
3,173,134,0
3,174,133,0
3,175,132,0
3,176,131,0
3,177,130,0
3,178,129,0
3,179,128,0
3,180,127,0
3,181,126,0
3,182,125,0
3,183,124,0
3,184,123,0
3,185,122,0
3,186,121,0
3,187,120,0
3,188,119,0
3,189,118,0
3,190,117,0
3,191,116,0
3,192,115,0
3,193,114,0
3,194,113,0
3,195,112,0
3,196,111,0
3,197,110,0
3,198,109,0
3,199,108,0
3,200,107,0
3,201,106,0
3,202,105,0
3,203,104,0
3,204,103,0
3,205,102,0
3,206,101,0
3,207,100,0
3,208,99,0
3,209,98,0
3,210,97,0
3,211,96,0
3,212,95,0
3,213,94,0
3,214,93,0
3,215,92,0
3,216,91,0
3,217,90,0
3,218,89,0
3,219,88,0
3,220,87,0
3,221,86,0
3,222,85,0
3,223,84,0
3,224,83,0
3,225,82,0
3,226,81,0
3,227,80,0
3,228,79,0
3,229,78,0
3,230,77,0
3,231,76,0
3,232,75,0
3,233,74,0
3,234,73,0
3,235,72,0
3,236,71,0
3,237,70,0
3,238,69,0
3,239,68,0
3,240,67,0
3,241,66,0
3,242,65,0
3,243,64,0
3,244,63,0
3,245,62,0
3,246,61,0
3,247,60,0
3,248,59,0
3,249,58,0
3,250,57,0
3,251,56,0
3,252,55,0
3,253,54,0
3,254,53,0
3,255,52,0
3,256,51,0
3,257,50,0
3,258,49,0
3,259,48,0
3,260,47,0
3,261,46,0
3,262,45,0
3,263,44,0
3,264,43,0
3,265,42,0
3,266,41,0
3,267,40,0
3,268,39,0
3,269,38,0
3,270,37,0
3,271,36,0
3,272,35,0
3,273,34,0
3,274,33,0
3,275,32,0
3,276,31,0
3,277,30,0
3,278,29,0
3,279,28,0
3,280,27,0
3,281,26,0
3,282,25,0
3,283,24,0
3,284,23,0
3,285,22,0
3,286,21,0
3,287,20,0
3,288,19,0
3,289,18,0
3,290,17,0
3,291,16,0
3,292,15,0
3,293,14,0
3,294,13,0
3,295,12,0
3,296,11,0
3,297,10,0
3,298,9,0
3,299,8,0
3,300,7,0
3,301,6,0
3,302,5,0
3,303,4,0
3,304,3,0
3,305,2,0
3,306,1,0
3,307,0,0
4,31,243,0
4,32,242,0
4,33,241,0
4,34,240,0
4,35,239,0
4,36,238,0
4,37,237,0
4,38,236,0
4,39,235,0
4,40,234,0
4,41,233,0
4,42,232,0
4,43,231,0
4,44,230,0
4,45,229,0
4,46,228,0
4,47,227,0
4,48,226,0
4,49,225,0
4,50,224,0
4,51,223,0
4,52,222,0
4,53,221,0
4,54,220,0
4,55,219,0
4,56,218,0
4,57,217,0
4,58,216,0
4,59,215,0
4,60,214,0
4,61,213,0
4,62,212,0
4,63,211,0
4,64,210,0
4,65,209,0
4,66,208,0
4,67,207,0
4,68,206,0
4,69,205,0
4,70,204,0
4,71,203,0
4,72,202,0
4,73,201,0
4,74,200,0
4,75,199,0
4,76,198,0
4,77,197,0
4,78,196,0
4,79,195,0
4,80,194,0
4,81,193,0
4,82,192,0
4,83,191,0
4,84,190,0
4,85,189,0
4,86,188,0
4,87,187,0
4,88,186,0
4,89,185,0
4,90,184,0
4,91,183,0
4,92,182,0
4,93,181,0
4,94,180,0
4,95,179,0
4,96,178,0
4,97,177,0
4,98,176,0
4,99,175,0
4,100,174,0
4,101,173,0
4,102,172,0
4,103,171,0
4,104,170,0
4,105,169,0
4,106,168,0
4,107,167,0
4,108,166,0
4,109,165,0
4,110,164,0
4,111,163,0
4,112,162,0
4,113,161,0
4,114,160,0
4,115,159,0
4,116,158,0
4,117,157,0
4,118,156,0
4,119,155,0
4,120,154,0
4,121,153,0
4,122,152,0
4,123,151,0
4,124,150,0
4,125,149,0
4,126,148,0
4,127,147,0
4,128,146,0
4,129,145,0
4,130,144,0
4,131,143,0
4,132,142,0
4,133,141,0
4,134,140,0
4,135,139,0
4,136,138,0
4,137,137,0
4,138,136,0
4,139,135,0
4,140,134,0
4,141,133,0
4,142,132,0
4,143,131,0
4,144,130,0
4,145,129,0
4,146,128,0
4,147,127,0
4,148,126,0
4,149,125,0
4,150,124,0
4,151,123,0
4,152,122,0
4,153,121,0
4,154,120,0
4,155,119,0
4,156,118,0
4,157,117,0
4,158,116,0
4,159,115,0
4,160,114,0
4,161,113,0
4,162,112,0
4,163,111,0
4,164,110,0
4,165,109,0
4,166,108,0
4,167,107,0
4,168,106,0
4,169,105,0
4,170,104,0
4,171,103,0
4,172,102,0
4,173,101,0
4,174,100,0
4,175,99,0
4,176,98,0
4,177,97,0
4,178,96,0
4,179,95,0
4,180,94,0
4,181,93,0
4,182,92,0
4,183,91,0
4,184,90,0
4,185,89,0
4,186,88,0
4,187,87,0
4,188,86,0
4,189,85,0
4,190,84,0
4,191,83,0
4,192,82,0
4,193,81,0
4,194,80,0
4,195,79,0
4,196,78,0
4,197,77,0
4,198,76,0
4,199,75,0
4,200,74,0
4,201,73,0
4,202,72,0
4,203,71,0
4,204,70,0
4,205,69,0
4,206,68,0
4,207,67,0
4,208,66,0
4,209,65,0
4,210,64,0
4,211,63,0
4,212,62,0
4,213,61,0
4,214,60,0
4,215,59,0
4,216,58,0
4,217,57,0
4,218,56,0
4,219,55,0
4,220,54,0
4,221,53,0
4,222,52,0
4,223,51,0
4,224,50,0
4,225,49,0
4,226,48,0
4,227,47,0
4,228,46,0
4,229,45,0
4,230,44,0
4,231,43,0
4,232,42,0
4,233,41,0
4,234,40,0
4,235,39,0
4,236,38,0
4,237,37,0
4,238,36,0
4,239,35,0
4,240,34,0
4,241,33,0
4,242,32,0
4,243,31,0
4,244,30,0
4,245,29,-1
4,246,28,0
4,247,27,0
4,248,26,0
4,249,25,0
4,250,24,0
4,251,23,0
4,252,22,-1
4,253,21,-1
4,254,20,-1
4,255,19,-1
4,256,18,-1
4,257,17,0
4,258,16,-1
4,259,15,0
4,260,14,0
4,261,13,0
4,262,12,0
4,263,11,-1
4,264,10,-1
4,265,9,-1
4,266,8,0
4,267,7,0
4,268,6,0
4,269,5,-1
4,270,4,-1
4,271,3,-1
4,272,2,-1
4,273,1,-1
4,274,0,-1
5,31,162,0
5,32,161,0
5,33,160,0
5,34,159,0
5,35,158,0
5,36,157,0
5,37,156,0
5,38,155,0
5,39,154,0
5,40,153,0
5,41,152,0
5,42,151,0
5,43,150,0
5,44,149,0
5,45,148,0
5,46,147,0
5,47,146,0
5,48,145,0
5,49,144,0
5,50,143,0
5,51,142,0
5,52,141,0
5,53,140,0
5,54,139,0
5,55,138,0
5,56,137,0
5,57,136,0
5,58,135,0
5,59,134,0
5,60,133,0
5,61,132,0
5,62,131,0
5,63,130,0
5,64,129,0
5,65,128,0
5,66,127,0
5,67,126,0
5,68,125,0
5,69,124,0
5,70,123,0
5,71,122,0
5,72,121,0
5,73,120,0
5,74,119,0
5,75,118,0
5,76,117,0
5,77,116,0
5,78,115,0
5,79,114,0
5,80,113,0
5,81,112,0
5,82,111,0
5,83,110,0
5,84,109,0
5,85,108,0
5,86,107,0
5,87,106,0
5,88,105,0
5,89,104,0
5,90,103,0
5,91,102,0
5,92,101,0
5,93,100,0
5,94,99,0
5,95,98,0
5,96,97,0
5,97,96,0
5,98,95,0
5,99,94,0
5,100,93,0
5,101,92,0
5,102,91,0
5,103,90,0
5,104,89,0
5,105,88,0
5,106,87,0
5,107,86,0
5,108,85,0
5,109,84,0
5,110,83,0
5,111,82,0
5,112,81,0
5,113,80,0
5,114,79,0
5,115,78,0
5,116,77,0
5,117,76,0
5,118,75,0
5,119,74,0
5,120,73,0
5,121,72,0
5,122,71,0
5,123,70,0
5,124,69,0
5,125,68,0
5,126,67,0
5,127,66,0
5,128,65,0
5,129,64,0
5,130,63,0
5,131,62,0
5,132,61,0
5,133,60,0
5,134,59,0
5,135,58,0
5,136,57,0
5,137,56,0
5,138,55,0
5,139,54,0
5,140,53,0
5,141,52,0
5,142,51,0
5,143,50,0
5,144,49,0
5,145,48,0
5,146,47,0
5,147,46,0
5,148,45,0
5,149,44,0
5,150,43,0
5,151,42,0
5,152,41,0
5,153,40,0
5,154,39,0
5,155,38,0
5,156,37,0
5,157,36,0
5,158,35,0
5,159,34,0
5,160,33,0
5,161,32,0
5,162,31,0
5,163,30,0
5,164,29,0
5,165,28,0
5,166,27,0
5,167,26,0
5,168,25,0
5,169,24,0
5,170,23,0
5,171,22,0
5,172,21,0
5,173,20,0
5,174,19,0
5,175,18,0
5,176,17,0
5,177,16,0
5,178,15,0
5,179,14,0
5,180,13,0
5,181,12,0
5,182,11,0
5,183,10,0
5,184,9,0
5,185,8,0
5,186,7,0
5,187,6,-1
5,188,5,0
5,189,4,0
5,190,3,-1
5,191,2,-1
5,192,1,-1
5,193,0,-1
6,31,300,0
6,32,299,0
6,33,298,0
6,34,297,0
6,35,296,0
6,36,295,0
6,37,294,0
6,38,293,0
6,39,292,0
6,40,291,0
6,41,290,0
6,42,289,0
6,43,288,0
6,44,287,0
6,45,286,0
6,46,285,0
6,47,284,0
6,48,283,0
6,49,282,0
6,50,281,0
6,51,280,0
6,52,279,0
6,53,278,0
6,54,277,0
6,55,276,0
6,56,275,0
6,57,274,0
6,58,273,0
6,59,272,0
6,60,271,0
6,61,270,0
6,62,269,0
6,63,268,0
6,64,267,0
6,65,266,0
6,66,265,0
6,67,264,0
6,68,263,0
6,69,262,0
6,70,261,0
6,71,260,0
6,72,259,0
6,73,258,0
6,74,257,0
6,75,256,0
6,76,255,0
6,77,254,0
6,78,253,0
6,79,252,0
6,80,251,0
6,81,250,0
6,82,249,0
6,83,248,0
6,84,247,0
6,85,246,0
6,86,245,0
6,87,244,0
6,88,243,0
6,89,242,0
6,90,241,0
6,91,240,0
6,92,239,0
6,93,238,0
6,94,237,0
6,95,236,0
6,96,235,0
6,97,234,0
6,98,233,0
6,99,232,0
6,100,231,0
6,101,230,0
6,102,229,0
6,103,228,0
6,104,227,0
6,105,226,0
6,106,225,0
6,107,224,0
6,108,223,0
6,109,222,0
6,110,221,0
6,111,220,0
6,112,219,0
6,113,218,0
6,114,217,0
6,115,216,0
6,116,215,0
6,117,214,0
6,118,213,0
6,119,212,0
6,120,211,0
6,121,210,0
6,122,209,0
6,123,208,0
6,124,207,0
6,125,206,0
6,126,205,0
6,127,204,0
6,128,203,0
6,129,202,0
6,130,201,0
6,131,200,0
6,132,199,0
6,133,198,0
6,134,197,0
6,135,196,0
6,136,195,0
6,137,194,0
6,138,193,0
6,139,192,0
6,140,191,0
6,141,190,0
6,142,189,0
6,143,188,0
6,144,187,0
6,145,186,0
6,146,185,0
6,147,184,0
6,148,183,0
6,149,182,0
6,150,181,0
6,151,180,0
6,152,179,0
6,153,178,0
6,154,177,0
6,155,176,0
6,156,175,0
6,157,174,0
6,158,173,0
6,159,172,0
6,160,171,0
6,161,170,0
6,162,169,0
6,163,168,0
6,164,167,0
6,165,166,0
6,166,165,0
6,167,164,0
6,168,163,0
6,169,162,0
6,170,161,0
6,171,160,0
6,172,159,0
6,173,158,0
6,174,157,0
6,175,156,0
6,176,155,0
6,177,154,0
6,178,153,0
6,179,152,0
6,180,151,0
6,181,150,0
6,182,149,0
6,183,148,0
6,184,147,0
6,185,146,0
6,186,145,0
6,187,144,0
6,188,143,0
6,189,142,0
6,190,141,0
6,191,140,0
6,192,139,0
6,193,138,0
6,194,137,0
6,195,136,0
6,196,135,0
6,197,134,0
6,198,133,0
6,199,132,0
6,200,131,0
6,201,130,0
6,202,129,0
6,203,128,0
6,204,127,0
6,205,126,0
6,206,125,0
6,207,124,0
6,208,123,0
6,209,122,0
6,210,121,0
6,211,120,0
6,212,119,0
6,213,118,0
6,214,117,0
6,215,116,0
6,216,115,0
6,217,114,0
6,218,113,0
6,219,112,0
6,220,111,0
6,221,110,0
6,222,109,0
6,223,108,0
6,224,107,0
6,225,106,0
6,226,105,0
6,227,104,0
6,228,103,0
6,229,102,0
6,230,101,0
6,231,100,0
6,232,99,0
6,233,98,0
6,234,97,0
6,235,96,0
6,236,95,0
6,237,94,0
6,238,93,0
6,239,92,0
6,240,91,0
6,241,90,0
6,242,89,0
6,243,88,0
6,244,87,0
6,245,86,0
6,246,85,0
6,247,84,0
6,248,83,0
6,249,82,0
6,250,81,0
6,251,80,0
6,252,79,0
6,253,78,0
6,254,77,0
6,255,76,0
6,256,75,0
6,257,74,0
6,258,73,0
6,259,72,0
6,260,71,0
6,261,70,0
6,262,69,0
6,263,68,0
6,264,67,0
6,265,66,0
6,266,65,0
6,267,64,0
6,268,63,0
6,269,62,0
6,270,61,0
6,271,60,0
6,272,59,0
6,273,58,0
6,274,57,0
6,275,56,0
6,276,55,0
6,277,54,0
6,278,53,0
6,279,52,0
6,280,51,0
6,281,50,0
6,282,49,0
6,283,48,0
6,284,47,0
6,285,46,0
6,286,45,0
6,287,44,0
6,288,43,0
6,289,42,0
6,290,41,0
6,291,40,0
6,292,39,0
6,293,38,0
6,294,37,0
6,295,36,0
6,296,35,0
6,297,34,0
6,298,33,0
6,299,32,0
6,300,31,0
6,301,30,0
6,302,29,0
6,303,28,0
6,304,27,0
6,305,26,0
6,306,25,0
6,307,24,0
6,308,23,0
6,309,22,0
6,310,21,0
6,311,20,0
6,312,19,0
6,313,18,0
6,314,17,0
6,315,16,0
6,316,15,0
6,317,14,0
6,318,13,0
6,319,12,0
6,320,11,0
6,321,10,0
6,322,9,0
6,323,8,0
6,324,7,0
6,325,6,0
6,326,5,0
6,327,4,0
6,328,3,0
6,329,2,0
6,330,1,0
6,331,0,0
7,31,190,0
7,32,189,0
7,33,188,0
7,34,187,0
7,35,186,0
7,36,185,0
7,37,184,0
7,38,183,0
7,39,182,0
7,40,181,0
7,41,180,0
7,42,179,0
7,43,178,0
7,44,177,0
7,45,176,0
7,46,175,0
7,47,174,0
7,48,173,0
7,49,172,0
7,50,171,0
7,51,170,0
7,52,169,0
7,53,168,0
7,54,167,0
7,55,166,0
7,56,165,0
7,57,164,0
7,58,163,0
7,59,162,0
7,60,161,0
7,61,160,0
7,62,159,0
7,63,158,0
7,64,157,0
7,65,156,0
7,66,155,0
7,67,154,0
7,68,153,0
7,69,152,0
7,70,151,0
7,71,150,0
7,72,149,0
7,73,148,0
7,74,147,0
7,75,146,0
7,76,145,0
7,77,144,0
7,78,143,0
7,79,142,0
7,80,141,0
7,81,140,0
7,82,139,0
7,83,138,0
7,84,137,0
7,85,136,0
7,86,135,0
7,87,134,0
7,88,133,0
7,89,132,0
7,90,131,0
7,91,130,0
7,92,129,0
7,93,128,0
7,94,127,0
7,95,126,0
7,96,125,0
7,97,124,0
7,98,123,0
7,99,122,0
7,100,121,0
7,101,120,0
7,102,119,0
7,103,118,0
7,104,117,0
7,105,116,0
7,106,115,0
7,107,114,0
7,108,113,0
7,109,112,0
7,110,111,0
7,111,110,0
7,112,109,0
7,113,108,0
7,114,107,0
7,115,106,0
7,116,105,0
7,117,104,0
7,118,103,0
7,119,102,0
7,120,101,0
7,121,100,0
7,122,99,0
7,123,98,0
7,124,97,0
7,125,96,0
7,126,95,0
7,127,94,0
7,128,93,0
7,129,92,0
7,130,91,0
7,131,90,0
7,132,89,0
7,133,88,0
7,134,87,0
7,135,86,0
7,136,85,0
7,137,84,0
7,138,83,0
7,139,82,0
7,140,81,0
7,141,80,0
7,142,79,0
7,143,78,0
7,144,77,0
7,145,76,0
7,146,75,0
7,147,74,0
7,148,73,0
7,149,72,0
7,150,71,0
7,151,70,0
7,152,69,0
7,153,68,0
7,154,67,0
7,155,66,0
7,156,65,0
7,157,64,0
7,158,63,0
7,159,62,0
7,160,61,0
7,161,60,0
7,162,59,0
7,163,58,0
7,164,57,0
7,165,56,0
7,166,55,0
7,167,54,0
7,168,53,0
7,169,52,0
7,170,51,0
7,171,50,0
7,172,49,0
7,173,48,0
7,174,47,0
7,175,46,0
7,176,45,0
7,177,44,0
7,178,43,0
7,179,42,0
7,180,41,0
7,181,40,0
7,182,39,0
7,183,38,0
7,184,37,0
7,185,36,0
7,186,35,0
7,187,34,0
7,188,33,0
7,189,32,0
7,190,31,0
7,191,30,0
7,192,29,0
7,193,28,0
7,194,27,0
7,195,26,0
7,196,25,0
7,197,24,0
7,198,23,0
7,199,22,0
7,200,21,0
7,201,20,0
7,202,19,0
7,203,18,0
7,204,17,0
7,205,16,0
7,206,15,0
7,207,14,0
7,208,13,0
7,209,12,0
7,210,11,0
7,211,10,0
7,212,9,0
7,213,8,0
7,214,7,0
7,215,6,0
7,216,5,0
7,217,4,0
7,218,3,0
7,219,2,0
7,220,1,0
7,221,0,0
8,31,199,0
8,32,198,0
8,33,197,0
8,34,196,0
8,35,195,0
8,36,194,0
8,37,193,0
8,38,192,0
8,39,191,0
8,40,190,0
8,41,189,0
8,42,188,0
8,43,187,0
8,44,186,0
8,45,185,0
8,46,184,0
8,47,183,0
8,48,182,0
8,49,181,0
8,50,180,0
8,51,179,0
8,52,178,0
8,53,177,0
8,54,176,0
8,55,175,0
8,56,174,0
8,57,173,0
8,58,172,0
8,59,171,0
8,60,170,0
8,61,169,0
8,62,168,0
8,63,167,0
8,64,166,0
8,65,165,0
8,66,164,0
8,67,163,0
8,68,162,0
8,69,161,0
8,70,160,0
8,71,159,0
8,72,158,0
8,73,157,0
8,74,156,0
8,75,155,0
8,76,154,0
8,77,153,0
8,78,152,0
8,79,151,0
8,80,150,0
8,81,149,0
8,82,148,0
8,83,147,0
8,84,146,0
8,85,145,0
8,86,144,0
8,87,143,0
8,88,142,0
8,89,141,0
8,90,140,0
8,91,139,0
8,92,138,0
8,93,137,0
8,94,136,0
8,95,135,0
8,96,134,0
8,97,133,0
8,98,132,0
8,99,131,0
8,100,130,0
8,101,129,0
8,102,128,0
8,103,127,0
8,104,126,0
8,105,125,0
8,106,124,0
8,107,123,0
8,108,122,0
8,109,121,0
8,110,120,0
8,111,119,0
8,112,118,0
8,113,117,0
8,114,116,0
8,115,115,0
8,116,114,0
8,117,113,0
8,118,112,0
8,119,111,0
8,120,110,0
8,121,109,0
8,122,108,0
8,123,107,0
8,124,106,0
8,125,105,0
8,126,104,0
8,127,103,0
8,128,102,0
8,129,101,0
8,130,100,0
8,131,99,0
8,132,98,0
8,133,97,0
8,134,96,0
8,135,95,0
8,136,94,0
8,137,93,0
8,138,92,0
8,139,91,0
8,140,90,0
8,141,89,0
8,142,88,0
8,143,87,0
8,144,86,0
8,145,85,0
8,146,84,0
8,147,83,0
8,148,82,0
8,149,81,0
8,150,80,0
8,151,79,0
8,152,78,0
8,153,77,0
8,154,76,0
8,155,75,0
8,156,74,0
8,157,73,0
8,158,72,0
8,159,71,0
8,160,70,0
8,161,69,0
8,162,68,0
8,163,67,0
8,164,66,0
8,165,65,0
8,166,64,0
8,167,63,0
8,168,62,0
8,169,61,0
8,170,60,0
8,171,59,0
8,172,58,0
8,173,57,0
8,174,56,0
8,175,55,0
8,176,54,0
8,177,53,0
8,178,52,0
8,179,51,0
8,180,50,0
8,181,49,0
8,182,48,0
8,183,47,0
8,184,46,0
8,185,45,0
8,186,44,0
8,187,43,0
8,188,42,0
8,189,41,0
8,190,40,0
8,191,39,0
8,192,38,0
8,193,37,0
8,194,36,0
8,195,35,0
8,196,34,0
8,197,33,0
8,198,32,0
8,199,31,0
8,200,30,0
8,201,29,0
8,202,28,0
8,203,27,0
8,204,26,0
8,205,25,0
8,206,24,0
8,207,23,0
8,208,22,0
8,209,21,0
8,210,20,0
8,211,19,0
8,212,18,0
8,213,17,0
8,214,16,0
8,215,15,0
8,216,14,0
8,217,13,0
8,218,12,0
8,219,11,0
8,220,10,0
8,221,9,0
8,222,8,0
8,223,7,0
8,224,6,0
8,225,5,0
8,226,4,0
8,227,3,0
8,228,2,0
8,229,1,0
8,230,0,0
9,31,303,0
9,32,302,0
9,33,301,0
9,34,300,0
9,35,299,0
9,36,298,0
9,37,297,0
9,38,296,0
9,39,295,0
9,40,294,0
9,41,293,0
9,42,292,0
9,43,291,0
9,44,290,0
9,45,289,0
9,46,288,0
9,47,287,0
9,48,286,0
9,49,285,0
9,50,284,0
9,51,283,0
9,52,282,0
9,53,281,0
9,54,280,0
9,55,279,0
9,56,278,0
9,57,277,0
9,58,276,0
9,59,275,0
9,60,274,0
9,61,273,0
9,62,272,0
9,63,271,0
9,64,270,0
9,65,269,0
9,66,268,0
9,67,267,0
9,68,266,0
9,69,265,0
9,70,264,0
9,71,263,0
9,72,262,0
9,73,261,0
9,74,260,0
9,75,259,0
9,76,258,0
9,77,257,0
9,78,256,0
9,79,255,0
9,80,254,0
9,81,253,0
9,82,252,0
9,83,251,0
9,84,250,0
9,85,249,0
9,86,248,0
9,87,247,0
9,88,246,0
9,89,245,0
9,90,244,0
9,91,243,0
9,92,242,0
9,93,241,0
9,94,240,0
9,95,239,0
9,96,238,0
9,97,237,0
9,98,236,0
9,99,235,0
9,100,234,0
9,101,233,0
9,102,232,0
9,103,231,0
9,104,230,0
9,105,229,0
9,106,228,0
9,107,227,0
9,108,226,0
9,109,225,0
9,110,224,0
9,111,223,0
9,112,222,0
9,113,221,0
9,114,220,0
9,115,219,0
9,116,218,0
9,117,217,0
9,118,216,0
9,119,215,0
9,120,214,0
9,121,213,0
9,122,212,0
9,123,211,0
9,124,210,0
9,125,209,0
9,126,208,0
9,127,207,0
9,128,206,0
9,129,205,0
9,130,204,0
9,131,203,0
9,132,202,0
9,133,201,0
9,134,200,0
9,135,199,0
9,136,198,0
9,137,197,0
9,138,196,0
9,139,195,0
9,140,194,0
9,141,193,0
9,142,192,0
9,143,191,0
9,144,190,0
9,145,189,0
9,146,188,0
9,147,187,0
9,148,186,0
9,149,185,0
9,150,184,0
9,151,183,0
9,152,182,0
9,153,181,0
9,154,180,0
9,155,179,0
9,156,178,0
9,157,177,0
9,158,176,0
9,159,175,0
9,160,174,0
9,161,173,0
9,162,172,0
9,163,171,0
9,164,170,0
9,165,169,0
9,166,168,0
9,167,167,0
9,168,166,0
9,169,165,0
9,170,164,0
9,171,163,0
9,172,162,0
9,173,161,0
9,174,160,0
9,175,159,0
9,176,158,0
9,177,157,0
9,178,156,0
9,179,155,0
9,180,154,0
9,181,153,0
9,182,152,0
9,183,151,0
9,184,150,0
9,185,149,0
9,186,148,0
9,187,147,0
9,188,146,0
9,189,145,0
9,190,144,0
9,191,143,0
9,192,142,0
9,193,141,0
9,194,140,0
9,195,139,0
9,196,138,0
9,197,137,0
9,198,136,0
9,199,135,0
9,200,134,0
9,201,133,0
9,202,132,0
9,203,131,0
9,204,130,0
9,205,129,0
9,206,128,0
9,207,127,0
9,208,126,0
9,209,125,0
9,210,124,0
9,211,123,0
9,212,122,0
9,213,121,0
9,214,120,0
9,215,119,0
9,216,118,0
9,217,117,0
9,218,116,0
9,219,115,0
9,220,114,0
9,221,113,0
9,222,112,0
9,223,111,0
9,224,110,0
9,225,109,0
9,226,108,0
9,227,107,0
9,228,106,0
9,229,105,0
9,230,104,0
9,231,103,0
9,232,102,0
9,233,101,0
9,234,100,0
9,235,99,0
9,236,98,0
9,237,97,0
9,238,96,0
9,239,95,0
9,240,94,0
9,241,93,0
9,242,92,0
9,243,91,0
9,244,90,0
9,245,89,0
9,246,88,0
9,247,87,0
9,248,86,0
9,249,85,0
9,250,84,0
9,251,83,0
9,252,82,0
9,253,81,0
9,254,80,0
9,255,79,0
9,256,78,0
9,257,77,0
9,258,76,0
9,259,75,0
9,260,74,0
9,261,73,0
9,262,72,0
9,263,71,0
9,264,70,0
9,265,69,0
9,266,68,0
9,267,67,0
9,268,66,0
9,269,65,0
9,270,64,0
9,271,63,0
9,272,62,0
9,273,61,0
9,274,60,0
9,275,59,0
9,276,58,0
9,277,57,0
9,278,56,0
9,279,55,0
9,280,54,0
9,281,53,0
9,282,52,0
9,283,51,0
9,284,50,0
9,285,49,0
9,286,48,0
9,287,47,0
9,288,46,0
9,289,45,0
9,290,44,0
9,291,43,0
9,292,42,0
9,293,41,0
9,294,40,0
9,295,39,0
9,296,38,0
9,297,37,0
9,298,36,0
9,299,35,0
9,300,34,0
9,301,33,0
9,302,32,0
9,303,31,0
9,304,30,0
9,305,29,0
9,306,28,0
9,307,27,0
9,308,26,0
9,309,25,0
9,310,24,0
9,311,23,0
9,312,22,0
9,313,21,0
9,314,20,0
9,315,19,0
9,316,18,0
9,317,17,0
9,318,16,0
9,319,15,0
9,320,14,0
9,321,13,0
9,322,12,0
9,323,11,0
9,324,10,0
9,325,9,0
9,326,8,0
9,327,7,0
9,328,6,0
9,329,5,0
9,330,4,0
9,331,3,0
9,332,2,0
9,333,1,0
9,334,0,0
10,31,323,0
10,32,322,0
10,33,321,0
10,34,320,0
10,35,319,0
10,36,318,0
10,37,317,0
10,38,316,0
10,39,315,0
10,40,314,0
10,41,313,0
10,42,312,0
10,43,311,0
10,44,310,0
10,45,309,0
10,46,308,0
10,47,307,0
10,48,306,0
10,49,305,0
10,50,304,0
10,51,303,0
10,52,302,0
10,53,301,0
10,54,300,0
10,55,299,0
10,56,298,0
10,57,297,0
10,58,296,-1
10,59,295,0
10,60,294,0
10,61,293,0
10,62,292,0
10,63,291,0
10,64,290,0
10,65,289,0
10,66,288,0
10,67,287,0
10,68,286,0
10,69,285,0
10,70,284,0
10,71,283,0
10,72,282,0
10,73,281,0
10,74,280,0
10,75,279,0
10,76,278,0
10,77,277,0
10,78,276,0
10,79,275,0
10,80,274,0
10,81,273,0
10,82,272,0
10,83,271,0
10,84,270,0
10,85,269,0
10,86,268,0
10,87,267,0
10,88,266,0
10,89,265,0
10,90,264,0
10,91,263,0
10,92,262,0
10,93,261,0
10,94,260,0
10,95,259,0
10,96,258,0
10,97,257,0
10,98,256,0
10,99,255,0
10,100,254,0
10,101,253,0
10,102,252,0
10,103,251,0
10,104,250,0
10,105,249,0
10,106,248,0
10,107,247,0
10,108,246,0
10,109,245,0
10,110,244,0
10,111,243,0
10,112,242,0
10,113,241,0
10,114,240,0
10,115,239,0
10,116,238,0
10,117,237,0
10,118,236,0
10,119,235,0
10,120,234,0
10,121,233,0
10,122,232,0
10,123,231,0
10,124,230,0
10,125,229,0
10,126,228,0
10,127,227,0
10,128,226,0
10,129,225,0
10,130,224,0
10,131,223,0
10,132,222,0
10,133,221,0
10,134,220,0
10,135,219,0
10,136,218,0
10,137,217,0
10,138,216,0
10,139,215,0
10,140,214,0
10,141,213,0
10,142,212,0
10,143,211,0
10,144,210,0
10,145,209,0
10,146,208,0
10,147,207,0
10,148,206,0
10,149,205,0
10,150,204,0
10,151,203,0
10,152,202,0
10,153,201,0
10,154,200,0
10,155,199,0
10,156,198,0
10,157,197,0
10,158,196,0
10,159,195,0
10,160,194,0
10,161,193,0
10,162,192,0
10,163,191,0
10,164,190,0
10,165,189,0
10,166,188,0
10,167,187,0
10,168,186,0
10,169,185,0
10,170,184,0
10,171,183,0
10,172,182,0
10,173,181,0
10,174,180,0
10,175,179,0
10,176,178,0
10,177,177,0
10,178,176,0
10,179,175,0
10,180,174,0
10,181,173,0
10,182,172,0
10,183,171,0
10,184,170,0
10,185,169,0
10,186,168,0
10,187,167,0
10,188,166,0
10,189,165,0
10,190,164,0
10,191,163,0
10,192,162,0
10,193,161,0
10,194,160,0
10,195,159,0
10,196,158,0
10,197,157,0
10,198,156,0
10,199,155,0
10,200,154,0
10,201,153,0
10,202,152,0
10,203,151,0
10,204,150,0
10,205,149,0
10,206,148,0
10,207,147,0
10,208,146,0
10,209,145,0
10,210,144,0
10,211,143,0
10,212,142,0
10,213,141,0
10,214,140,0
10,215,139,0
10,216,138,0
10,217,137,0
10,218,136,0
10,219,135,0
10,220,134,0
10,221,133,0
10,222,132,0
10,223,131,0
10,224,130,0
10,225,129,0
10,226,128,0
10,227,127,0
10,228,126,0
10,229,125,0
10,230,124,0
10,231,123,0
10,232,122,0
10,233,121,0
10,234,120,0
10,235,119,0
10,236,118,0
10,237,117,0
10,238,116,0
10,239,115,0
10,240,114,0
10,241,113,0
10,242,112,0
10,243,111,0
10,244,110,0
10,245,109,0
10,246,108,0
10,247,107,0
10,248,106,0
10,249,105,0
10,250,104,0
10,251,103,0
10,252,102,0
10,253,101,0
10,254,100,0
10,255,99,0
10,256,98,0
10,257,97,0
10,258,96,0
10,259,95,0
10,260,94,0
10,261,93,0
10,262,92,0
10,263,91,0
10,264,90,0
10,265,89,0
10,266,88,0
10,267,87,0
10,268,86,0
10,269,85,0
10,270,84,0
10,271,83,0
10,272,82,0
10,273,81,0
10,274,80,0
10,275,79,0
10,276,78,0
10,277,77,0
10,278,76,0
10,279,75,0
10,280,74,0
10,281,73,0
10,282,72,0
10,283,71,0
10,284,70,0
10,285,69,0
10,286,68,0
10,287,67,0
10,288,66,0
10,289,65,0
10,290,64,0
10,291,63,0
10,292,62,0
10,293,61,0
10,294,60,0
10,295,59,0
10,296,58,0
10,297,57,0
10,298,56,0
10,299,55,0
10,300,54,0
10,301,53,0
10,302,52,0
10,303,51,0
10,304,50,0
10,305,49,0
10,306,48,0
10,307,47,0
10,308,46,0
10,309,45,0
10,310,44,0
10,311,43,0
10,312,42,0
10,313,41,0
10,314,40,0
10,315,39,0
10,316,38,0
10,317,37,0
10,318,36,0
10,319,35,0
10,320,34,0
10,321,33,0
10,322,32,0
10,323,31,0
10,324,30,0
10,325,29,0
10,326,28,0
10,327,27,0
10,328,26,0
10,329,25,0
10,330,24,0
10,331,23,0
10,332,22,0
10,333,21,0
10,334,20,0
10,335,19,0
10,336,18,0
10,337,17,0
10,338,16,0
10,339,15,0
10,340,14,0
10,341,13,0
10,342,12,0
10,343,11,0
10,344,10,0
10,345,9,0
10,346,8,0
10,347,7,0
10,348,6,0
10,349,5,0
10,350,4,0
10,351,3,0
10,352,2,0
10,353,1,0
10,354,0,-1
11,31,270,0
11,32,269,0
11,33,268,0
11,34,267,0
11,35,266,0
11,36,265,0
11,37,264,0
11,38,263,0
11,39,262,0
11,40,261,0
11,41,260,0
11,42,259,0
11,43,258,0
11,44,257,0
11,45,256,0
11,46,255,0
11,47,254,0
11,48,253,0
11,49,252,0
11,50,251,0
11,51,250,0
11,52,249,0
11,53,248,0
11,54,247,0
11,55,246,0
11,56,245,0
11,57,244,0
11,58,243,0
11,59,242,0
11,60,241,0
11,61,240,0
11,62,239,0
11,63,238,0
11,64,237,0
11,65,236,0
11,66,235,0
11,67,234,0
11,68,233,0
11,69,232,0
11,70,231,0
11,71,230,0
11,72,229,0
11,73,228,0
11,74,227,0
11,75,226,0
11,76,225,0
11,77,224,0
11,78,223,0
11,79,222,0
11,80,221,0
11,81,220,0
11,82,219,0
11,83,218,0
11,84,217,0
11,85,216,0
11,86,215,0
11,87,214,0
11,88,213,0
11,89,212,0
11,90,211,0
11,91,210,0
11,92,209,0
11,93,208,0
11,94,207,0
11,95,206,0
11,96,205,0
11,97,204,0
11,98,203,0
11,99,202,0
11,100,201,0
11,101,200,0
11,102,199,0
11,103,198,0
11,104,197,0
11,105,196,0
11,106,195,0
11,107,194,0
11,108,193,0
11,109,192,0
11,110,191,0
11,111,190,0
11,112,189,0
11,113,188,0
11,114,187,0
11,115,186,0
11,116,185,0
11,117,184,0
11,118,183,0
11,119,182,0
11,120,181,0
11,121,180,0
11,122,179,0
11,123,178,0
11,124,177,0
11,125,176,0
11,126,175,0
11,127,174,0
11,128,173,0
11,129,172,0
11,130,171,0
11,131,170,0
11,132,169,0
11,133,168,0
11,134,167,0
11,135,166,0
11,136,165,0
11,137,164,0
11,138,163,0
11,139,162,0
11,140,161,0
11,141,160,0
11,142,159,0
11,143,158,0
11,144,157,0
11,145,156,0
11,146,155,0
11,147,154,0
11,148,153,0
11,149,152,0
11,150,151,0
11,151,150,0
11,152,149,0
11,153,148,0
11,154,147,0
11,155,146,0
11,156,145,0
11,157,144,0
11,158,143,0
11,159,142,0
11,160,141,0
11,161,140,0
11,162,139,0
11,163,138,0
11,164,137,0
11,165,136,0
11,166,135,0
11,167,134,0
11,168,133,0
11,169,132,0
11,170,131,0
11,171,130,0
11,172,129,0
11,173,128,0
11,174,127,0
11,175,126,0
11,176,125,0
11,177,124,0
11,178,123,0
11,179,122,0
11,180,121,0
11,181,120,0
11,182,119,0
11,183,118,0
11,184,117,0
11,185,116,0
11,186,115,0
11,187,114,0
11,188,113,0
11,189,112,0
11,190,111,0
11,191,110,0
11,192,109,0
11,193,108,0
11,194,107,0
11,195,106,0
11,196,105,0
11,197,104,0
11,198,103,0
11,199,102,0
11,200,101,0
11,201,100,0
11,202,99,0
11,203,98,0
11,204,97,0
11,205,96,0
11,206,95,0
11,207,94,0
11,208,93,0
11,209,92,0
11,210,91,0
11,211,90,0
11,212,89,0
11,213,88,0
11,214,87,0
11,215,86,0
11,216,85,0
11,217,84,0
11,218,83,0
11,219,82,0
11,220,81,0
11,221,80,0
11,222,79,0
11,223,78,0
11,224,77,0
11,225,76,0
11,226,75,0
11,227,74,0
11,228,73,0
11,229,72,0
11,230,71,0
11,231,70,0
11,232,69,0
11,233,68,0
11,234,67,0
11,235,66,0
11,236,65,0
11,237,64,0
11,238,63,0
11,239,62,0
11,240,61,0
11,241,60,0
11,242,59,0
11,243,58,0
11,244,57,0
11,245,56,0
11,246,55,0
11,247,54,0
11,248,53,0
11,249,52,0
11,250,51,0
11,251,50,0
11,252,49,0
11,253,48,0
11,254,47,0
11,255,46,0
11,256,45,0
11,257,44,0
11,258,43,0
11,259,42,0
11,260,41,0
11,261,40,0
11,262,39,0
11,263,38,0
11,264,37,0
11,265,36,0
11,266,35,0
11,267,34,0
11,268,33,0
11,269,32,0
11,270,31,0
11,271,30,0
11,272,29,0
11,273,28,0
11,274,27,0
11,275,26,0
11,276,25,0
11,277,24,0
11,278,23,0
11,279,22,0
11,280,21,0
11,281,20,0
11,282,19,0
11,283,18,0
11,284,17,0
11,285,16,0
11,286,15,0
11,287,14,0
11,288,13,0
11,289,12,0
11,290,11,0
11,291,10,0
11,292,9,0
11,293,8,0
11,294,7,0
11,295,6,0
11,296,5,0
11,297,4,0
11,298,3,0
11,299,2,0
11,300,1,0
11,301,0,0
12,31,241,0
12,32,240,0
12,33,239,0
12,34,238,0
12,35,237,0
12,36,236,0
12,37,235,0
12,38,234,0
12,39,233,-1
12,40,232,0
12,41,231,0
12,42,230,0
12,43,229,0
12,44,228,0
12,45,227,0
12,46,226,0
12,47,225,0
12,48,224,0
12,49,223,0
12,50,222,0
12,51,221,0
12,52,220,0
12,53,219,0
12,54,218,0
12,55,217,0
12,56,216,0
12,57,215,0
12,58,214,0
12,59,213,0
12,60,212,0
12,61,211,-1
12,62,210,0
12,63,209,0
12,64,208,0
12,65,207,0
12,66,206,0
12,67,205,0
12,68,204,0
12,69,203,0
12,70,202,0
12,71,201,0
12,72,200,0
12,73,199,0
12,74,198,0
12,75,197,0
12,76,196,0
12,77,195,0
12,78,194,0
12,79,193,0
12,80,192,0
12,81,191,0
12,82,190,0
12,83,189,0
12,84,188,0
12,85,187,0
12,86,186,0
12,87,185,0
12,88,184,0
12,89,183,0
12,90,182,0
12,91,181,0
12,92,180,0
12,93,179,0
12,94,178,0
12,95,177,0
12,96,176,0
12,97,175,0
12,98,174,0
12,99,173,0
12,100,172,0
12,101,171,0
12,102,170,0
12,103,169,0
12,104,168,0
12,105,167,0
12,106,166,0
12,107,165,0
12,108,164,0
12,109,163,0
12,110,162,0
12,111,161,0
12,112,160,0
12,113,159,0
12,114,158,0
12,115,157,0
12,116,156,0
12,117,155,0
12,118,154,0
12,119,153,0
12,120,152,0
12,121,151,0
12,122,150,0
12,123,149,0
12,124,148,0
12,125,147,0
12,126,146,0
12,127,145,0
12,128,144,0
12,129,143,0
12,130,142,0
12,131,141,0
12,132,140,0
12,133,139,0
12,134,138,0
12,135,137,0
12,136,136,0
12,137,135,0
12,138,134,0
12,139,133,0
12,140,132,0
12,141,131,0
12,142,130,0
12,143,129,0
12,144,128,0
12,145,127,0
12,146,126,0
12,147,125,0
12,148,124,0
12,149,123,0
12,150,122,0
12,151,121,0
12,152,120,0
12,153,119,0
12,154,118,0
12,155,117,0
12,156,116,0
12,157,115,0
12,158,114,0
12,159,113,0
12,160,112,0
12,161,111,0
12,162,110,0
12,163,109,0
12,164,108,0
12,165,107,0
12,166,106,0
12,167,105,0
12,168,104,0
12,169,103,0
12,170,102,0
12,171,101,0
12,172,100,0
12,173,99,0
12,174,98,0
12,175,97,0
12,176,96,0
12,177,95,0
12,178,94,0
12,179,93,0
12,180,92,0
12,181,91,0
12,182,90,0
12,183,89,0
12,184,88,0
12,185,87,0
12,186,86,0
12,187,85,0
12,188,84,0
12,189,83,0
12,190,82,0
12,191,81,0
12,192,80,0
12,193,79,0
12,194,78,0
12,195,77,0
12,196,76,0
12,197,75,0
12,198,74,0
12,199,73,0
12,200,72,0
12,201,71,0
12,202,70,0
12,203,69,0
12,204,68,0
12,205,67,0
12,206,66,0
12,207,65,0
12,208,64,0
12,209,63,0
12,210,62,0
12,211,61,0
12,212,60,0
12,213,59,0
12,214,58,0
12,215,57,0
12,216,56,0
12,217,55,0
12,218,54,0
12,219,53,0
12,220,52,0
12,221,51,0
12,222,50,0
12,223,49,0
12,224,48,0
12,225,47,0
12,226,46,0
12,227,45,0
12,228,44,0
12,229,43,0
12,230,42,0
12,231,41,0
12,232,40,0
12,233,39,0
12,234,38,0
12,235,37,0
12,236,36,0
12,237,35,0
12,238,34,0
12,239,33,0
12,240,32,0
12,241,31,0
12,242,30,0
12,243,29,0
12,244,28,0
12,245,27,0
12,246,26,0
12,247,25,0
12,248,24,0
12,249,23,0
12,250,22,0
12,251,21,0
12,252,20,0
12,253,19,0
12,254,18,0
12,255,17,0
12,256,16,0
12,257,15,0
12,258,14,0
12,259,13,0
12,260,12,0
12,261,11,0
12,262,10,0
12,263,9,0
12,264,8,0
12,265,7,0
12,266,6,0
12,267,5,0
12,268,4,0
12,269,3,0
12,270,2,0
12,271,1,0
12,272,0,0
13,31,225,0
13,32,224,0
13,33,223,0
13,34,222,0
13,35,221,0
13,36,220,0
13,37,219,0
13,38,218,0
13,39,217,0
13,40,216,0
13,41,215,0
13,42,214,0
13,43,213,0
13,44,212,0
13,45,211,0
13,46,210,0
13,47,209,0
13,48,208,0
13,49,207,0
13,50,206,0
13,51,205,0
13,52,204,0
13,53,203,0
13,54,202,0
13,55,201,0
13,56,200,0
13,57,199,0
13,58,198,0
13,59,197,0
13,60,196,0
13,61,195,0
13,62,194,0
13,63,193,0
13,64,192,0
13,65,191,0
13,66,190,0
13,67,189,0
13,68,188,0
13,69,187,0
13,70,186,0
13,71,185,0
13,72,184,0
13,73,183,0
13,74,182,0
13,75,181,0
13,76,180,0
13,77,179,0
13,78,178,0
13,79,177,0
13,80,176,0
13,81,175,0
13,82,174,0
13,83,173,0
13,84,172,0
13,85,171,0
13,86,170,0
13,87,169,0
13,88,168,0
13,89,167,0
13,90,166,0
13,91,165,0
13,92,164,0
13,93,163,0
13,94,162,0
13,95,161,0
13,96,160,0
13,97,159,0
13,98,158,0
13,99,157,0
13,100,156,0
13,101,155,0
13,102,154,0
13,103,153,0
13,104,152,0
13,105,151,0
13,106,150,0
13,107,149,0
13,108,148,0
13,109,147,0
13,110,146,0
13,111,145,0
13,112,144,0
13,113,143,0
13,114,142,0
13,115,141,0
13,116,140,0
13,117,139,0
13,118,138,0
13,119,137,0
13,120,136,0
13,121,135,0
13,122,134,0
13,123,133,0
13,124,132,0
13,125,131,0
13,126,130,0
13,127,129,0
13,128,128,0
13,129,127,0
13,130,126,0
13,131,125,0
13,132,124,0
13,133,123,0
13,134,122,0
13,135,121,0
13,136,120,0
13,137,119,0
13,138,118,0
13,139,117,0
13,140,116,0
13,141,115,0
13,142,114,0
13,143,113,0
13,144,112,0
13,145,111,0
13,146,110,0
13,147,109,0
13,148,108,0
13,149,107,0
13,150,106,0
13,151,105,0
13,152,104,0
13,153,103,0
13,154,102,0
13,155,101,0
13,156,100,0
13,157,99,0
13,158,98,0
13,159,97,0
13,160,96,0
13,161,95,0
13,162,94,0
13,163,93,0
13,164,92,0
13,165,91,0
13,166,90,0
13,167,89,0
13,168,88,0
13,169,87,0
13,170,86,0
13,171,85,0
13,172,84,0
13,173,83,0
13,174,82,0
13,175,81,0
13,176,80,0
13,177,79,0
13,178,78,0
13,179,77,0
13,180,76,0
13,181,75,0
13,182,74,0
13,183,73,0
13,184,72,0
13,185,71,0
13,186,70,0
13,187,69,0
13,188,68,0
13,189,67,0
13,190,66,0
13,191,65,0
13,192,64,0
13,193,63,0
13,194,62,0
13,195,61,0
13,196,60,0
13,197,59,0
13,198,58,0
13,199,57,0
13,200,56,0
13,201,55,0
13,202,54,0
13,203,53,0
13,204,52,0
13,205,51,0
13,206,50,0
13,207,49,0
13,208,48,0
13,209,47,0
13,210,46,0
13,211,45,0
13,212,44,0
13,213,43,0
13,214,42,0
13,215,41,0
13,216,40,0
13,217,39,0
13,218,38,0
13,219,37,0
13,220,36,0
13,221,35,0
13,222,34,0
13,223,33,0
13,224,32,0
13,225,31,0
13,226,30,0
13,227,29,0
13,228,28,0
13,229,27,0
13,230,26,0
13,231,25,0
13,232,24,0
13,233,23,0
13,234,22,-1
13,235,21,0
13,236,20,-1
13,237,19,0
13,238,18,0
13,239,17,0
13,240,16,0
13,241,15,-1
13,242,14,0
13,243,13,0
13,244,12,0
13,245,11,0
13,246,10,0
13,247,9,-1
13,248,8,-1
13,249,7,0
13,250,6,0
13,251,5,-1
13,252,4,-1
13,253,3,-1
13,254,2,-1
13,255,1,-1
13,256,0,-1
14,31,222,0
14,32,221,0
14,33,220,0
14,34,219,0
14,35,218,0
14,36,217,0
14,37,216,0
14,38,215,0
14,39,214,0
14,40,213,0
14,41,212,0
14,42,211,0
14,43,210,0
14,44,209,0
14,45,208,0
14,46,207,0
14,47,206,0
14,48,205,0
14,49,204,0
14,50,203,0
14,51,202,0
14,52,201,0
14,53,200,0
14,54,199,0
14,55,198,0
14,56,197,0
14,57,196,0
14,58,195,0
14,59,194,0
14,60,193,0
14,61,192,0
14,62,191,0
14,63,190,0
14,64,189,0
14,65,188,0
14,66,187,0
14,67,186,0
14,68,185,0
14,69,184,0
14,70,183,0
14,71,182,0
14,72,181,0
14,73,180,0
14,74,179,0
14,75,178,0
14,76,177,0
14,77,176,0
14,78,175,0
14,79,174,0
14,80,173,0
14,81,172,0
14,82,171,0
14,83,170,0
14,84,169,0
14,85,168,0
14,86,167,0
14,87,166,0
14,88,165,0
14,89,164,0
14,90,163,0
14,91,162,0
14,92,161,0
14,93,160,0
14,94,159,0
14,95,158,0
14,96,157,0
14,97,156,0
14,98,155,0
14,99,154,0
14,100,153,0
14,101,152,0
14,102,151,0
14,103,150,0
14,104,149,0
14,105,148,0
14,106,147,0
14,107,146,0
14,108,145,0
14,109,144,0
14,110,143,0
14,111,142,0
14,112,141,0
14,113,140,0
14,114,139,0
14,115,138,0
14,116,137,0
14,117,136,0
14,118,135,0
14,119,134,0
14,120,133,0
14,121,132,0
14,122,131,0
14,123,130,0
14,124,129,0
14,125,128,0
14,126,127,0
14,127,126,0
14,128,125,0
14,129,124,0
14,130,123,0
14,131,122,0
14,132,121,0
14,133,120,0
14,134,119,0
14,135,118,0
14,136,117,0
14,137,116,0
14,138,115,0
14,139,114,0
14,140,113,0
14,141,112,0
14,142,111,0
14,143,110,0
14,144,109,0
14,145,108,0
14,146,107,0
14,147,106,0
14,148,105,0
14,149,104,0
14,150,103,0
14,151,102,0
14,152,101,0
14,153,100,0
14,154,99,0
14,155,98,0
14,156,97,0
14,157,96,0
14,158,95,0
14,159,94,0
14,160,93,0
14,161,92,0
14,162,91,0
14,163,90,0
14,164,89,0
14,165,88,0
14,166,87,0
14,167,86,0
14,168,85,0
14,169,84,0
14,170,83,0
14,171,82,0
14,172,81,0
14,173,80,0
14,174,79,0
14,175,78,0
14,176,77,0
14,177,76,0
14,178,75,0
14,179,74,0
14,180,73,0
14,181,72,0
14,182,71,0
14,183,70,0
14,184,69,0
14,185,68,0
14,186,67,0
14,187,66,0
14,188,65,0
14,189,64,0
14,190,63,0
14,191,62,0
14,192,61,0
14,193,60,0
14,194,59,0
14,195,58,0
14,196,57,0
14,197,56,0
14,198,55,0
14,199,54,0
14,200,53,0
14,201,52,0
14,202,51,0
14,203,50,0
14,204,49,0
14,205,48,0
14,206,47,0
14,207,46,0
14,208,45,0
14,209,44,0
14,210,43,0
14,211,42,0
14,212,41,0
14,213,40,0
14,214,39,0
14,215,38,0
14,216,37,0
14,217,36,0
14,218,35,0
14,219,34,0
14,220,33,0
14,221,32,0
14,222,31,0
14,223,30,0
14,224,29,0
14,225,28,0
14,226,27,0
14,227,26,0
14,228,25,0
14,229,24,0
14,230,23,0
14,231,22,0
14,232,21,0
14,233,20,0
14,234,19,0
14,235,18,0
14,236,17,0
14,237,16,0
14,238,15,0
14,239,14,0
14,240,13,0
14,241,12,0
14,242,11,0
14,243,10,0
14,244,9,0
14,245,8,0
14,246,7,0
14,247,6,0
14,248,5,0
14,249,4,0
14,250,3,0
14,251,2,0
14,252,1,0
14,253,0,0
15,31,193,0
15,32,192,0
15,33,191,0
15,34,190,0
15,35,189,0
15,36,188,0
15,37,187,0
15,38,186,0
15,39,185,0
15,40,184,0
15,41,183,0
15,42,182,0
15,43,181,0
15,44,180,0
15,45,179,0
15,46,178,0
15,47,177,0
15,48,176,0
15,49,175,0
15,50,174,0
15,51,173,0
15,52,172,0
15,53,171,0
15,54,170,0
15,55,169,0
15,56,168,0
15,57,167,0
15,58,166,0
15,59,165,0
15,60,164,0
15,61,163,0
15,62,162,0
15,63,161,0
15,64,160,0
15,65,159,0
15,66,158,0
15,67,157,0
15,68,156,0
15,69,155,0
15,70,154,0
15,71,153,0
15,72,152,0
15,73,151,0
15,74,150,0
15,75,149,0
15,76,148,0
15,77,147,0
15,78,146,0
15,79,145,0
15,80,144,0
15,81,143,0
15,82,142,0
15,83,141,0
15,84,140,0
15,85,139,0
15,86,138,0
15,87,137,0
15,88,136,0
15,89,135,0
15,90,134,0
15,91,133,0
15,92,132,0
15,93,131,0
15,94,130,0
15,95,129,0
15,96,128,0
15,97,127,0
15,98,126,0
15,99,125,0
15,100,124,0
15,101,123,0
15,102,122,0
15,103,121,0
15,104,120,0
15,105,119,0
15,106,118,0
15,107,117,0
15,108,116,0
15,109,115,0
15,110,114,0
15,111,113,0
15,112,112,0
15,113,111,0
15,114,110,0
15,115,109,0
15,116,108,0
15,117,107,0
15,118,106,0
15,119,105,0
15,120,104,0
15,121,103,0
15,122,102,0
15,123,101,0
15,124,100,0
15,125,99,0
15,126,98,0
15,127,97,0
15,128,96,0
15,129,95,0
15,130,94,0
15,131,93,0
15,132,92,0
15,133,91,0
15,134,90,0
15,135,89,0
15,136,88,0
15,137,87,0
15,138,86,0
15,139,85,0
15,140,84,0
15,141,83,0
15,142,82,0
15,143,81,0
15,144,80,0
15,145,79,0
15,146,78,0
15,147,77,0
15,148,76,0
15,149,75,0
15,150,74,0
15,151,73,0
15,152,72,0
15,153,71,0
15,154,70,0
15,155,69,0
15,156,68,0
15,157,67,0
15,158,66,0
15,159,65,0
15,160,64,0
15,161,63,0
15,162,62,0
15,163,61,0
15,164,60,0
15,165,59,0
15,166,58,0
15,167,57,0
15,168,56,0
15,169,55,0
15,170,54,0
15,171,53,0
15,172,52,0
15,173,51,0
15,174,50,0
15,175,49,0
15,176,48,0
15,177,47,0
15,178,46,0
15,179,45,0
15,180,44,0
15,181,43,0
15,182,42,0
15,183,41,0
15,184,40,0
15,185,39,0
15,186,38,0
15,187,37,0
15,188,36,0
15,189,35,0
15,190,34,0
15,191,33,0
15,192,32,0
15,193,31,0
15,194,30,0
15,195,29,0
15,196,28,0
15,197,27,0
15,198,26,0
15,199,25,0
15,200,24,0
15,201,23,0
15,202,22,0
15,203,21,0
15,204,20,0
15,205,19,0
15,206,18,0
15,207,17,0
15,208,16,0
15,209,15,0
15,210,14,0
15,211,13,0
15,212,12,0
15,213,11,0
15,214,10,0
15,215,9,0
15,216,8,0
15,217,7,0
15,218,6,0
15,219,5,0
15,220,4,0
15,221,3,0
15,222,2,0
15,223,1,0
15,224,0,0
16,31,153,0
16,32,152,0
16,33,151,0
16,34,150,0
16,35,149,0
16,36,148,0
16,37,147,0
16,38,146,0
16,39,145,0
16,40,144,0
16,41,143,0
16,42,142,0
16,43,141,0
16,44,140,0
16,45,139,0
16,46,138,0
16,47,137,0
16,48,136,0
16,49,135,0
16,50,134,0
16,51,133,0
16,52,132,0
16,53,131,0
16,54,130,0
16,55,129,0
16,56,128,0
16,57,127,0
16,58,126,0
16,59,125,0
16,60,124,0
16,61,123,0
16,62,122,0
16,63,121,0
16,64,120,0
16,65,119,0
16,66,118,0
16,67,117,0
16,68,116,0
16,69,115,0
16,70,114,0
16,71,113,0
16,72,112,0
16,73,111,0
16,74,110,0
16,75,109,0
16,76,108,0
16,77,107,0
16,78,106,0
16,79,105,0
16,80,104,0
16,81,103,0
16,82,102,0
16,83,101,0
16,84,100,0
16,85,99,0
16,86,98,0
16,87,97,0
16,88,96,0
16,89,95,0
16,90,94,0
16,91,93,0
16,92,92,0
16,93,91,0
16,94,90,0
16,95,89,0
16,96,88,0
16,97,87,0
16,98,86,0
16,99,85,0
16,100,84,0
16,101,83,0
16,102,82,0
16,103,81,0
16,104,80,0
16,105,79,0
16,106,78,0
16,107,77,0
16,108,76,0
16,109,75,0
16,110,74,0
16,111,73,0
16,112,72,0
16,113,71,0
16,114,70,0
16,115,69,0
16,116,68,0
16,117,67,0
16,118,66,0
16,119,65,0
16,120,64,0
16,121,63,0
16,122,62,0
16,123,61,0
16,124,60,0
16,125,59,0
16,126,58,0
16,127,57,0
16,128,56,0
16,129,55,0
16,130,54,0
16,131,53,0
16,132,52,0
16,133,51,0
16,134,50,0
16,135,49,0
16,136,48,0
16,137,47,0
16,138,46,0
16,139,45,0
16,140,44,0
16,141,43,0
16,142,42,0
16,143,41,0
16,144,40,0
16,145,39,0
16,146,38,0
16,147,37,0
16,148,36,0
16,149,35,0
16,150,34,0
16,151,33,0
16,152,32,0
16,153,31,0
16,154,30,0
16,155,29,0
16,156,28,0
16,157,27,0
16,158,26,0
16,159,25,0
16,160,24,0
16,161,23,0
16,162,22,0
16,163,21,0
16,164,20,0
16,165,19,0
16,166,18,0
16,167,17,0
16,168,16,0
16,169,15,0
16,170,14,0
16,171,13,0
16,172,12,0
16,173,11,0
16,174,10,0
16,175,9,0
16,176,8,0
16,177,7,0
16,178,6,0
16,179,5,0
16,180,4,-1
16,181,3,0
16,182,2,0
16,183,1,-1
16,184,0,0
17,31,120,0
17,32,119,0
17,33,118,0
17,34,117,0
17,35,116,0
17,36,115,0
17,37,114,0
17,38,113,0
17,39,112,0
17,40,111,0
17,41,110,0
17,42,109,0
17,43,108,0
17,44,107,0
17,45,106,0
17,46,105,0
17,47,104,0
17,48,103,0
17,49,102,0
17,50,101,0
17,51,100,0
17,52,99,0
17,53,98,0
17,54,97,0
17,55,96,0
17,56,95,0
17,57,94,0
17,58,93,0
17,59,92,0
17,60,91,0
17,61,90,0
17,62,89,0
17,63,88,0
17,64,87,0
17,65,86,0
17,66,85,0
17,67,84,0
17,68,83,0
17,69,82,0
17,70,81,0
17,71,80,0
17,72,79,0
17,73,78,0
17,74,77,0
17,75,76,0
17,76,75,0
17,77,74,0
17,78,73,0
17,79,72,0
17,80,71,0
17,81,70,0
17,82,69,0
17,83,68,0
17,84,67,0
17,85,66,0
17,86,65,0
17,87,64,0
17,88,63,0
17,89,62,0
17,90,61,0
17,91,60,0
17,92,59,0
17,93,58,0
17,94,57,0
17,95,56,0
17,96,55,0
17,97,54,0
17,98,53,0
17,99,52,0
17,100,51,0
17,101,50,0
17,102,49,0
17,103,48,0
17,104,47,0
17,105,46,0
17,106,45,0
17,107,44,0
17,108,43,0
17,109,42,0
17,110,41,0
17,111,40,0
17,112,39,0
17,113,38,0
17,114,37,0
17,115,36,0
17,116,35,0
17,117,34,0
17,118,33,0
17,119,32,0
17,120,31,0
17,121,30,0
17,122,29,0
17,123,28,0
17,124,27,0
17,125,26,0
17,126,25,0
17,127,24,0
17,128,23,0
17,129,22,0
17,130,21,0
17,131,20,0
17,132,19,0
17,133,18,0
17,134,17,0
17,135,16,0
17,136,15,0
17,137,14,0
17,138,13,0
17,139,12,0
17,140,11,0
17,141,10,0
17,142,9,0
17,143,8,0
17,144,7,0
17,145,6,-1
17,146,5,-1
17,147,4,-1
17,148,3,0
17,149,2,-1
17,150,1,-1
17,151,0,-1
18,31,312,0
18,32,311,0
18,33,310,0
18,34,309,0
18,35,308,0
18,36,307,0
18,37,306,0
18,38,305,0
18,39,304,0
18,40,303,0
18,41,302,0
18,42,301,0
18,43,300,0
18,44,299,0
18,45,298,0
18,46,297,0
18,47,296,0
18,48,295,0
18,49,294,0
18,50,293,0
18,51,292,0
18,52,291,0
18,53,290,0
18,54,289,0
18,55,288,0
18,56,287,0
18,57,286,0
18,58,285,0
18,59,284,0
18,60,283,0
18,61,282,0
18,62,281,0
18,63,280,0
18,64,279,0
18,65,278,0
18,66,277,0
18,67,276,0
18,68,275,0
18,69,274,0
18,70,273,0
18,71,272,0
18,72,271,0
18,73,270,0
18,74,269,0
18,75,268,0
18,76,267,0
18,77,266,0
18,78,265,0
18,79,264,0
18,80,263,0
18,81,262,0
18,82,261,0
18,83,260,0
18,84,259,0
18,85,258,0
18,86,257,0
18,87,256,0
18,88,255,0
18,89,254,0
18,90,253,0
18,91,252,0
18,92,251,0
18,93,250,0
18,94,249,0
18,95,248,0
18,96,247,0
18,97,246,0
18,98,245,0
18,99,244,0
18,100,243,0
18,101,242,0
18,102,241,0
18,103,240,0
18,104,239,0
18,105,238,0
18,106,237,0
18,107,236,0
18,108,235,0
18,109,234,0
18,110,233,0
18,111,232,0
18,112,231,0
18,113,230,0
18,114,229,0
18,115,228,0
18,116,227,0
18,117,226,0
18,118,225,0
18,119,224,0
18,120,223,0
18,121,222,0
18,122,221,0
18,123,220,0
18,124,219,0
18,125,218,0
18,126,217,0
18,127,216,0
18,128,215,0
18,129,214,0
18,130,213,0
18,131,212,0
18,132,211,0
18,133,210,0
18,134,209,0
18,135,208,0
18,136,207,0
18,137,206,0
18,138,205,0
18,139,204,0
18,140,203,0
18,141,202,0
18,142,201,0
18,143,200,0
18,144,199,0
18,145,198,0
18,146,197,0
18,147,196,0
18,148,195,0
18,149,194,0
18,150,193,0
18,151,192,0
18,152,191,0
18,153,190,0
18,154,189,0
18,155,188,0
18,156,187,0
18,157,186,0
18,158,185,0
18,159,184,0
18,160,183,0
18,161,182,0
18,162,181,0
18,163,180,0
18,164,179,0
18,165,178,0
18,166,177,0
18,167,176,0
18,168,175,0
18,169,174,0
18,170,173,0
18,171,172,0
18,172,171,0
18,173,170,0
18,174,169,0
18,175,168,0
18,176,167,0
18,177,166,0
18,178,165,0
18,179,164,0
18,180,163,0
18,181,162,0
18,182,161,0
18,183,160,0
18,184,159,0
18,185,158,0
18,186,157,0
18,187,156,0
18,188,155,0
18,189,154,0
18,190,153,0
18,191,152,0
18,192,151,0
18,193,150,0
18,194,149,0
18,195,148,0
18,196,147,0
18,197,146,0
18,198,145,0
18,199,144,0
18,200,143,0
18,201,142,0
18,202,141,0
18,203,140,0
18,204,139,0
18,205,138,0
18,206,137,0
18,207,136,0
18,208,135,0
18,209,134,0
18,210,133,0
18,211,132,0
18,212,131,0
18,213,130,0
18,214,129,0
18,215,128,0
18,216,127,0
18,217,126,0
18,218,125,0
18,219,124,0
18,220,123,0
18,221,122,0
18,222,121,0
18,223,120,0
18,224,119,0
18,225,118,0
18,226,117,0
18,227,116,0
18,228,115,0
18,229,114,0
18,230,113,0
18,231,112,0
18,232,111,0
18,233,110,0
18,234,109,0
18,235,108,0
18,236,107,0
18,237,106,0
18,238,105,0
18,239,104,0
18,240,103,0
18,241,102,0
18,242,101,0
18,243,100,0
18,244,99,0
18,245,98,0
18,246,97,0
18,247,96,0
18,248,95,0
18,249,94,0
18,250,93,0
18,251,92,0
18,252,91,0
18,253,90,0
18,254,89,0
18,255,88,0
18,256,87,0
18,257,86,0
18,258,85,0
18,259,84,0
18,260,83,0
18,261,82,0
18,262,81,0
18,263,80,0
18,264,79,0
18,265,78,0
18,266,77,0
18,267,76,0
18,268,75,0
18,269,74,0
18,270,73,0
18,271,72,0
18,272,71,0
18,273,70,0
18,274,69,0
18,275,68,0
18,276,67,0
18,277,66,0
18,278,65,0
18,279,64,0
18,280,63,0
18,281,62,0
18,282,61,0
18,283,60,0
18,284,59,0
18,285,58,0
18,286,57,0
18,287,56,0
18,288,55,0
18,289,54,0
18,290,53,0
18,291,52,0
18,292,51,0
18,293,50,0
18,294,49,0
18,295,48,0
18,296,47,0
18,297,46,0
18,298,45,0
18,299,44,0
18,300,43,0
18,301,42,0
18,302,41,0
18,303,40,0
18,304,39,0
18,305,38,0
18,306,37,0
18,307,36,0
18,308,35,0
18,309,34,0
18,310,33,0
18,311,32,0
18,312,31,0
18,313,30,0
18,314,29,0
18,315,28,0
18,316,27,0
18,317,26,0
18,318,25,0
18,319,24,0
18,320,23,0
18,321,22,0
18,322,21,0
18,323,20,0
18,324,19,0
18,325,18,0
18,326,17,0
18,327,16,0
18,328,15,0
18,329,14,0
18,330,13,0
18,331,12,0
18,332,11,0
18,333,10,0
18,334,9,0
18,335,8,0
18,336,7,0
18,337,6,0
18,338,5,0
18,339,4,0
18,340,3,0
18,341,2,0
18,342,1,0
18,343,0,0
19,31,179,0
19,32,178,0
19,33,177,0
19,34,176,0
19,35,175,0
19,36,174,0
19,37,173,0
19,38,172,0
19,39,171,0
19,40,170,0
19,41,169,0
19,42,168,0
19,43,167,0
19,44,166,0
19,45,165,0
19,46,164,0
19,47,163,0
19,48,162,0
19,49,161,0
19,50,160,0
19,51,159,0
19,52,158,0
19,53,157,0
19,54,156,0
19,55,155,0
19,56,154,0
19,57,153,0
19,58,152,0
19,59,151,0
19,60,150,0
19,61,149,0
19,62,148,0
19,63,147,0
19,64,146,0
19,65,145,0
19,66,144,0
19,67,143,0
19,68,142,0
19,69,141,0
19,70,140,0
19,71,139,0
19,72,138,0
19,73,137,0
19,74,136,0
19,75,135,0
19,76,134,0
19,77,133,0
19,78,132,0
19,79,131,0
19,80,130,0
19,81,129,0
19,82,128,0
19,83,127,0
19,84,126,0
19,85,125,0
19,86,124,0
19,87,123,0
19,88,122,0
19,89,121,0
19,90,120,0
19,91,119,0
19,92,118,0
19,93,117,0
19,94,116,0
19,95,115,0
19,96,114,0
19,97,113,0
19,98,112,0
19,99,111,0
19,100,110,0
19,101,109,0
19,102,108,0
19,103,107,0
19,104,106,0
19,105,105,0
19,106,104,0
19,107,103,0
19,108,102,0
19,109,101,0
19,110,100,0
19,111,99,0
19,112,98,0
19,113,97,0
19,114,96,0
19,115,95,0
19,116,94,0
19,117,93,0
19,118,92,0
19,119,91,0
19,120,90,0
19,121,89,0
19,122,88,0
19,123,87,0
19,124,86,0
19,125,85,0
19,126,84,0
19,127,83,0
19,128,82,0
19,129,81,0
19,130,80,0
19,131,79,0
19,132,78,0
19,133,77,0
19,134,76,0
19,135,75,0
19,136,74,0
19,137,73,0
19,138,72,0
19,139,71,0
19,140,70,0
19,141,69,0
19,142,68,0
19,143,67,0
19,144,66,0
19,145,65,0
19,146,64,0
19,147,63,0
19,148,62,0
19,149,61,0
19,150,60,0
19,151,59,0
19,152,58,0
19,153,57,0
19,154,56,0
19,155,55,0
19,156,54,0
19,157,53,0
19,158,52,0
19,159,51,0
19,160,50,0
19,161,49,0
19,162,48,0
19,163,47,0
19,164,46,0
19,165,45,0
19,166,44,0
19,167,43,0
19,168,42,0
19,169,41,0
19,170,40,0
19,171,39,0
19,172,38,0
19,173,37,0
19,174,36,0
19,175,35,0
19,176,34,0
19,177,33,0
19,178,32,0
19,179,31,0
19,180,30,0
19,181,29,0
19,182,28,0
19,183,27,0
19,184,26,0
19,185,25,0
19,186,24,0
19,187,23,0
19,188,22,0
19,189,21,0
19,190,20,0
19,191,19,0
19,192,18,0
19,193,17,0
19,194,16,0
19,195,15,0
19,196,14,0
19,197,13,0
19,198,12,0
19,199,11,0
19,200,10,0
19,201,9,0
19,202,8,0
19,203,7,0
19,204,6,0
19,205,5,0
19,206,4,0
19,207,3,0
19,208,2,0
19,209,1,0
19,210,0,0
20,31,214,0
20,32,213,0
20,33,212,0
20,34,211,0
20,35,210,0
20,36,209,0
20,37,208,0
20,38,207,0
20,39,206,0
20,40,205,0
20,41,204,0
20,42,203,0
20,43,202,0
20,44,201,0
20,45,200,0
20,46,199,0
20,47,198,0
20,48,197,0
20,49,196,0
20,50,195,0
20,51,194,0
20,52,193,0
20,53,192,0
20,54,191,0
20,55,190,0
20,56,189,0
20,57,188,0
20,58,187,0
20,59,186,0
20,60,185,0
20,61,184,0
20,62,183,0
20,63,182,0
20,64,181,0
20,65,180,0
20,66,179,0
20,67,178,0
20,68,177,0
20,69,176,0
20,70,175,0
20,71,174,0
20,72,173,0
20,73,172,0
20,74,171,0
20,75,170,0
20,76,169,0
20,77,168,0
20,78,167,0
20,79,166,0
20,80,165,0
20,81,164,0
20,82,163,0
20,83,162,0
20,84,161,0
20,85,160,0
20,86,159,0
20,87,158,0
20,88,157,0
20,89,156,0
20,90,155,0
20,91,154,0
20,92,153,0
20,93,152,0
20,94,151,0
20,95,150,0
20,96,149,0
20,97,148,0
20,98,147,0
20,99,146,0
20,100,145,0
20,101,144,0
20,102,143,0
20,103,142,0
20,104,141,0
20,105,140,0
20,106,139,0
20,107,138,0
20,108,137,0
20,109,136,0
20,110,135,0
20,111,134,0
20,112,133,0
20,113,132,0
20,114,131,0
20,115,130,0
20,116,129,0
20,117,128,0
20,118,127,0
20,119,126,0
20,120,125,0
20,121,124,0
20,122,123,0
20,123,122,0
20,124,121,0
20,125,120,0
20,126,119,0
20,127,118,0
20,128,117,0
20,129,116,0
20,130,115,0
20,131,114,0
20,132,113,0
20,133,112,0
20,134,111,0
20,135,110,0
20,136,109,0
20,137,108,0
20,138,107,0
20,139,106,0
20,140,105,0
20,141,104,0
20,142,103,0
20,143,102,0
20,144,101,0
20,145,100,0
20,146,99,0
20,147,98,0
20,148,97,0
20,149,96,0
20,150,95,0
20,151,94,0
20,152,93,0
20,153,92,0
20,154,91,0
20,155,90,0
20,156,89,0
20,157,88,0
20,158,87,0
20,159,86,0
20,160,85,0
20,161,84,0
20,162,83,0
20,163,82,0
20,164,81,0
20,165,80,0
20,166,79,0
20,167,78,0
20,168,77,0
20,169,76,0
20,170,75,0
20,171,74,0
20,172,73,0
20,173,72,0
20,174,71,0
20,175,70,0
20,176,69,0
20,177,68,0
20,178,67,0
20,179,66,0
20,180,65,0
20,181,64,0
20,182,63,0
20,183,62,0
20,184,61,0
20,185,60,0
20,186,59,0
20,187,58,0
20,188,57,0
20,189,56,0
20,190,55,0
20,191,54,0
20,192,53,0
20,193,52,0
20,194,51,0
20,195,50,0
20,196,49,0
20,197,48,0
20,198,47,0
20,199,46,0
20,200,45,0
20,201,44,0
20,202,43,0
20,203,42,0
20,204,41,0
20,205,40,0
20,206,39,0
20,207,38,0
20,208,37,0
20,209,36,0
20,210,35,0
20,211,34,0
20,212,33,0
20,213,32,0
20,214,31,0
20,215,30,0
20,216,29,0
20,217,28,0
20,218,27,0
20,219,26,0
20,220,25,0
20,221,24,0
20,222,23,0
20,223,22,0
20,224,21,0
20,225,20,0
20,226,19,0
20,227,18,0
20,228,17,0
20,229,16,0
20,230,15,0
20,231,14,0
20,232,13,0
20,233,12,0
20,234,11,0
20,235,10,0
20,236,9,0
20,237,8,0
20,238,7,0
20,239,6,0
20,240,5,0
20,241,4,0
20,242,3,0
20,243,2,0
20,244,1,0
20,245,0,0
21,31,196,0
21,32,195,0
21,33,194,0
21,34,193,0
21,35,192,0
21,36,191,0
21,37,190,0
21,38,189,0
21,39,188,0
21,40,187,0
21,41,186,0
21,42,185,0
21,43,184,0
21,44,183,0
21,45,182,0
21,46,181,0
21,47,180,0
21,48,179,0
21,49,178,0
21,50,177,0
21,51,176,0
21,52,175,0
21,53,174,0
21,54,173,0
21,55,172,0
21,56,171,0
21,57,170,0
21,58,169,0
21,59,168,0
21,60,167,0
21,61,166,0
21,62,165,0
21,63,164,0
21,64,163,0
21,65,162,0
21,66,161,0
21,67,160,0
21,68,159,0
21,69,158,0
21,70,157,0
21,71,156,0
21,72,155,0
21,73,154,0
21,74,153,0
21,75,152,0
21,76,151,0
21,77,150,0
21,78,149,0
21,79,148,0
21,80,147,0
21,81,146,0
21,82,145,0
21,83,144,0
21,84,143,0
21,85,142,0
21,86,141,0
21,87,140,0
21,88,139,0
21,89,138,0
21,90,137,0
21,91,136,0
21,92,135,0
21,93,134,0
21,94,133,0
21,95,132,0
21,96,131,0
21,97,130,0
21,98,129,0
21,99,128,0
21,100,127,0
21,101,126,0
21,102,125,0
21,103,124,0
21,104,123,0
21,105,122,0
21,106,121,0
21,107,120,0
21,108,119,0
21,109,118,0
21,110,117,0
21,111,116,0
21,112,115,0
21,113,114,0
21,114,113,0
21,115,112,0
21,116,111,0
21,117,110,0
21,118,109,0
21,119,108,0
21,120,107,0
21,121,106,0
21,122,105,0
21,123,104,0
21,124,103,0
21,125,102,0
21,126,101,0
21,127,100,0
21,128,99,0
21,129,98,0
21,130,97,0
21,131,96,0
21,132,95,0
21,133,94,0
21,134,93,0
21,135,92,0
21,136,91,0
21,137,90,0
21,138,89,0
21,139,88,0
21,140,87,0
21,141,86,0
21,142,85,0
21,143,84,0
21,144,83,0
21,145,82,0
21,146,81,0
21,147,80,0
21,148,79,0
21,149,78,0
21,150,77,0
21,151,76,0
21,152,75,0
21,153,74,0
21,154,73,0
21,155,72,0
21,156,71,0
21,157,70,0
21,158,69,0
21,159,68,0
21,160,67,0
21,161,66,0
21,162,65,0
21,163,64,0
21,164,63,0
21,165,62,0
21,166,61,0
21,167,60,0
21,168,59,0
21,169,58,0
21,170,57,0
21,171,56,0
21,172,55,0
21,173,54,0
21,174,53,0
21,175,52,0
21,176,51,0
21,177,50,0
21,178,49,0
21,179,48,0
21,180,47,0
21,181,46,0
21,182,45,0
21,183,44,0
21,184,43,0
21,185,42,0
21,186,41,0
21,187,40,0
21,188,39,0
21,189,38,0
21,190,37,0
21,191,36,0
21,192,35,0
21,193,34,0
21,194,33,0
21,195,32,0
21,196,31,0
21,197,30,0
21,198,29,0
21,199,28,0
21,200,27,0
21,201,26,0
21,202,25,0
21,203,24,0
21,204,23,0
21,205,22,0
21,206,21,0
21,207,20,0
21,208,19,0
21,209,18,0
21,210,17,0
21,211,16,0
21,212,15,0
21,213,14,0
21,214,13,0
21,215,12,0
21,216,11,0
21,217,10,0
21,218,9,0
21,219,8,0
21,220,7,0
21,221,6,0
21,222,5,0
21,223,4,0
21,224,3,0
21,225,2,0
21,226,1,0
21,227,0,0
22,31,180,0
22,32,179,0
22,33,178,0
22,34,177,0
22,35,176,0
22,36,175,0
22,37,174,0
22,38,173,0
22,39,172,0
22,40,171,0
22,41,170,0
22,42,169,0
22,43,168,0
22,44,167,0
22,45,166,0
22,46,165,0
22,47,164,0
22,48,163,0
22,49,162,0
22,50,161,0
22,51,160,0
22,52,159,0
22,53,158,0
22,54,157,0
22,55,156,0
22,56,155,0
22,57,154,0
22,58,153,0
22,59,152,0
22,60,151,0
22,61,150,0
22,62,149,0
22,63,148,0
22,64,147,0
22,65,146,0
22,66,145,0
22,67,144,0
22,68,143,0
22,69,142,0
22,70,141,0
22,71,140,0
22,72,139,0
22,73,138,0
22,74,137,0
22,75,136,0
22,76,135,0
22,77,134,0
22,78,133,0
22,79,132,0
22,80,131,0
22,81,130,0
22,82,129,0
22,83,128,0
22,84,127,0
22,85,126,0
22,86,125,0
22,87,124,0
22,88,123,0
22,89,122,0
22,90,121,0
22,91,120,0
22,92,119,0
22,93,118,0
22,94,117,0
22,95,116,0
22,96,115,0
22,97,114,0
22,98,113,0
22,99,112,0
22,100,111,0
22,101,110,0
22,102,109,0
22,103,108,0
22,104,107,0
22,105,106,0
22,106,105,0
22,107,104,0
22,108,103,0
22,109,102,0
22,110,101,0
22,111,100,0
22,112,99,0
22,113,98,0
22,114,97,0
22,115,96,0
22,116,95,0
22,117,94,0
22,118,93,0
22,119,92,0
22,120,91,0
22,121,90,0
22,122,89,0
22,123,88,0
22,124,87,0
22,125,86,0
22,126,85,0
22,127,84,0
22,128,83,0
22,129,82,0
22,130,81,0
22,131,80,0
22,132,79,0
22,133,78,0
22,134,77,0
22,135,76,0
22,136,75,0
22,137,74,0
22,138,73,0
22,139,72,0
22,140,71,0
22,141,70,0
22,142,69,0
22,143,68,0
22,144,67,0
22,145,66,0
22,146,65,0
22,147,64,0
22,148,63,0
22,149,62,0
22,150,61,0
22,151,60,0
22,152,59,0
22,153,58,0
22,154,57,0
22,155,56,0
22,156,55,0
22,157,54,0
22,158,53,0
22,159,52,0
22,160,51,0
22,161,50,0
22,162,49,0
22,163,48,0
22,164,47,0
22,165,46,0
22,166,45,0
22,167,44,0
22,168,43,0
22,169,42,0
22,170,41,0
22,171,40,0
22,172,39,0
22,173,38,0
22,174,37,0
22,175,36,0
22,176,35,0
22,177,34,0
22,178,33,0
22,179,32,0
22,180,31,0
22,181,30,0
22,182,29,0
22,183,28,0
22,184,27,0
22,185,26,0
22,186,25,0
22,187,24,0
22,188,23,0
22,189,22,0
22,190,21,0
22,191,20,0
22,192,19,0
22,193,18,0
22,194,17,-1
22,195,16,-1
22,196,15,0
22,197,14,-1
22,198,13,-1
22,199,12,-1
22,200,11,-1
22,201,10,-1
22,202,9,-1
22,203,8,-1
22,204,7,-1
22,205,6,-1
22,206,5,-1
22,207,4,-1
22,208,3,-1
22,209,2,-1
22,210,1,-1
22,211,0,-1
23,31,249,0
23,32,248,0
23,33,247,0
23,34,246,0
23,35,245,0
23,36,244,0
23,37,243,0
23,38,242,0
23,39,241,0
23,40,240,0
23,41,239,0
23,42,238,0
23,43,237,0
23,44,236,0
23,45,235,0
23,46,234,0
23,47,233,0
23,48,232,0
23,49,231,0
23,50,230,0
23,51,229,0
23,52,228,0
23,53,227,0
23,54,226,0
23,55,225,0
23,56,224,0
23,57,223,0
23,58,222,0
23,59,221,0
23,60,220,0
23,61,219,0
23,62,218,0
23,63,217,0
23,64,216,0
23,65,215,0
23,66,214,0
23,67,213,0
23,68,212,0
23,69,211,0
23,70,210,0
23,71,209,0
23,72,208,0
23,73,207,0
23,74,206,0
23,75,205,0
23,76,204,0
23,77,203,0
23,78,202,0
23,79,201,0
23,80,200,0
23,81,199,0
23,82,198,0
23,83,197,0
23,84,196,0
23,85,195,0
23,86,194,0
23,87,193,0
23,88,192,0
23,89,191,0
23,90,190,0
23,91,189,0
23,92,188,0
23,93,187,0
23,94,186,0
23,95,185,0
23,96,184,0
23,97,183,0
23,98,182,0
23,99,181,0
23,100,180,0
23,101,179,0
23,102,178,0
23,103,177,0
23,104,176,0
23,105,175,0
23,106,174,0
23,107,173,0
23,108,172,0
23,109,171,0
23,110,170,0
23,111,169,0
23,112,168,0
23,113,167,0
23,114,166,0
23,115,165,0
23,116,164,0
23,117,163,0
23,118,162,0
23,119,161,0
23,120,160,0
23,121,159,0
23,122,158,0
23,123,157,0
23,124,156,0
23,125,155,0
23,126,154,0
23,127,153,0
23,128,152,0
23,129,151,0
23,130,150,0
23,131,149,0
23,132,148,0
23,133,147,0
23,134,146,0
23,135,145,0
23,136,144,0
23,137,143,0
23,138,142,0
23,139,141,0
23,140,140,0
23,141,139,0
23,142,138,0
23,143,137,0
23,144,136,0
23,145,135,0
23,146,134,0
23,147,133,0
23,148,132,0
23,149,131,0
23,150,130,0
23,151,129,0
23,152,128,0
23,153,127,0
23,154,126,0
23,155,125,0
23,156,124,0
23,157,123,0
23,158,122,0
23,159,121,0
23,160,120,0
23,161,119,0
23,162,118,0
23,163,117,0
23,164,116,0
23,165,115,0
23,166,114,0
23,167,113,0
23,168,112,0
23,169,111,0
23,170,110,0
23,171,109,0
23,172,108,0
23,173,107,0
23,174,106,0
23,175,105,0
23,176,104,0
23,177,103,0
23,178,102,0
23,179,101,0
23,180,100,0
23,181,99,0
23,182,98,0
23,183,97,0
23,184,96,0
23,185,95,0
23,186,94,0
23,187,93,0
23,188,92,0
23,189,91,0
23,190,90,0
23,191,89,0
23,192,88,0
23,193,87,0
23,194,86,0
23,195,85,0
23,196,84,0
23,197,83,0
23,198,82,0
23,199,81,0
23,200,80,0
23,201,79,0
23,202,78,0
23,203,77,0
23,204,76,0
23,205,75,0
23,206,74,0
23,207,73,0
23,208,72,0
23,209,71,0
23,210,70,0
23,211,69,0
23,212,68,0
23,213,67,0
23,214,66,0
23,215,65,0
23,216,64,0
23,217,63,0
23,218,62,0
23,219,61,0
23,220,60,0
23,221,59,0
23,222,58,0
23,223,57,0
23,224,56,0
23,225,55,0
23,226,54,0
23,227,53,0
23,228,52,0
23,229,51,0
23,230,50,0
23,231,49,0
23,232,48,0
23,233,47,0
23,234,46,0
23,235,45,0
23,236,44,0
23,237,43,0
23,238,42,0
23,239,41,0
23,240,40,0
23,241,39,0
23,242,38,0
23,243,37,0
23,244,36,0
23,245,35,0
23,246,34,0
23,247,33,0
23,248,32,0
23,249,31,0
23,250,30,0
23,251,29,0
23,252,28,0
23,253,27,0
23,254,26,0
23,255,25,0
23,256,24,0
23,257,23,0
23,258,22,0
23,259,21,0
23,260,20,0
23,261,19,0
23,262,18,0
23,263,17,0
23,264,16,0
23,265,15,0
23,266,14,0
23,267,13,0
23,268,12,0
23,269,11,0
23,270,10,0
23,271,9,0
23,272,8,0
23,273,7,0
23,274,6,0
23,275,5,-1
23,276,4,0
23,277,3,0
23,278,2,-1
23,279,1,0
23,280,0,0
24,31,155,0
24,32,154,0
24,33,153,0
24,34,152,0
24,35,151,0
24,36,150,0
24,37,149,0
24,38,148,0
24,39,147,0
24,40,146,0
24,41,145,0
24,42,144,0
24,43,143,0
24,44,142,0
24,45,141,0
24,46,140,0
24,47,139,0
24,48,138,0
24,49,137,0
24,50,136,0
24,51,135,0
24,52,134,0
24,53,133,0
24,54,132,0
24,55,131,0
24,56,130,0
24,57,129,0
24,58,128,0
24,59,127,0
24,60,126,0
24,61,125,0
24,62,124,0
24,63,123,0
24,64,122,0
24,65,121,0
24,66,120,0
24,67,119,0
24,68,118,0
24,69,117,0
24,70,116,0
24,71,115,0
24,72,114,0
24,73,113,0
24,74,112,0
24,75,111,0
24,76,110,0
24,77,109,0
24,78,108,0
24,79,107,0
24,80,106,0
24,81,105,0
24,82,104,0
24,83,103,0
24,84,102,0
24,85,101,0
24,86,100,0
24,87,99,0
24,88,98,0
24,89,97,0
24,90,96,0
24,91,95,0
24,92,94,0
24,93,93,0
24,94,92,0
24,95,91,0
24,96,90,0
24,97,89,0
24,98,88,0
24,99,87,0
24,100,86,0
24,101,85,0
24,102,84,0
24,103,83,0
24,104,82,0
24,105,81,0
24,106,80,0
24,107,79,0
24,108,78,0
24,109,77,0
24,110,76,0
24,111,75,0
24,112,74,0
24,113,73,0
24,114,72,0
24,115,71,0
24,116,70,0
24,117,69,0
24,118,68,0
24,119,67,0
24,120,66,0
24,121,65,0
24,122,64,0
24,123,63,0
24,124,62,0
24,125,61,0
24,126,60,0
24,127,59,0
24,128,58,0
24,129,57,0
24,130,56,0
24,131,55,0
24,132,54,0
24,133,53,0
24,134,52,0
24,135,51,0
24,136,50,0
24,137,49,0
24,138,48,0
24,139,47,0
24,140,46,0
24,141,45,0
24,142,44,0
24,143,43,0
24,144,42,0
24,145,41,0
24,146,40,0
24,147,39,0
24,148,38,0
24,149,37,0
24,150,36,0
24,151,35,0
24,152,34,0
24,153,33,0
24,154,32,0
24,155,31,0
24,156,30,0
24,157,29,0
24,158,28,0
24,159,27,0
24,160,26,0
24,161,25,0
24,162,24,0
24,163,23,0
24,164,22,0
24,165,21,0
24,166,20,0
24,167,19,0
24,168,18,0
24,169,17,0
24,170,16,0
24,171,15,0
24,172,14,0
24,173,13,0
24,174,12,0
24,175,11,0
24,176,10,0
24,177,9,0
24,178,8,0
24,179,7,0
24,180,6,-1
24,181,5,0
24,182,4,-1
24,183,3,0
24,184,2,0
24,185,1,0
24,186,0,0
25,31,119,0
25,32,118,0
25,33,117,0
25,34,116,0
25,35,115,0
25,36,114,0
25,37,113,0
25,38,112,0
25,39,111,0
25,40,110,0
25,41,109,0
25,42,108,0
25,43,107,0
25,44,106,0
25,45,105,0
25,46,104,0
25,47,103,0
25,48,102,0
25,49,101,0
25,50,100,0
25,51,99,0
25,52,98,0
25,53,97,0
25,54,96,0
25,55,95,0
25,56,94,0
25,57,93,0
25,58,92,0
25,59,91,0
25,60,90,0
25,61,89,0
25,62,88,0
25,63,87,0
25,64,86,0
25,65,85,0
25,66,84,0
25,67,83,0
25,68,82,0
25,69,81,0
25,70,80,0
25,71,79,0
25,72,78,0
25,73,77,0
25,74,76,0
25,75,75,0
25,76,74,0
25,77,73,0
25,78,72,0
25,79,71,0
25,80,70,0
25,81,69,0
25,82,68,0
25,83,67,0
25,84,66,0
25,85,65,0
25,86,64,0
25,87,63,0
25,88,62,0
25,89,61,0
25,90,60,0
25,91,59,0
25,92,58,0
25,93,57,0
25,94,56,0
25,95,55,0
25,96,54,0
25,97,53,0
25,98,52,0
25,99,51,0
25,100,50,0
25,101,49,0
25,102,48,0
25,103,47,0
25,104,46,0
25,105,45,0
25,106,44,0
25,107,43,0
25,108,42,0
25,109,41,0
25,110,40,0
25,111,39,0
25,112,38,0
25,113,37,0
25,114,36,0
25,115,35,0
25,116,34,0
25,117,33,0
25,118,32,0
25,119,31,0
25,120,30,0
25,121,29,0
25,122,28,0
25,123,27,0
25,124,26,0
25,125,25,0
25,126,24,0
25,127,23,0
25,128,22,0
25,129,21,0
25,130,20,0
25,131,19,0
25,132,18,0
25,133,17,0
25,134,16,0
25,135,15,0
25,136,14,0
25,137,13,0
25,138,12,0
25,139,11,0
25,140,10,0
25,141,9,0
25,142,8,0
25,143,7,0
25,144,6,0
25,145,5,0
25,146,4,0
25,147,3,0
25,148,2,0
25,149,1,0
25,150,0,0
26,31,266,0
26,32,265,0
26,33,264,0
26,34,263,0
26,35,262,0
26,36,261,0
26,37,260,0
26,38,259,0
26,39,258,0
26,40,257,0
26,41,256,0
26,42,255,0
26,43,254,0
26,44,253,0
26,45,252,0
26,46,251,0
26,47,250,0
26,48,249,0
26,49,248,0
26,50,247,0
26,51,246,0
26,52,245,0
26,53,244,0
26,54,243,0
26,55,242,0
26,56,241,0
26,57,240,0
26,58,239,0
26,59,238,0
26,60,237,0
26,61,236,0
26,62,235,0
26,63,234,0
26,64,233,0
26,65,232,0
26,66,231,0
26,67,230,0
26,68,229,0
26,69,228,0
26,70,227,0
26,71,226,0
26,72,225,0
26,73,224,0
26,74,223,0
26,75,222,0
26,76,221,0
26,77,220,0
26,78,219,0
26,79,218,0
26,80,217,0
26,81,216,0
26,82,215,0
26,83,214,0
26,84,213,0
26,85,212,0
26,86,211,0
26,87,210,0
26,88,209,0
26,89,208,0
26,90,207,0
26,91,206,0
26,92,205,0
26,93,204,0
26,94,203,0
26,95,202,0
26,96,201,0
26,97,200,0
26,98,199,0
26,99,198,0
26,100,197,0
26,101,196,0
26,102,195,0
26,103,194,0
26,104,193,0
26,105,192,0
26,106,191,0
26,107,190,0
26,108,189,0
26,109,188,0
26,110,187,0
26,111,186,0
26,112,185,0
26,113,184,0
26,114,183,0
26,115,182,0
26,116,181,0
26,117,180,0
26,118,179,0
26,119,178,0
26,120,177,0
26,121,176,0
26,122,175,0
26,123,174,0
26,124,173,0
26,125,172,0
26,126,171,0
26,127,170,0
26,128,169,0
26,129,168,0
26,130,167,0
26,131,166,0
26,132,165,0
26,133,164,0
26,134,163,0
26,135,162,0
26,136,161,0
26,137,160,0
26,138,159,0
26,139,158,0
26,140,157,0
26,141,156,0
26,142,155,0
26,143,154,0
26,144,153,0
26,145,152,0
26,146,151,0
26,147,150,0
26,148,149,0
26,149,148,0
26,150,147,0
26,151,146,0
26,152,145,0
26,153,144,0
26,154,143,0
26,155,142,0
26,156,141,0
26,157,140,0
26,158,139,0
26,159,138,0
26,160,137,0
26,161,136,0
26,162,135,0
26,163,134,0
26,164,133,0
26,165,132,0
26,166,131,0
26,167,130,0
26,168,129,0
26,169,128,0
26,170,127,0
26,171,126,0
26,172,125,0
26,173,124,0
26,174,123,0
26,175,122,0
26,176,121,0
26,177,120,0
26,178,119,0
26,179,118,0
26,180,117,0
26,181,116,0
26,182,115,0
26,183,114,0
26,184,113,0
26,185,112,0
26,186,111,0
26,187,110,0
26,188,109,0
26,189,108,0
26,190,107,0
26,191,106,0
26,192,105,0
26,193,104,0
26,194,103,0
26,195,102,0
26,196,101,0
26,197,100,0
26,198,99,0
26,199,98,0
26,200,97,0
26,201,96,0
26,202,95,0
26,203,94,0
26,204,93,0
26,205,92,0
26,206,91,0
26,207,90,0
26,208,89,0
26,209,88,0
26,210,87,0
26,211,86,0
26,212,85,0
26,213,84,0
26,214,83,0
26,215,82,0
26,216,81,0
26,217,80,0
26,218,79,0
26,219,78,0
26,220,77,0
26,221,76,0
26,222,75,0
26,223,74,0
26,224,73,0
26,225,72,0
26,226,71,0
26,227,70,0
26,228,69,0
26,229,68,0
26,230,67,0
26,231,66,0
26,232,65,0
26,233,64,0
26,234,63,0
26,235,62,0
26,236,61,0
26,237,60,0
26,238,59,0
26,239,58,0
26,240,57,0
26,241,56,0
26,242,55,0
26,243,54,0
26,244,53,0
26,245,52,0
26,246,51,0
26,247,50,0
26,248,49,0
26,249,48,0
26,250,47,0
26,251,46,0
26,252,45,0
26,253,44,0
26,254,43,0
26,255,42,0
26,256,41,0
26,257,40,0
26,258,39,0
26,259,38,0
26,260,37,0
26,261,36,0
26,262,35,0
26,263,34,0
26,264,33,0
26,265,32,0
26,266,31,0
26,267,30,0
26,268,29,0
26,269,28,0
26,270,27,0
26,271,26,0
26,272,25,0
26,273,24,0
26,274,23,0
26,275,22,0
26,276,21,0
26,277,20,0
26,278,19,0
26,279,18,0
26,280,17,0
26,281,16,0
26,282,15,0
26,283,14,0
26,284,13,0
26,285,12,0
26,286,11,0
26,287,10,0
26,288,9,0
26,289,8,0
26,290,7,0
26,291,6,0
26,292,5,0
26,293,4,0
26,294,3,0
26,295,2,0
26,296,1,0
26,297,0,0
27,31,132,0
27,32,131,0
27,33,130,0
27,34,129,0
27,35,128,0
27,36,127,0
27,37,126,0
27,38,125,0
27,39,124,0
27,40,123,0
27,41,122,0
27,42,121,0
27,43,120,0
27,44,119,0
27,45,118,0
27,46,117,0
27,47,116,0
27,48,115,0
27,49,114,0
27,50,113,0
27,51,112,0
27,52,111,0
27,53,110,0
27,54,109,0
27,55,108,0
27,56,107,0
27,57,106,0
27,58,105,0
27,59,104,0
27,60,103,0
27,61,102,0
27,62,101,0
27,63,100,0
27,64,99,0
27,65,98,0
27,66,97,0
27,67,96,0
27,68,95,0
27,69,94,0
27,70,93,0
27,71,92,0
27,72,91,0
27,73,90,0
27,74,89,0
27,75,88,0
27,76,87,0
27,77,86,0
27,78,85,0
27,79,84,0
27,80,83,0
27,81,82,0
27,82,81,0
27,83,80,0
27,84,79,0
27,85,78,0
27,86,77,0
27,87,76,0
27,88,75,0
27,89,74,0
27,90,73,0
27,91,72,0
27,92,71,0
27,93,70,0
27,94,69,0
27,95,68,0
27,96,67,0
27,97,66,0
27,98,65,0
27,99,64,0
27,100,63,0
27,101,62,0
27,102,61,0
27,103,60,0
27,104,59,0
27,105,58,0
27,106,57,0
27,107,56,0
27,108,55,0
27,109,54,0
27,110,53,0
27,111,52,0
27,112,51,0
27,113,50,0
27,114,49,0
27,115,48,0
27,116,47,0
27,117,46,0
27,118,45,0
27,119,44,0
27,120,43,0
27,121,42,0
27,122,41,0
27,123,40,0
27,124,39,0
27,125,38,0
27,126,37,0
27,127,36,0
27,128,35,0
27,129,34,0
27,130,33,0
27,131,32,0
27,132,31,0
27,133,30,0
27,134,29,0
27,135,28,0
27,136,27,0
27,137,26,0
27,138,25,0
27,139,24,0
27,140,23,0
27,141,22,0
27,142,21,0
27,143,20,0
27,144,19,0
27,145,18,0
27,146,17,0
27,147,16,0
27,148,15,0
27,149,14,0
27,150,13,0
27,151,12,0
27,152,11,0
27,153,10,0
27,154,9,0
27,155,8,0
27,156,7,0
27,157,6,0
27,158,5,0
27,159,4,0
27,160,3,0
27,161,2,0
27,162,1,0
27,163,0,0
28,31,171,0
28,32,170,0
28,33,169,0
28,34,168,0
28,35,167,0
28,36,166,0
28,37,165,0
28,38,164,0
28,39,163,0
28,40,162,0
28,41,161,0
28,42,160,0
28,43,159,0
28,44,158,0
28,45,157,0
28,46,156,0
28,47,155,0
28,48,154,0
28,49,153,0
28,50,152,0
28,51,151,0
28,52,150,0
28,53,149,0
28,54,148,0
28,55,147,0
28,56,146,0
28,57,145,0
28,58,144,0
28,59,143,0
28,60,142,0
28,61,141,0
28,62,140,0
28,63,139,0
28,64,138,0
28,65,137,0
28,66,136,0
28,67,135,0
28,68,134,0
28,69,133,0
28,70,132,0
28,71,131,0
28,72,130,0
28,73,129,0
28,74,128,0
28,75,127,0
28,76,126,0
28,77,125,0
28,78,124,0
28,79,123,0
28,80,122,0
28,81,121,0
28,82,120,0
28,83,119,0
28,84,118,0
28,85,117,0
28,86,116,0
28,87,115,0
28,88,114,0
28,89,113,0
28,90,112,0
28,91,111,0
28,92,110,0
28,93,109,0
28,94,108,0
28,95,107,0
28,96,106,0
28,97,105,0
28,98,104,0
28,99,103,0
28,100,102,0
28,101,101,0
28,102,100,0
28,103,99,0
28,104,98,0
28,105,97,0
28,106,96,0
28,107,95,0
28,108,94,0
28,109,93,0
28,110,92,0
28,111,91,0
28,112,90,0
28,113,89,0
28,114,88,0
28,115,87,0
28,116,86,0
28,117,85,0
28,118,84,0
28,119,83,0
28,120,82,0
28,121,81,0
28,122,80,0
28,123,79,0
28,124,78,0
28,125,77,0
28,126,76,0
28,127,75,0
28,128,74,0
28,129,73,0
28,130,72,0
28,131,71,0
28,132,70,0
28,133,69,0
28,134,68,0
28,135,67,0
28,136,66,0
28,137,65,0
28,138,64,0
28,139,63,0
28,140,62,0
28,141,61,0
28,142,60,0
28,143,59,0
28,144,58,0
28,145,57,0
28,146,56,0
28,147,55,0
28,148,54,0
28,149,53,0
28,150,52,0
28,151,51,0
28,152,50,0
28,153,49,0
28,154,48,0
28,155,47,0
28,156,46,0
28,157,45,0
28,158,44,0
28,159,43,0
28,160,42,0
28,161,41,0
28,162,40,0
28,163,39,0
28,164,38,0
28,165,37,0
28,166,36,0
28,167,35,0
28,168,34,0
28,169,33,0
28,170,32,0
28,171,31,0
28,172,30,0
28,173,29,0
28,174,28,0
28,175,27,0
28,176,26,0
28,177,25,0
28,178,24,0
28,179,23,0
28,180,22,0
28,181,21,0
28,182,20,0
28,183,19,0
28,184,18,0
28,185,17,0
28,186,16,0
28,187,15,0
28,188,14,0
28,189,13,0
28,190,12,0
28,191,11,0
28,192,10,0
28,193,9,0
28,194,8,0
28,195,7,-1
28,196,6,0
28,197,5,0
28,198,4,0
28,199,3,0
28,200,2,-1
28,201,1,-1
28,202,0,-1
29,31,216,0
29,32,215,0
29,33,214,0
29,34,213,0
29,35,212,0
29,36,211,0
29,37,210,0
29,38,209,0
29,39,208,0
29,40,207,0
29,41,206,0
29,42,205,0
29,43,204,0
29,44,203,0
29,45,202,0
29,46,201,0
29,47,200,0
29,48,199,0
29,49,198,0
29,50,197,0
29,51,196,0
29,52,195,0
29,53,194,0
29,54,193,0
29,55,192,0
29,56,191,0
29,57,190,0
29,58,189,0
29,59,188,0
29,60,187,0
29,61,186,0
29,62,185,0
29,63,184,0
29,64,183,0
29,65,182,0
29,66,181,0
29,67,180,0
29,68,179,0
29,69,178,0
29,70,177,0
29,71,176,0
29,72,175,0
29,73,174,0
29,74,173,0
29,75,172,0
29,76,171,0
29,77,170,0
29,78,169,0
29,79,168,0
29,80,167,0
29,81,166,0
29,82,165,0
29,83,164,0
29,84,163,0
29,85,162,0
29,86,161,0
29,87,160,0
29,88,159,0
29,89,158,0
29,90,157,0
29,91,156,0
29,92,155,0
29,93,154,0
29,94,153,0
29,95,152,0
29,96,151,0
29,97,150,0
29,98,149,0
29,99,148,0
29,100,147,0
29,101,146,0
29,102,145,0
29,103,144,0
29,104,143,0
29,105,142,0
29,106,141,0
29,107,140,0
29,108,139,0
29,109,138,0
29,110,137,0
29,111,136,0
29,112,135,0
29,113,134,0
29,114,133,0
29,115,132,0
29,116,131,0
29,117,130,0
29,118,129,0
29,119,128,0
29,120,127,0
29,121,126,0
29,122,125,0
29,123,124,0
29,124,123,0
29,125,122,0
29,126,121,0
29,127,120,0
29,128,119,0
29,129,118,0
29,130,117,0
29,131,116,0
29,132,115,0
29,133,114,0
29,134,113,0
29,135,112,0
29,136,111,0
29,137,110,0
29,138,109,0
29,139,108,0
29,140,107,0
29,141,106,0
29,142,105,0
29,143,104,0
29,144,103,0
29,145,102,0
29,146,101,0
29,147,100,0
29,148,99,0
29,149,98,0
29,150,97,0
29,151,96,0
29,152,95,0
29,153,94,0
29,154,93,0
29,155,92,0
29,156,91,0
29,157,90,0
29,158,89,0
29,159,88,0
29,160,87,0
29,161,86,0
29,162,85,0
29,163,84,0
29,164,83,0
29,165,82,0
29,166,81,0
29,167,80,0
29,168,79,0
29,169,78,0
29,170,77,0
29,171,76,0
29,172,75,0
29,173,74,0
29,174,73,0
29,175,72,0
29,176,71,0
29,177,70,0
29,178,69,0
29,179,68,0
29,180,67,0
29,181,66,0
29,182,65,0
29,183,64,0
29,184,63,0
29,185,62,0
29,186,61,0
29,187,60,0
29,188,59,0
29,189,58,0
29,190,57,0
29,191,56,0
29,192,55,0
29,193,54,0
29,194,53,0
29,195,52,0
29,196,51,0
29,197,50,0
29,198,49,0
29,199,48,0
29,200,47,0
29,201,46,0
29,202,45,0
29,203,44,0
29,204,43,0
29,205,42,0
29,206,41,0
29,207,40,0
29,208,39,0
29,209,38,0
29,210,37,0
29,211,36,0
29,212,35,0
29,213,34,0
29,214,33,0
29,215,32,0
29,216,31,0
29,217,30,0
29,218,29,0
29,219,28,0
29,220,27,0
29,221,26,0
29,222,25,0
29,223,24,0
29,224,23,0
29,225,22,0
29,226,21,0
29,227,20,0
29,228,19,0
29,229,18,0
29,230,17,0
29,231,16,0
29,232,15,0
29,233,14,0
29,234,13,0
29,235,12,0
29,236,11,0
29,237,10,0
29,238,9,0
29,239,8,0
29,240,7,0
29,241,6,0
29,242,5,0
29,243,4,0
29,244,3,0
29,245,2,0
29,246,1,0
29,247,0,0
30,31,266,0
30,32,265,0
30,33,264,0
30,34,263,0
30,35,262,0
30,36,261,0
30,37,260,0
30,38,259,0
30,39,258,0
30,40,257,0
30,41,256,0
30,42,255,0
30,43,254,0
30,44,253,0
30,45,252,0
30,46,251,0
30,47,250,0
30,48,249,0
30,49,248,0
30,50,247,0
30,51,246,0
30,52,245,0
30,53,244,0
30,54,243,0
30,55,242,0
30,56,241,0
30,57,240,0
30,58,239,0
30,59,238,0
30,60,237,0
30,61,236,0
30,62,235,0
30,63,234,0
30,64,233,0
30,65,232,0
30,66,231,0
30,67,230,0
30,68,229,0
30,69,228,0
30,70,227,0
30,71,226,0
30,72,225,0
30,73,224,0
30,74,223,0
30,75,222,0
30,76,221,0
30,77,220,0
30,78,219,0
30,79,218,0
30,80,217,0
30,81,216,0
30,82,215,0
30,83,214,0
30,84,213,0
30,85,212,0
30,86,211,0
30,87,210,0
30,88,209,0
30,89,208,0
30,90,207,0
30,91,206,0
30,92,205,0
30,93,204,0
30,94,203,0
30,95,202,0
30,96,201,0
30,97,200,0
30,98,199,0
30,99,198,0
30,100,197,0
30,101,196,0
30,102,195,0
30,103,194,0
30,104,193,0
30,105,192,0
30,106,191,0
30,107,190,0
30,108,189,0
30,109,188,0
30,110,187,0
30,111,186,0
30,112,185,0
30,113,184,0
30,114,183,0
30,115,182,0
30,116,181,0
30,117,180,0
30,118,179,0
30,119,178,0
30,120,177,0
30,121,176,0
30,122,175,0
30,123,174,0
30,124,173,0
30,125,172,0
30,126,171,0
30,127,170,0
30,128,169,0
30,129,168,0
30,130,167,0
30,131,166,0
30,132,165,0
30,133,164,0
30,134,163,0
30,135,162,0
30,136,161,0
30,137,160,0
30,138,159,0
30,139,158,0
30,140,157,0
30,141,156,0
30,142,155,0
30,143,154,0
30,144,153,0
30,145,152,0
30,146,151,0
30,147,150,0
30,148,149,0
30,149,148,0
30,150,147,0
30,151,146,0
30,152,145,0
30,153,144,0
30,154,143,0
30,155,142,0
30,156,141,0
30,157,140,0
30,158,139,0
30,159,138,0
30,160,137,0
30,161,136,0
30,162,135,0
30,163,134,0
30,164,133,0
30,165,132,0
30,166,131,0
30,167,130,0
30,168,129,0
30,169,128,0
30,170,127,0
30,171,126,0
30,172,125,0
30,173,124,0
30,174,123,0
30,175,122,0
30,176,121,0
30,177,120,0
30,178,119,0
30,179,118,0
30,180,117,0
30,181,116,0
30,182,115,0
30,183,114,0
30,184,113,0
30,185,112,0
30,186,111,0
30,187,110,0
30,188,109,0
30,189,108,0
30,190,107,0
30,191,106,0
30,192,105,0
30,193,104,0
30,194,103,0
30,195,102,0
30,196,101,0
30,197,100,0
30,198,99,0
30,199,98,0
30,200,97,0
30,201,96,0
30,202,95,0
30,203,94,0
30,204,93,0
30,205,92,0
30,206,91,0
30,207,90,0
30,208,89,0
30,209,88,0
30,210,87,0
30,211,86,0
30,212,85,0
30,213,84,0
30,214,83,0
30,215,82,0
30,216,81,0
30,217,80,0
30,218,79,0
30,219,78,0
30,220,77,0
30,221,76,0
30,222,75,0
30,223,74,0
30,224,73,0
30,225,72,0
30,226,71,0
30,227,70,0
30,228,69,0
30,229,68,0
30,230,67,0
30,231,66,0
30,232,65,0
30,233,64,0
30,234,63,0
30,235,62,0
30,236,61,0
30,237,60,0
30,238,59,-1
30,239,58,0
30,240,57,0
30,241,56,0
30,242,55,0
30,243,54,0
30,244,53,-1
30,245,52,0
30,246,51,-1
30,247,50,-1
30,248,49,0
30,249,48,0
30,250,47,0
30,251,46,-1
30,252,45,-1
30,253,44,0
30,254,43,0
30,255,42,0
30,256,41,0
30,257,40,-1
30,258,39,-1
30,259,38,-1
30,260,37,-1
30,261,36,-1
30,262,35,0
30,263,34,-1
30,264,33,0
30,265,32,-1
30,266,31,-1
30,267,30,-1
30,268,29,-1
30,269,28,-1
30,270,27,-1
30,271,26,-1
30,272,25,-1
30,273,24,-1
30,274,23,-1
30,275,22,-1
30,276,21,-1
30,277,20,-1
30,278,19,-1
30,279,18,-1
30,280,17,-1
30,281,16,-1
30,282,15,-1
30,283,14,-1
30,284,13,-1
30,285,12,-1
30,286,11,-1
30,287,10,-1
30,288,9,-1
30,289,8,-1
30,290,7,-1
30,291,6,-1
30,292,5,-1
30,293,4,-1
30,294,3,-1
30,295,2,-1
30,296,1,-1
30,297,0,-1
31,31,232,0
31,32,231,0
31,33,230,0
31,34,229,0
31,35,228,0
31,36,227,0
31,37,226,0
31,38,225,0
31,39,224,0
31,40,223,0
31,41,222,0
31,42,221,0
31,43,220,0
31,44,219,0
31,45,218,0
31,46,217,0
31,47,216,0
31,48,215,0
31,49,214,0
31,50,213,0
31,51,212,0
31,52,211,0
31,53,210,0
31,54,209,0
31,55,208,0
31,56,207,0
31,57,206,0
31,58,205,0
31,59,204,0
31,60,203,0
31,61,202,0
31,62,201,0
31,63,200,0
31,64,199,0
31,65,198,0
31,66,197,0
31,67,196,0
31,68,195,0
31,69,194,0
31,70,193,0
31,71,192,0
31,72,191,0
31,73,190,0
31,74,189,0
31,75,188,0
31,76,187,0
31,77,186,0
31,78,185,0
31,79,184,0
31,80,183,0
31,81,182,0
31,82,181,0
31,83,180,0
31,84,179,0
31,85,178,0
31,86,177,0
31,87,176,0
31,88,175,0
31,89,174,0
31,90,173,0
31,91,172,0
31,92,171,0
31,93,170,0
31,94,169,0
31,95,168,0
31,96,167,0
31,97,166,0
31,98,165,0
31,99,164,0
31,100,163,0
31,101,162,0
31,102,161,0
31,103,160,0
31,104,159,0
31,105,158,0
31,106,157,0
31,107,156,0
31,108,155,0
31,109,154,0
31,110,153,0
31,111,152,0
31,112,151,0
31,113,150,0
31,114,149,0
31,115,148,0
31,116,147,0
31,117,146,0
31,118,145,0
31,119,144,0
31,120,143,0
31,121,142,0
31,122,141,0
31,123,140,0
31,124,139,0
31,125,138,0
31,126,137,0
31,127,136,0
31,128,135,0
31,129,134,0
31,130,133,0
31,131,132,0
31,132,131,0
31,133,130,0
31,134,129,0
31,135,128,0
31,136,127,0
31,137,126,0
31,138,125,0
31,139,124,0
31,140,123,0
31,141,122,0
31,142,121,0
31,143,120,0
31,144,119,0
31,145,118,0
31,146,117,0
31,147,116,0
31,148,115,0
31,149,114,0
31,150,113,0
31,151,112,0
31,152,111,0
31,153,110,0
31,154,109,0
31,155,108,0
31,156,107,0
31,157,106,0
31,158,105,0
31,159,104,0
31,160,103,0
31,161,102,0
31,162,101,0
31,163,100,0
31,164,99,0
31,165,98,0
31,166,97,0
31,167,96,0
31,168,95,0
31,169,94,0
31,170,93,0
31,171,92,0
31,172,91,0
31,173,90,0
31,174,89,0
31,175,88,0
31,176,87,0
31,177,86,0
31,178,85,0
31,179,84,0
31,180,83,0
31,181,82,0
31,182,81,0
31,183,80,0
31,184,79,0
31,185,78,0
31,186,77,0
31,187,76,0
31,188,75,0
31,189,74,0
31,190,73,0
31,191,72,0
31,192,71,0
31,193,70,0
31,194,69,0
31,195,68,0
31,196,67,0
31,197,66,0
31,198,65,0
31,199,64,0
31,200,63,0
31,201,62,0
31,202,61,0
31,203,60,0
31,204,59,0
31,205,58,0
31,206,57,0
31,207,56,0
31,208,55,0
31,209,54,0
31,210,53,0
31,211,52,0
31,212,51,0
31,213,50,0
31,214,49,0
31,215,48,0
31,216,47,0
31,217,46,0
31,218,45,0
31,219,44,0
31,220,43,0
31,221,42,0
31,222,41,0
31,223,40,0
31,224,39,0
31,225,38,0
31,226,37,0
31,227,36,0
31,228,35,0
31,229,34,0
31,230,33,0
31,231,32,0
31,232,31,0
31,233,30,0
31,234,29,0
31,235,28,0
31,236,27,0
31,237,26,0
31,238,25,0
31,239,24,0
31,240,23,0
31,241,22,0
31,242,21,0
31,243,20,0
31,244,19,0
31,245,18,0
31,246,17,0
31,247,16,0
31,248,15,0
31,249,14,0
31,250,13,0
31,251,12,0
31,252,11,0
31,253,10,0
31,254,9,0
31,255,8,0
31,256,7,0
31,257,6,0
31,258,5,0
31,259,4,0
31,260,3,0
31,261,2,0
31,262,1,0
31,263,0,0
32,31,188,0
32,32,187,0
32,33,186,0
32,34,185,0
32,35,184,0
32,36,183,0
32,37,182,0
32,38,181,0
32,39,180,0
32,40,179,0
32,41,178,0
32,42,177,0
32,43,176,0
32,44,175,0
32,45,174,0
32,46,173,0
32,47,172,0
32,48,171,0
32,49,170,0
32,50,169,0
32,51,168,0
32,52,167,0
32,53,166,0
32,54,165,0
32,55,164,0
32,56,163,0
32,57,162,0
32,58,161,0
32,59,160,0
32,60,159,0
32,61,158,0
32,62,157,0
32,63,156,0
32,64,155,0
32,65,154,0
32,66,153,0
32,67,152,0
32,68,151,0
32,69,150,0
32,70,149,0
32,71,148,0
32,72,147,0
32,73,146,0
32,74,145,0
32,75,144,0
32,76,143,0
32,77,142,0
32,78,141,0
32,79,140,0
32,80,139,0
32,81,138,0
32,82,137,0
32,83,136,0
32,84,135,0
32,85,134,0
32,86,133,0
32,87,132,0
32,88,131,0
32,89,130,0
32,90,129,0
32,91,128,0
32,92,127,0
32,93,126,0
32,94,125,0
32,95,124,0
32,96,123,0
32,97,122,0
32,98,121,0
32,99,120,0
32,100,119,0
32,101,118,0
32,102,117,0
32,103,116,0
32,104,115,0
32,105,114,0
32,106,113,0
32,107,112,0
32,108,111,0
32,109,110,0
32,110,109,0
32,111,108,0
32,112,107,0
32,113,106,0
32,114,105,0
32,115,104,0
32,116,103,0
32,117,102,0
32,118,101,0
32,119,100,0
32,120,99,0
32,121,98,0
32,122,97,0
32,123,96,0
32,124,95,0
32,125,94,0
32,126,93,0
32,127,92,0
32,128,91,0
32,129,90,0
32,130,89,0
32,131,88,0
32,132,87,0
32,133,86,0
32,134,85,0
32,135,84,0
32,136,83,0
32,137,82,0
32,138,81,0
32,139,80,0
32,140,79,0
32,141,78,0
32,142,77,0
32,143,76,0
32,144,75,0
32,145,74,0
32,146,73,0
32,147,72,0
32,148,71,0
32,149,70,0
32,150,69,0
32,151,68,0
32,152,67,0
32,153,66,0
32,154,65,0
32,155,64,0
32,156,63,0
32,157,62,0
32,158,61,0
32,159,60,0
32,160,59,0
32,161,58,0
32,162,57,0
32,163,56,0
32,164,55,0
32,165,54,0
32,166,53,0
32,167,52,0
32,168,51,0
32,169,50,0
32,170,49,0
32,171,48,0
32,172,47,0
32,173,46,0
32,174,45,0
32,175,44,0
32,176,43,0
32,177,42,0
32,178,41,0
32,179,40,0
32,180,39,0
32,181,38,0
32,182,37,0
32,183,36,0
32,184,35,0
32,185,34,0
32,186,33,0
32,187,32,0
32,188,31,0
32,189,30,0
32,190,29,0
32,191,28,0
32,192,27,0
32,193,26,0
32,194,25,0
32,195,24,0
32,196,23,0
32,197,22,0
32,198,21,0
32,199,20,0
32,200,19,0
32,201,18,0
32,202,17,0
32,203,16,0
32,204,15,0
32,205,14,0
32,206,13,0
32,207,12,0
32,208,11,0
32,209,10,0
32,210,9,0
32,211,8,0
32,212,7,0
32,213,6,0
32,214,5,0
32,215,4,0
32,216,3,0
32,217,2,-1
32,218,1,-1
32,219,0,-1
33,31,170,0
33,32,169,0
33,33,168,0
33,34,167,0
33,35,166,0
33,36,165,0
33,37,164,0
33,38,163,0
33,39,162,0
33,40,161,0
33,41,160,0
33,42,159,0
33,43,158,0
33,44,157,0
33,45,156,0
33,46,155,0
33,47,154,0
33,48,153,0
33,49,152,0
33,50,151,0
33,51,150,0
33,52,149,0
33,53,148,0
33,54,147,0
33,55,146,0
33,56,145,0
33,57,144,0
33,58,143,0
33,59,142,0
33,60,141,0
33,61,140,0
33,62,139,0
33,63,138,0
33,64,137,0
33,65,136,0
33,66,135,0
33,67,134,0
33,68,133,0
33,69,132,0
33,70,131,0
33,71,130,0
33,72,129,0
33,73,128,0
33,74,127,0
33,75,126,0
33,76,125,0
33,77,124,0
33,78,123,0
33,79,122,0
33,80,121,0
33,81,120,0
33,82,119,0
33,83,118,0
33,84,117,0
33,85,116,0
33,86,115,0
33,87,114,0
33,88,113,0
33,89,112,0
33,90,111,0
33,91,110,0
33,92,109,0
33,93,108,0
33,94,107,0
33,95,106,0
33,96,105,0
33,97,104,0
33,98,103,0
33,99,102,0
33,100,101,0
33,101,100,0
33,102,99,0
33,103,98,0
33,104,97,0
33,105,96,0
33,106,95,0
33,107,94,0
33,108,93,0
33,109,92,0
33,110,91,0
33,111,90,0
33,112,89,0
33,113,88,0
33,114,87,0
33,115,86,0
33,116,85,0
33,117,84,0
33,118,83,0
33,119,82,0
33,120,81,0
33,121,80,0
33,122,79,0
33,123,78,0
33,124,77,0
33,125,76,0
33,126,75,0
33,127,74,0
33,128,73,0
33,129,72,0
33,130,71,0
33,131,70,0
33,132,69,0
33,133,68,0
33,134,67,0
33,135,66,0
33,136,65,0
33,137,64,0
33,138,63,0
33,139,62,0
33,140,61,0
33,141,60,0
33,142,59,0
33,143,58,0
33,144,57,0
33,145,56,0
33,146,55,0
33,147,54,0
33,148,53,0
33,149,52,0
33,150,51,0
33,151,50,0
33,152,49,0
33,153,48,0
33,154,47,0
33,155,46,0
33,156,45,0
33,157,44,0
33,158,43,0
33,159,42,0
33,160,41,0
33,161,40,0
33,162,39,0
33,163,38,0
33,164,37,0
33,165,36,0
33,166,35,0
33,167,34,0
33,168,33,0
33,169,32,0
33,170,31,0
33,171,30,0
33,172,29,0
33,173,28,0
33,174,27,0
33,175,26,0
33,176,25,0
33,177,24,0
33,178,23,0
33,179,22,0
33,180,21,0
33,181,20,0
33,182,19,0
33,183,18,0
33,184,17,0
33,185,16,0
33,186,15,0
33,187,14,0
33,188,13,0
33,189,12,0
33,190,11,0
33,191,10,0
33,192,9,0
33,193,8,0
33,194,7,0
33,195,6,0
33,196,5,0
33,197,4,0
33,198,3,0
33,199,2,0
33,200,1,0
33,201,0,0
34,31,245,0
34,32,244,0
34,33,243,0
34,34,242,0
34,35,241,0
34,36,240,0
34,37,239,0
34,38,238,0
34,39,237,0
34,40,236,0
34,41,235,0
34,42,234,0
34,43,233,0
34,44,232,0
34,45,231,0
34,46,230,0
34,47,229,0
34,48,228,0
34,49,227,0
34,50,226,0
34,51,225,0
34,52,224,0
34,53,223,0
34,54,222,0
34,55,221,0
34,56,220,0
34,57,219,0
34,58,218,0
34,59,217,0
34,60,216,0
34,61,215,0
34,62,214,0
34,63,213,0
34,64,212,0
34,65,211,0
34,66,210,0
34,67,209,0
34,68,208,0
34,69,207,0
34,70,206,0
34,71,205,0
34,72,204,0
34,73,203,0
34,74,202,0
34,75,201,0
34,76,200,0
34,77,199,0
34,78,198,0
34,79,197,0
34,80,196,0
34,81,195,0
34,82,194,0
34,83,193,0
34,84,192,0
34,85,191,0
34,86,190,0
34,87,189,0
34,88,188,0
34,89,187,0
34,90,186,0
34,91,185,0
34,92,184,0
34,93,183,0
34,94,182,0
34,95,181,0
34,96,180,0
34,97,179,0
34,98,178,0
34,99,177,0
34,100,176,0
34,101,175,0
34,102,174,0
34,103,173,0
34,104,172,0
34,105,171,0
34,106,170,0
34,107,169,0
34,108,168,0
34,109,167,0
34,110,166,0
34,111,165,0
34,112,164,0
34,113,163,0
34,114,162,0
34,115,161,0
34,116,160,0
34,117,159,0
34,118,158,0
34,119,157,0
34,120,156,0
34,121,155,0
34,122,154,0
34,123,153,0
34,124,152,0
34,125,151,0
34,126,150,0
34,127,149,0
34,128,148,0
34,129,147,0
34,130,146,0
34,131,145,0
34,132,144,0
34,133,143,0
34,134,142,0
34,135,141,0
34,136,140,0
34,137,139,0
34,138,138,0
34,139,137,0
34,140,136,0
34,141,135,0
34,142,134,0
34,143,133,0
34,144,132,0
34,145,131,0
34,146,130,0
34,147,129,0
34,148,128,0
34,149,127,0
34,150,126,0
34,151,125,0
34,152,124,0
34,153,123,0
34,154,122,0
34,155,121,0
34,156,120,0
34,157,119,0
34,158,118,0
34,159,117,0
34,160,116,0
34,161,115,0
34,162,114,0
34,163,113,0
34,164,112,0
34,165,111,0
34,166,110,0
34,167,109,0
34,168,108,0
34,169,107,0
34,170,106,0
34,171,105,0
34,172,104,0
34,173,103,0
34,174,102,0
34,175,101,0
34,176,100,0
34,177,99,0
34,178,98,0
34,179,97,0
34,180,96,0
34,181,95,0
34,182,94,0
34,183,93,0
34,184,92,0
34,185,91,0
34,186,90,0
34,187,89,0
34,188,88,0
34,189,87,0
34,190,86,0
34,191,85,0
34,192,84,0
34,193,83,0
34,194,82,0
34,195,81,0
34,196,80,0
34,197,79,0
34,198,78,0
34,199,77,0
34,200,76,0
34,201,75,0
34,202,74,0
34,203,73,0
34,204,72,0
34,205,71,0
34,206,70,0
34,207,69,0
34,208,68,0
34,209,67,0
34,210,66,0
34,211,65,0
34,212,64,0
34,213,63,0
34,214,62,0
34,215,61,0
34,216,60,0
34,217,59,0
34,218,58,0
34,219,57,0
34,220,56,0
34,221,55,0
34,222,54,0
34,223,53,0
34,224,52,0
34,225,51,0
34,226,50,0
34,227,49,0
34,228,48,0
34,229,47,0
34,230,46,0
34,231,45,0
34,232,44,0
34,233,43,0
34,234,42,0
34,235,41,0
34,236,40,0
34,237,39,0
34,238,38,0
34,239,37,0
34,240,36,0
34,241,35,0
34,242,34,0
34,243,33,0
34,244,32,0
34,245,31,0
34,246,30,0
34,247,29,0
34,248,28,0
34,249,27,0
34,250,26,0
34,251,25,0
34,252,24,-1
34,253,23,0
34,254,22,0
34,255,21,0
34,256,20,0
34,257,19,0
34,258,18,0
34,259,17,0
34,260,16,-1
34,261,15,0
34,262,14,0
34,263,13,0
34,264,12,0
34,265,11,0
34,266,10,0
34,267,9,0
34,268,8,0
34,269,7,0
34,270,6,-1
34,271,5,0
34,272,4,-1
34,273,3,0
34,274,2,0
34,275,1,-1
34,276,0,0
35,31,190,0
35,32,189,0
35,33,188,0
35,34,187,0
35,35,186,0
35,36,185,0
35,37,184,0
35,38,183,0
35,39,182,0
35,40,181,0
35,41,180,0
35,42,179,0
35,43,178,0
35,44,177,0
35,45,176,0
35,46,175,0
35,47,174,0
35,48,173,0
35,49,172,0
35,50,171,0
35,51,170,0
35,52,169,0
35,53,168,0
35,54,167,0
35,55,166,0
35,56,165,0
35,57,164,0
35,58,163,0
35,59,162,0
35,60,161,0
35,61,160,0
35,62,159,0
35,63,158,0
35,64,157,0
35,65,156,0
35,66,155,0
35,67,154,0
35,68,153,0
35,69,152,0
35,70,151,0
35,71,150,0
35,72,149,0
35,73,148,0
35,74,147,0
35,75,146,0
35,76,145,0
35,77,144,0
35,78,143,0
35,79,142,0
35,80,141,0
35,81,140,0
35,82,139,0
35,83,138,0
35,84,137,0
35,85,136,0
35,86,135,0
35,87,134,0
35,88,133,0
35,89,132,0
35,90,131,0
35,91,130,0
35,92,129,0
35,93,128,0
35,94,127,0
35,95,126,0
35,96,125,0
35,97,124,0
35,98,123,0
35,99,122,0
35,100,121,0
35,101,120,0
35,102,119,0
35,103,118,0
35,104,117,0
35,105,116,0
35,106,115,0
35,107,114,0
35,108,113,0
35,109,112,0
35,110,111,0
35,111,110,0
35,112,109,0
35,113,108,0
35,114,107,0
35,115,106,0
35,116,105,0
35,117,104,0
35,118,103,0
35,119,102,0
35,120,101,0
35,121,100,0
35,122,99,0
35,123,98,0
35,124,97,0
35,125,96,0
35,126,95,0
35,127,94,0
35,128,93,0
35,129,92,0
35,130,91,0
35,131,90,0
35,132,89,0
35,133,88,0
35,134,87,0
35,135,86,0
35,136,85,0
35,137,84,0
35,138,83,0
35,139,82,0
35,140,81,0
35,141,80,0
35,142,79,0
35,143,78,0
35,144,77,0
35,145,76,0
35,146,75,0
35,147,74,0
35,148,73,0
35,149,72,0
35,150,71,0
35,151,70,0
35,152,69,0
35,153,68,0
35,154,67,0
35,155,66,0
35,156,65,0
35,157,64,0
35,158,63,0
35,159,62,0
35,160,61,0
35,161,60,0
35,162,59,0
35,163,58,0
35,164,57,0
35,165,56,0
35,166,55,0
35,167,54,0
35,168,53,0
35,169,52,0
35,170,51,0
35,171,50,0
35,172,49,0
35,173,48,0
35,174,47,0
35,175,46,0
35,176,45,0
35,177,44,0
35,178,43,0
35,179,42,0
35,180,41,0
35,181,40,0
35,182,39,0
35,183,38,0
35,184,37,0
35,185,36,0
35,186,35,0
35,187,34,0
35,188,33,0
35,189,32,0
35,190,31,0
35,191,30,0
35,192,29,0
35,193,28,0
35,194,27,0
35,195,26,0
35,196,25,0
35,197,24,0
35,198,23,0
35,199,22,0
35,200,21,0
35,201,20,0
35,202,19,0
35,203,18,0
35,204,17,0
35,205,16,-1
35,206,15,-1
35,207,14,0
35,208,13,-1
35,209,12,0
35,210,11,0
35,211,10,0
35,212,9,0
35,213,8,0
35,214,7,0
35,215,6,0
35,216,5,0
35,217,4,0
35,218,3,0
35,219,2,0
35,220,1,0
35,221,0,0
36,31,112,0
36,32,111,0
36,33,110,0
36,34,109,0
36,35,108,0
36,36,107,0
36,37,106,0
36,38,105,0
36,39,104,0
36,40,103,0
36,41,102,0
36,42,101,0
36,43,100,0
36,44,99,0
36,45,98,0
36,46,97,0
36,47,96,0
36,48,95,0
36,49,94,0
36,50,93,0
36,51,92,0
36,52,91,0
36,53,90,0
36,54,89,0
36,55,88,0
36,56,87,0
36,57,86,0
36,58,85,0
36,59,84,0
36,60,83,0
36,61,82,0
36,62,81,0
36,63,80,0
36,64,79,0
36,65,78,0
36,66,77,0
36,67,76,0
36,68,75,0
36,69,74,0
36,70,73,0
36,71,72,0
36,72,71,0
36,73,70,0
36,74,69,0
36,75,68,0
36,76,67,0
36,77,66,0
36,78,65,0
36,79,64,0
36,80,63,0
36,81,62,0
36,82,61,0
36,83,60,0
36,84,59,0
36,85,58,0
36,86,57,0
36,87,56,0
36,88,55,0
36,89,54,0
36,90,53,0
36,91,52,0
36,92,51,0
36,93,50,0
36,94,49,0
36,95,48,0
36,96,47,0
36,97,46,0
36,98,45,0
36,99,44,0
36,100,43,0
36,101,42,0
36,102,41,0
36,103,40,0
36,104,39,0
36,105,38,0
36,106,37,0
36,107,36,0
36,108,35,0
36,109,34,0
36,110,33,0
36,111,32,0
36,112,31,0
36,113,30,0
36,114,29,0
36,115,28,0
36,116,27,0
36,117,26,0
36,118,25,0
36,119,24,0
36,120,23,0
36,121,22,0
36,122,21,0
36,123,20,0
36,124,19,0
36,125,18,0
36,126,17,0
36,127,16,0
36,128,15,0
36,129,14,0
36,130,13,0
36,131,12,0
36,132,11,0
36,133,10,0
36,134,9,0
36,135,8,0
36,136,7,0
36,137,6,0
36,138,5,0
36,139,4,0
36,140,3,0
36,141,2,0
36,142,1,0
36,143,0,0
37,31,357,0
37,32,356,0
37,33,355,0
37,34,354,0
37,35,353,0
37,36,352,0
37,37,351,0
37,38,350,0
37,39,349,0
37,40,348,0
37,41,347,0
37,42,346,0
37,43,345,0
37,44,344,0
37,45,343,0
37,46,342,0
37,47,341,0
37,48,340,0
37,49,339,0
37,50,338,0
37,51,337,0
37,52,336,0
37,53,335,0
37,54,334,0
37,55,333,0
37,56,332,0
37,57,331,0
37,58,330,0
37,59,329,0
37,60,328,0
37,61,327,0
37,62,326,0
37,63,325,0
37,64,324,0
37,65,323,0
37,66,322,0
37,67,321,0
37,68,320,0
37,69,319,0
37,70,318,0
37,71,317,0
37,72,316,0
37,73,315,0
37,74,314,0
37,75,313,0
37,76,312,0
37,77,311,0
37,78,310,0
37,79,309,0
37,80,308,0
37,81,307,0
37,82,306,0
37,83,305,0
37,84,304,0
37,85,303,0
37,86,302,0
37,87,301,0
37,88,300,0
37,89,299,0
37,90,298,0
37,91,297,0
37,92,296,0
37,93,295,0
37,94,294,0
37,95,293,0
37,96,292,0
37,97,291,0
37,98,290,0
37,99,289,0
37,100,288,0
37,101,287,0
37,102,286,0
37,103,285,0
37,104,284,0
37,105,283,0
37,106,282,0
37,107,281,0
37,108,280,0
37,109,279,0
37,110,278,0
37,111,277,0
37,112,276,0
37,113,275,0
37,114,274,0
37,115,273,0
37,116,272,0
37,117,271,0
37,118,270,0
37,119,269,0
37,120,268,0
37,121,267,0
37,122,266,0
37,123,265,0
37,124,264,0
37,125,263,0
37,126,262,0
37,127,261,0
37,128,260,0
37,129,259,0
37,130,258,0
37,131,257,0
37,132,256,0
37,133,255,0
37,134,254,0
37,135,253,0
37,136,252,0
37,137,251,0
37,138,250,0
37,139,249,0
37,140,248,0
37,141,247,0
37,142,246,0
37,143,245,0
37,144,244,0
37,145,243,0
37,146,242,0
37,147,241,0
37,148,240,0
37,149,239,0
37,150,238,0
37,151,237,0
37,152,236,0
37,153,235,0
37,154,234,0
37,155,233,0
37,156,232,0
37,157,231,0
37,158,230,0
37,159,229,0
37,160,228,0
37,161,227,0
37,162,226,0
37,163,225,0
37,164,224,0
37,165,223,0
37,166,222,0
37,167,221,0
37,168,220,0
37,169,219,0
37,170,218,0
37,171,217,0
37,172,216,0
37,173,215,0
37,174,214,0
37,175,213,0
37,176,212,0
37,177,211,0
37,178,210,0
37,179,209,0
37,180,208,0
37,181,207,0
37,182,206,0
37,183,205,0
37,184,204,0
37,185,203,0
37,186,202,0
37,187,201,0
37,188,200,0
37,189,199,0
37,190,198,0
37,191,197,0
37,192,196,0
37,193,195,0
37,194,194,0
37,195,193,0
37,196,192,0
37,197,191,0
37,198,190,0
37,199,189,0
37,200,188,0
37,201,187,0
37,202,186,0
37,203,185,0
37,204,184,0
37,205,183,0
37,206,182,0
37,207,181,0
37,208,180,0
37,209,179,0
37,210,178,0
37,211,177,0
37,212,176,0
37,213,175,0
37,214,174,0
37,215,173,0
37,216,172,0
37,217,171,0
37,218,170,0
37,219,169,0
37,220,168,0
37,221,167,0
37,222,166,0
37,223,165,0
37,224,164,0
37,225,163,0
37,226,162,0
37,227,161,0
37,228,160,0
37,229,159,0
37,230,158,0
37,231,157,0
37,232,156,0
37,233,155,0
37,234,154,0
37,235,153,0
37,236,152,0
37,237,151,0
37,238,150,0
37,239,149,0
37,240,148,0
37,241,147,0
37,242,146,0
37,243,145,0
37,244,144,0
37,245,143,0
37,246,142,0
37,247,141,0
37,248,140,0
37,249,139,0
37,250,138,0
37,251,137,0
37,252,136,0
37,253,135,0
37,254,134,0
37,255,133,0
37,256,132,0
37,257,131,0
37,258,130,0
37,259,129,0
37,260,128,0
37,261,127,0
37,262,126,0
37,263,125,0
37,264,124,0
37,265,123,0
37,266,122,0
37,267,121,0
37,268,120,0
37,269,119,0
37,270,118,0
37,271,117,0
37,272,116,0
37,273,115,0
37,274,114,0
37,275,113,0
37,276,112,0
37,277,111,0
37,278,110,0
37,279,109,0
37,280,108,0
37,281,107,0
37,282,106,0
37,283,105,0
37,284,104,0
37,285,103,0
37,286,102,0
37,287,101,0
37,288,100,0
37,289,99,0
37,290,98,0
37,291,97,0
37,292,96,0
37,293,95,0
37,294,94,0
37,295,93,0
37,296,92,0
37,297,91,0
37,298,90,0
37,299,89,0
37,300,88,0
37,301,87,0
37,302,86,0
37,303,85,0
37,304,84,0
37,305,83,0
37,306,82,0
37,307,81,0
37,308,80,0
37,309,79,0
37,310,78,0
37,311,77,0
37,312,76,0
37,313,75,0
37,314,74,0
37,315,73,0
37,316,72,0
37,317,71,0
37,318,70,0
37,319,69,0
37,320,68,0
37,321,67,0
37,322,66,0
37,323,65,0
37,324,64,0
37,325,63,0
37,326,62,0
37,327,61,0
37,328,60,0
37,329,59,0
37,330,58,0
37,331,57,0
37,332,56,0
37,333,55,0
37,334,54,0
37,335,53,0
37,336,52,0
37,337,51,0
37,338,50,0
37,339,49,0
37,340,48,0
37,341,47,0
37,342,46,0
37,343,45,0
37,344,44,0
37,345,43,0
37,346,42,0
37,347,41,0
37,348,40,0
37,349,39,0
37,350,38,0
37,351,37,0
37,352,36,0
37,353,35,0
37,354,34,0
37,355,33,0
37,356,32,0
37,357,31,0
37,358,30,0
37,359,29,0
37,360,28,0
37,361,27,0
37,362,26,0
37,363,25,0
37,364,24,0
37,365,23,0
37,366,22,0
37,367,21,0
37,368,20,0
37,369,19,0
37,370,18,0
37,371,17,0
37,372,16,0
37,373,15,0
37,374,14,0
37,375,13,0
37,376,12,0
37,377,11,0
37,378,10,0
37,379,9,0
37,380,8,0
37,381,7,0
37,382,6,0
37,383,5,0
37,384,4,0
37,385,3,0
37,386,2,0
37,387,1,-1
37,388,0,0
38,31,146,0
38,32,145,0
38,33,144,0
38,34,143,0
38,35,142,0
38,36,141,0
38,37,140,0
38,38,139,0
38,39,138,0
38,40,137,0
38,41,136,0
38,42,135,0
38,43,134,0
38,44,133,0
38,45,132,0
38,46,131,0
38,47,130,0
38,48,129,0
38,49,128,0
38,50,127,0
38,51,126,0
38,52,125,0
38,53,124,0
38,54,123,0
38,55,122,0
38,56,121,0
38,57,120,0
38,58,119,0
38,59,118,0
38,60,117,0
38,61,116,0
38,62,115,0
38,63,114,0
38,64,113,0
38,65,112,0
38,66,111,0
38,67,110,0
38,68,109,0
38,69,108,0
38,70,107,0
38,71,106,0
38,72,105,0
38,73,104,0
38,74,103,0
38,75,102,0
38,76,101,0
38,77,100,0
38,78,99,0
38,79,98,0
38,80,97,0
38,81,96,0
38,82,95,0
38,83,94,0
38,84,93,0
38,85,92,0
38,86,91,0
38,87,90,0
38,88,89,0
38,89,88,0
38,90,87,0
38,91,86,0
38,92,85,0
38,93,84,0
38,94,83,0
38,95,82,0
38,96,81,0
38,97,80,0
38,98,79,0
38,99,78,0
38,100,77,0
38,101,76,0
38,102,75,0
38,103,74,0
38,104,73,0
38,105,72,0
38,106,71,0
38,107,70,0
38,108,69,0
38,109,68,0
38,110,67,0
38,111,66,0
38,112,65,0
38,113,64,0
38,114,63,0
38,115,62,0
38,116,61,0
38,117,60,0
38,118,59,0
38,119,58,0
38,120,57,0
38,121,56,0
38,122,55,0
38,123,54,0
38,124,53,0
38,125,52,0
38,126,51,0
38,127,50,0
38,128,49,0
38,129,48,0
38,130,47,0
38,131,46,0
38,132,45,0
38,133,44,0
38,134,43,0
38,135,42,0
38,136,41,0
38,137,40,0
38,138,39,0
38,139,38,0
38,140,37,0
38,141,36,0
38,142,35,0
38,143,34,0
38,144,33,0
38,145,32,0
38,146,31,0
38,147,30,0
38,148,29,0
38,149,28,0
38,150,27,0
38,151,26,0
38,152,25,0
38,153,24,0
38,154,23,0
38,155,22,0
38,156,21,0
38,157,20,0
38,158,19,0
38,159,18,0
38,160,17,0
38,161,16,0
38,162,15,0
38,163,14,0
38,164,13,0
38,165,12,0
38,166,11,0
38,167,10,0
38,168,9,0
38,169,8,0
38,170,7,0
38,171,6,0
38,172,5,0
38,173,4,0
38,174,3,0
38,175,2,0
38,176,1,0
38,177,0,0
39,31,171,0
39,32,170,0
39,33,169,0
39,34,168,0
39,35,167,0
39,36,166,0
39,37,165,0
39,38,164,0
39,39,163,0
39,40,162,0
39,41,161,0
39,42,160,0
39,43,159,0
39,44,158,0
39,45,157,0
39,46,156,0
39,47,155,0
39,48,154,0
39,49,153,0
39,50,152,0
39,51,151,0
39,52,150,0
39,53,149,0
39,54,148,0
39,55,147,0
39,56,146,0
39,57,145,0
39,58,144,0
39,59,143,0
39,60,142,0
39,61,141,0
39,62,140,0
39,63,139,0
39,64,138,0
39,65,137,0
39,66,136,0
39,67,135,0
39,68,134,0
39,69,133,0
39,70,132,0
39,71,131,0
39,72,130,0
39,73,129,0
39,74,128,0
39,75,127,0
39,76,126,0
39,77,125,0
39,78,124,0
39,79,123,0
39,80,122,0
39,81,121,0
39,82,120,0
39,83,119,0
39,84,118,0
39,85,117,0
39,86,116,0
39,87,115,0
39,88,114,0
39,89,113,0
39,90,112,0
39,91,111,0
39,92,110,0
39,93,109,0
39,94,108,0
39,95,107,0
39,96,106,0
39,97,105,0
39,98,104,0
39,99,103,0
39,100,102,0
39,101,101,0
39,102,100,0
39,103,99,0
39,104,98,0
39,105,97,0
39,106,96,0
39,107,95,0
39,108,94,0
39,109,93,0
39,110,92,0
39,111,91,0
39,112,90,0
39,113,89,0
39,114,88,0
39,115,87,0
39,116,86,0
39,117,85,0
39,118,84,0
39,119,83,0
39,120,82,0
39,121,81,0
39,122,80,0
39,123,79,0
39,124,78,0
39,125,77,0
39,126,76,0
39,127,75,0
39,128,74,0
39,129,73,0
39,130,72,0
39,131,71,0
39,132,70,0
39,133,69,0
39,134,68,0
39,135,67,0
39,136,66,0
39,137,65,0
39,138,64,0
39,139,63,0
39,140,62,0
39,141,61,0
39,142,60,0
39,143,59,0
39,144,58,0
39,145,57,0
39,146,56,0
39,147,55,0
39,148,54,0
39,149,53,0
39,150,52,0
39,151,51,0
39,152,50,0
39,153,49,0
39,154,48,0
39,155,47,0
39,156,46,0
39,157,45,0
39,158,44,0
39,159,43,0
39,160,42,0
39,161,41,0
39,162,40,0
39,163,39,0
39,164,38,0
39,165,37,0
39,166,36,0
39,167,35,0
39,168,34,0
39,169,33,0
39,170,32,0
39,171,31,0
39,172,30,0
39,173,29,0
39,174,28,0
39,175,27,0
39,176,26,0
39,177,25,0
39,178,24,0
39,179,23,0
39,180,22,0
39,181,21,0
39,182,20,0
39,183,19,0
39,184,18,0
39,185,17,0
39,186,16,0
39,187,15,0
39,188,14,0
39,189,13,0
39,190,12,0
39,191,11,0
39,192,10,0
39,193,9,0
39,194,8,0
39,195,7,0
39,196,6,0
39,197,5,0
39,198,4,0
39,199,3,0
39,200,2,0
39,201,1,0
39,202,0,0
40,31,175,0
40,32,174,0
40,33,173,0
40,34,172,0
40,35,171,0
40,36,170,0
40,37,169,0
40,38,168,0
40,39,167,0
40,40,166,0
40,41,165,0
40,42,164,0
40,43,163,0
40,44,162,0
40,45,161,0
40,46,160,0
40,47,159,0
40,48,158,0
40,49,157,0
40,50,156,0
40,51,155,0
40,52,154,0
40,53,153,0
40,54,152,0
40,55,151,0
40,56,150,0
40,57,149,0
40,58,148,0
40,59,147,0
40,60,146,0
40,61,145,0
40,62,144,0
40,63,143,0
40,64,142,0
40,65,141,0
40,66,140,0
40,67,139,0
40,68,138,0
40,69,137,0
40,70,136,0
40,71,135,0
40,72,134,0
40,73,133,0
40,74,132,0
40,75,131,0
40,76,130,0
40,77,129,0
40,78,128,0
40,79,127,0
40,80,126,0
40,81,125,0
40,82,124,0
40,83,123,0
40,84,122,0
40,85,121,0
40,86,120,0
40,87,119,0
40,88,118,0
40,89,117,0
40,90,116,0
40,91,115,0
40,92,114,0
40,93,113,0
40,94,112,0
40,95,111,0
40,96,110,0
40,97,109,0
40,98,108,0
40,99,107,0
40,100,106,0
40,101,105,0
40,102,104,0
40,103,103,0
40,104,102,0
40,105,101,0
40,106,100,0
40,107,99,0
40,108,98,0
40,109,97,0
40,110,96,0
40,111,95,0
40,112,94,0
40,113,93,0
40,114,92,0
40,115,91,0
40,116,90,0
40,117,89,0
40,118,88,0
40,119,87,0
40,120,86,0
40,121,85,0
40,122,84,0
40,123,83,0
40,124,82,0
40,125,81,0
40,126,80,0
40,127,79,0
40,128,78,0
40,129,77,0
40,130,76,0
40,131,75,0
40,132,74,0
40,133,73,0
40,134,72,0
40,135,71,0
40,136,70,0
40,137,69,0
40,138,68,0
40,139,67,0
40,140,66,0
40,141,65,0
40,142,64,0
40,143,63,0
40,144,62,0
40,145,61,0
40,146,60,0
40,147,59,0
40,148,58,0
40,149,57,0
40,150,56,0
40,151,55,0
40,152,54,0
40,153,53,0
40,154,52,0
40,155,51,0
40,156,50,0
40,157,49,0
40,158,48,0
40,159,47,0
40,160,46,0
40,161,45,0
40,162,44,0
40,163,43,0
40,164,42,0
40,165,41,0
40,166,40,0
40,167,39,0
40,168,38,0
40,169,37,0
40,170,36,0
40,171,35,0
40,172,34,0
40,173,33,0
40,174,32,0
40,175,31,0
40,176,30,0
40,177,29,0
40,178,28,0
40,179,27,0
40,180,26,0
40,181,25,0
40,182,24,0
40,183,23,0
40,184,22,0
40,185,21,0
40,186,20,0
40,187,19,0
40,188,18,0
40,189,17,0
40,190,16,0
40,191,15,0
40,192,14,0
40,193,13,0
40,194,12,0
40,195,11,0
40,196,10,0
40,197,9,0
40,198,8,0
40,199,7,0
40,200,6,-1
40,201,5,0
40,202,4,-1
40,203,3,0
40,204,2,0
40,205,1,0
40,206,0,0
41,31,248,0
41,32,247,0
41,33,246,0
41,34,245,0
41,35,244,0
41,36,243,0
41,37,242,0
41,38,241,0
41,39,240,0
41,40,239,0
41,41,238,0
41,42,237,0
41,43,236,0
41,44,235,0
41,45,234,0
41,46,233,0
41,47,232,0
41,48,231,0
41,49,230,0
41,50,229,0
41,51,228,0
41,52,227,0
41,53,226,0
41,54,225,0
41,55,224,0
41,56,223,0
41,57,222,0
41,58,221,0
41,59,220,0
41,60,219,0
41,61,218,0
41,62,217,0
41,63,216,0
41,64,215,0
41,65,214,0
41,66,213,0
41,67,212,0
41,68,211,0
41,69,210,0
41,70,209,0
41,71,208,0
41,72,207,0
41,73,206,0
41,74,205,0
41,75,204,0
41,76,203,0
41,77,202,0
41,78,201,0
41,79,200,0
41,80,199,0
41,81,198,0
41,82,197,0
41,83,196,0
41,84,195,0
41,85,194,0
41,86,193,0
41,87,192,0
41,88,191,0
41,89,190,0
41,90,189,0
41,91,188,0
41,92,187,0
41,93,186,0
41,94,185,0
41,95,184,0
41,96,183,0
41,97,182,0
41,98,181,0
41,99,180,0
41,100,179,0
41,101,178,0
41,102,177,0
41,103,176,0
41,104,175,0
41,105,174,0
41,106,173,0
41,107,172,0
41,108,171,0
41,109,170,0
41,110,169,0
41,111,168,0
41,112,167,0
41,113,166,0
41,114,165,0
41,115,164,0
41,116,163,0
41,117,162,0
41,118,161,0
41,119,160,0
41,120,159,0
41,121,158,0
41,122,157,0
41,123,156,0
41,124,155,0
41,125,154,0
41,126,153,0
41,127,152,0
41,128,151,0
41,129,150,0
41,130,149,0
41,131,148,0
41,132,147,0
41,133,146,0
41,134,145,0
41,135,144,0
41,136,143,0
41,137,142,0
41,138,141,0
41,139,140,0
41,140,139,0
41,141,138,0
41,142,137,0
41,143,136,0
41,144,135,0
41,145,134,0
41,146,133,0
41,147,132,0
41,148,131,0
41,149,130,0
41,150,129,0
41,151,128,0
41,152,127,0
41,153,126,0
41,154,125,0
41,155,124,0
41,156,123,0
41,157,122,0
41,158,121,0
41,159,120,0
41,160,119,0
41,161,118,0
41,162,117,0
41,163,116,0
41,164,115,0
41,165,114,0
41,166,113,0
41,167,112,0
41,168,111,0
41,169,110,0
41,170,109,0
41,171,108,0
41,172,107,0
41,173,106,0
41,174,105,0
41,175,104,0
41,176,103,0
41,177,102,0
41,178,101,0
41,179,100,0
41,180,99,0
41,181,98,0
41,182,97,0
41,183,96,0
41,184,95,0
41,185,94,0
41,186,93,0
41,187,92,0
41,188,91,0
41,189,90,0
41,190,89,0
41,191,88,0
41,192,87,0
41,193,86,0
41,194,85,0
41,195,84,0
41,196,83,0
41,197,82,0
41,198,81,0
41,199,80,0
41,200,79,0
41,201,78,0
41,202,77,0
41,203,76,0
41,204,75,0
41,205,74,0
41,206,73,0
41,207,72,0
41,208,71,0
41,209,70,0
41,210,69,0
41,211,68,0
41,212,67,0
41,213,66,0
41,214,65,0
41,215,64,0
41,216,63,0
41,217,62,0
41,218,61,0
41,219,60,0
41,220,59,0
41,221,58,0
41,222,57,0
41,223,56,0
41,224,55,0
41,225,54,0
41,226,53,0
41,227,52,0
41,228,51,0
41,229,50,0
41,230,49,0
41,231,48,0
41,232,47,0
41,233,46,0
41,234,45,0
41,235,44,0
41,236,43,0
41,237,42,0
41,238,41,0
41,239,40,0
41,240,39,0
41,241,38,0
41,242,37,0
41,243,36,0
41,244,35,0
41,245,34,0
41,246,33,0
41,247,32,0
41,248,31,0
41,249,30,0
41,250,29,0
41,251,28,0
41,252,27,0
41,253,26,0
41,254,25,0
41,255,24,0
41,256,23,0
41,257,22,0
41,258,21,0
41,259,20,0
41,260,19,0
41,261,18,0
41,262,17,0
41,263,16,0
41,264,15,0
41,265,14,0
41,266,13,0
41,267,12,0
41,268,11,0
41,269,10,0
41,270,9,0
41,271,8,0
41,272,7,0
41,273,6,0
41,274,5,0
41,275,4,0
41,276,3,0
41,277,2,0
41,278,1,0
41,279,0,0
42,31,249,0
42,32,248,0
42,33,247,0
42,34,246,0
42,35,245,0
42,36,244,0
42,37,243,0
42,38,242,0
42,39,241,0
42,40,240,0
42,41,239,0
42,42,238,0
42,43,237,0
42,44,236,0
42,45,235,0
42,46,234,0
42,47,233,0
42,48,232,0
42,49,231,0
42,50,230,0
42,51,229,0
42,52,228,0
42,53,227,0
42,54,226,0
42,55,225,0
42,56,224,0
42,57,223,0
42,58,222,0
42,59,221,0
42,60,220,0
42,61,219,0
42,62,218,0
42,63,217,0
42,64,216,0
42,65,215,0
42,66,214,0
42,67,213,0
42,68,212,0
42,69,211,0
42,70,210,0
42,71,209,0
42,72,208,0
42,73,207,0
42,74,206,0
42,75,205,0
42,76,204,0
42,77,203,0
42,78,202,0
42,79,201,0
42,80,200,0
42,81,199,0
42,82,198,0
42,83,197,0
42,84,196,0
42,85,195,0
42,86,194,0
42,87,193,0
42,88,192,0
42,89,191,0
42,90,190,0
42,91,189,0
42,92,188,0
42,93,187,0
42,94,186,0
42,95,185,0
42,96,184,0
42,97,183,0
42,98,182,0
42,99,181,0
42,100,180,0
42,101,179,0
42,102,178,0
42,103,177,0
42,104,176,0
42,105,175,0
42,106,174,0
42,107,173,0
42,108,172,0
42,109,171,0
42,110,170,0
42,111,169,0
42,112,168,0
42,113,167,0
42,114,166,0
42,115,165,0
42,116,164,0
42,117,163,0
42,118,162,0
42,119,161,0
42,120,160,0
42,121,159,0
42,122,158,0
42,123,157,0
42,124,156,0
42,125,155,0
42,126,154,0
42,127,153,0
42,128,152,0
42,129,151,0
42,130,150,0
42,131,149,0
42,132,148,0
42,133,147,0
42,134,146,0
42,135,145,0
42,136,144,0
42,137,143,0
42,138,142,0
42,139,141,0
42,140,140,0
42,141,139,0
42,142,138,0
42,143,137,0
42,144,136,0
42,145,135,0
42,146,134,0
42,147,133,0
42,148,132,0
42,149,131,0
42,150,130,0
42,151,129,0
42,152,128,0
42,153,127,0
42,154,126,0
42,155,125,0
42,156,124,0
42,157,123,0
42,158,122,0
42,159,121,0
42,160,120,0
42,161,119,0
42,162,118,0
42,163,117,0
42,164,116,0
42,165,115,0
42,166,114,0
42,167,113,0
42,168,112,0
42,169,111,0
42,170,110,0
42,171,109,0
42,172,108,0
42,173,107,0
42,174,106,0
42,175,105,0
42,176,104,0
42,177,103,0
42,178,102,0
42,179,101,0
42,180,100,0
42,181,99,0
42,182,98,0
42,183,97,0
42,184,96,0
42,185,95,0
42,186,94,0
42,187,93,0
42,188,92,0
42,189,91,0
42,190,90,0
42,191,89,0
42,192,88,0
42,193,87,0
42,194,86,0
42,195,85,0
42,196,84,0
42,197,83,0
42,198,82,0
42,199,81,0
42,200,80,0
42,201,79,0
42,202,78,0
42,203,77,0
42,204,76,0
42,205,75,0
42,206,74,0
42,207,73,0
42,208,72,0
42,209,71,0
42,210,70,0
42,211,69,0
42,212,68,0
42,213,67,0
42,214,66,0
42,215,65,0
42,216,64,0
42,217,63,0
42,218,62,0
42,219,61,0
42,220,60,0
42,221,59,0
42,222,58,0
42,223,57,0
42,224,56,0
42,225,55,0
42,226,54,0
42,227,53,0
42,228,52,0
42,229,51,0
42,230,50,0
42,231,49,0
42,232,48,0
42,233,47,0
42,234,46,0
42,235,45,0
42,236,44,0
42,237,43,0
42,238,42,0
42,239,41,0
42,240,40,0
42,241,39,0
42,242,38,0
42,243,37,0
42,244,36,0
42,245,35,0
42,246,34,0
42,247,33,0
42,248,32,0
42,249,31,0
42,250,30,0
42,251,29,0
42,252,28,0
42,253,27,0
42,254,26,0
42,255,25,0
42,256,24,0
42,257,23,0
42,258,22,0
42,259,21,0
42,260,20,0
42,261,19,0
42,262,18,0
42,263,17,0
42,264,16,0
42,265,15,0
42,266,14,0
42,267,13,0
42,268,12,0
42,269,11,0
42,270,10,0
42,271,9,0
42,272,8,0
42,273,7,0
42,274,6,0
42,275,5,0
42,276,4,0
42,277,3,0
42,278,2,0
42,279,1,0
42,280,0,0
43,31,192,0
43,32,191,0
43,33,190,0
43,34,189,0
43,35,188,0
43,36,187,0
43,37,186,0
43,38,185,0
43,39,184,0
43,40,183,0
43,41,182,0
43,42,181,0
43,43,180,0
43,44,179,0
43,45,178,0
43,46,177,0
43,47,176,0
43,48,175,0
43,49,174,0
43,50,173,0
43,51,172,0
43,52,171,0
43,53,170,0
43,54,169,0
43,55,168,0
43,56,167,0
43,57,166,0
43,58,165,0
43,59,164,0
43,60,163,0
43,61,162,0
43,62,161,0
43,63,160,0
43,64,159,0
43,65,158,0
43,66,157,0
43,67,156,0
43,68,155,0
43,69,154,0
43,70,153,0
43,71,152,0
43,72,151,0
43,73,150,0
43,74,149,0
43,75,148,0
43,76,147,0
43,77,146,0
43,78,145,0
43,79,144,0
43,80,143,0
43,81,142,0
43,82,141,0
43,83,140,0
43,84,139,0
43,85,138,0
43,86,137,0
43,87,136,0
43,88,135,0
43,89,134,0
43,90,133,0
43,91,132,0
43,92,131,0
43,93,130,0
43,94,129,0
43,95,128,0
43,96,127,0
43,97,126,0
43,98,125,0
43,99,124,0
43,100,123,0
43,101,122,0
43,102,121,0
43,103,120,0
43,104,119,0
43,105,118,0
43,106,117,0
43,107,116,0
43,108,115,0
43,109,114,0
43,110,113,0
43,111,112,0
43,112,111,0
43,113,110,0
43,114,109,0
43,115,108,0
43,116,107,0
43,117,106,0
43,118,105,0
43,119,104,0
43,120,103,0
43,121,102,0
43,122,101,0
43,123,100,0
43,124,99,0
43,125,98,0
43,126,97,0
43,127,96,0
43,128,95,0
43,129,94,0
43,130,93,0
43,131,92,0
43,132,91,0
43,133,90,0
43,134,89,0
43,135,88,0
43,136,87,0
43,137,86,0
43,138,85,0
43,139,84,0
43,140,83,0
43,141,82,0
43,142,81,0
43,143,80,0
43,144,79,0
43,145,78,0
43,146,77,0
43,147,76,0
43,148,75,0
43,149,74,0
43,150,73,0
43,151,72,0
43,152,71,0
43,153,70,0
43,154,69,0
43,155,68,0
43,156,67,0
43,157,66,0
43,158,65,0
43,159,64,0
43,160,63,0
43,161,62,0
43,162,61,0
43,163,60,0
43,164,59,0
43,165,58,0
43,166,57,0
43,167,56,0
43,168,55,0
43,169,54,0
43,170,53,0
43,171,52,0
43,172,51,0
43,173,50,0
43,174,49,0
43,175,48,0
43,176,47,0
43,177,46,0
43,178,45,0
43,179,44,0
43,180,43,0
43,181,42,0
43,182,41,0
43,183,40,0
43,184,39,0
43,185,38,0
43,186,37,0
43,187,36,0
43,188,35,0
43,189,34,0
43,190,33,0
43,191,32,0
43,192,31,0
43,193,30,0
43,194,29,0
43,195,28,0
43,196,27,0
43,197,26,0
43,198,25,0
43,199,24,0
43,200,23,0
43,201,22,0
43,202,21,0
43,203,20,0
43,204,19,0
43,205,18,0
43,206,17,0
43,207,16,0
43,208,15,0
43,209,14,0
43,210,13,0
43,211,12,0
43,212,11,0
43,213,10,0
43,214,9,0
43,215,8,0
43,216,7,0
43,217,6,0
43,218,5,0
43,219,4,0
43,220,3,0
43,221,2,0
43,222,1,0
43,223,0,0
44,31,172,0
44,32,171,0
44,33,170,0
44,34,169,0
44,35,168,0
44,36,167,0
44,37,166,0
44,38,165,0
44,39,164,0
44,40,163,0
44,41,162,0
44,42,161,0
44,43,160,0
44,44,159,0
44,45,158,0
44,46,157,0
44,47,156,0
44,48,155,0
44,49,154,0
44,50,153,0
44,51,152,0
44,52,151,0
44,53,150,0
44,54,149,0
44,55,148,0
44,56,147,0
44,57,146,0
44,58,145,0
44,59,144,0
44,60,143,0
44,61,142,0
44,62,141,0
44,63,140,0
44,64,139,0
44,65,138,0
44,66,137,0
44,67,136,0
44,68,135,0
44,69,134,0
44,70,133,0
44,71,132,0
44,72,131,0
44,73,130,0
44,74,129,0
44,75,128,0
44,76,127,0
44,77,126,0
44,78,125,0
44,79,124,0
44,80,123,0
44,81,122,0
44,82,121,0
44,83,120,0
44,84,119,0
44,85,118,0
44,86,117,0
44,87,116,0
44,88,115,0
44,89,114,0
44,90,113,0
44,91,112,0
44,92,111,0
44,93,110,0
44,94,109,0
44,95,108,0
44,96,107,0
44,97,106,0
44,98,105,0
44,99,104,0
44,100,103,0
44,101,102,0
44,102,101,0
44,103,100,0
44,104,99,0
44,105,98,0
44,106,97,0
44,107,96,0
44,108,95,0
44,109,94,0
44,110,93,0
44,111,92,0
44,112,91,0
44,113,90,0
44,114,89,0
44,115,88,0
44,116,87,0
44,117,86,0
44,118,85,0
44,119,84,0
44,120,83,0
44,121,82,0
44,122,81,0
44,123,80,0
44,124,79,0
44,125,78,0
44,126,77,0
44,127,76,0
44,128,75,0
44,129,74,0
44,130,73,0
44,131,72,0
44,132,71,0
44,133,70,0
44,134,69,0
44,135,68,0
44,136,67,0
44,137,66,0
44,138,65,0
44,139,64,0
44,140,63,0
44,141,62,0
44,142,61,0
44,143,60,0
44,144,59,0
44,145,58,0
44,146,57,0
44,147,56,0
44,148,55,0
44,149,54,0
44,150,53,0
44,151,52,0
44,152,51,0
44,153,50,0
44,154,49,0
44,155,48,0
44,156,47,0
44,157,46,0
44,158,45,0
44,159,44,0
44,160,43,0
44,161,42,0
44,162,41,0
44,163,40,0
44,164,39,0
44,165,38,0
44,166,37,0
44,167,36,0
44,168,35,0
44,169,34,0
44,170,33,0
44,171,32,0
44,172,31,0
44,173,30,0
44,174,29,0
44,175,28,0
44,176,27,0
44,177,26,-1
44,178,25,-1
44,179,24,-1
44,180,23,-1
44,181,22,-1
44,182,21,-1
44,183,20,-1
44,184,19,-1
44,185,18,-1
44,186,17,-1
44,187,16,-1
44,188,15,-1
44,189,14,-1
44,190,13,-1
44,191,12,-1
44,192,11,-1
44,193,10,-1
44,194,9,-1
44,195,8,-1
44,196,7,-1
44,197,6,-1
44,198,5,-1
44,199,4,-1
44,200,3,-1
44,201,2,-1
44,202,1,-1
44,203,0,-1
45,31,146,0
45,32,145,0
45,33,144,0
45,34,143,0
45,35,142,0
45,36,141,0
45,37,140,0
45,38,139,0
45,39,138,0
45,40,137,0
45,41,136,0
45,42,135,0
45,43,134,0
45,44,133,0
45,45,132,0
45,46,131,0
45,47,130,0
45,48,129,0
45,49,128,0
45,50,127,0
45,51,126,0
45,52,125,0
45,53,124,0
45,54,123,0
45,55,122,0
45,56,121,0
45,57,120,0
45,58,119,0
45,59,118,0
45,60,117,0
45,61,116,0
45,62,115,0
45,63,114,0
45,64,113,0
45,65,112,0
45,66,111,0
45,67,110,0
45,68,109,0
45,69,108,0
45,70,107,0
45,71,106,0
45,72,105,0
45,73,104,0
45,74,103,0
45,75,102,0
45,76,101,0
45,77,100,0
45,78,99,0
45,79,98,0
45,80,97,0
45,81,96,0
45,82,95,0
45,83,94,0
45,84,93,0
45,85,92,0
45,86,91,0
45,87,90,0
45,88,89,0
45,89,88,0
45,90,87,0
45,91,86,0
45,92,85,0
45,93,84,0
45,94,83,0
45,95,82,0
45,96,81,0
45,97,80,0
45,98,79,0
45,99,78,0
45,100,77,0
45,101,76,0
45,102,75,0
45,103,74,0
45,104,73,0
45,105,72,0
45,106,71,0
45,107,70,0
45,108,69,0
45,109,68,0
45,110,67,0
45,111,66,0
45,112,65,0
45,113,64,0
45,114,63,0
45,115,62,0
45,116,61,0
45,117,60,0
45,118,59,0
45,119,58,0
45,120,57,0
45,121,56,0
45,122,55,0
45,123,54,0
45,124,53,0
45,125,52,0
45,126,51,0
45,127,50,0
45,128,49,0
45,129,48,0
45,130,47,0
45,131,46,0
45,132,45,0
45,133,44,0
45,134,43,0
45,135,42,0
45,136,41,0
45,137,40,0
45,138,39,0
45,139,38,0
45,140,37,0
45,141,36,0
45,142,35,0
45,143,34,0
45,144,33,0
45,145,32,0
45,146,31,0
45,147,30,0
45,148,29,0
45,149,28,0
45,150,27,0
45,151,26,0
45,152,25,0
45,153,24,0
45,154,23,0
45,155,22,0
45,156,21,0
45,157,20,0
45,158,19,0
45,159,18,0
45,160,17,0
45,161,16,0
45,162,15,0
45,163,14,0
45,164,13,0
45,165,12,0
45,166,11,0
45,167,10,0
45,168,9,0
45,169,8,0
45,170,7,0
45,171,6,0
45,172,5,0
45,173,4,0
45,174,3,0
45,175,2,0
45,176,1,0
45,177,0,0
46,31,290,0
46,32,289,0
46,33,288,0
46,34,287,0
46,35,286,0
46,36,285,0
46,37,284,0
46,38,283,0
46,39,282,0
46,40,281,0
46,41,280,0
46,42,279,0
46,43,278,0
46,44,277,0
46,45,276,0
46,46,275,0
46,47,274,0
46,48,273,0
46,49,272,0
46,50,271,0
46,51,270,0
46,52,269,0
46,53,268,0
46,54,267,0
46,55,266,0
46,56,265,0
46,57,264,0
46,58,263,0
46,59,262,0
46,60,261,0
46,61,260,0
46,62,259,0
46,63,258,0
46,64,257,0
46,65,256,0
46,66,255,0
46,67,254,0
46,68,253,0
46,69,252,0
46,70,251,0
46,71,250,0
46,72,249,0
46,73,248,0
46,74,247,0
46,75,246,0
46,76,245,0
46,77,244,0
46,78,243,0
46,79,242,0
46,80,241,0
46,81,240,0
46,82,239,0
46,83,238,0
46,84,237,0
46,85,236,0
46,86,235,0
46,87,234,0
46,88,233,0
46,89,232,0
46,90,231,0
46,91,230,0
46,92,229,0
46,93,228,0
46,94,227,0
46,95,226,0
46,96,225,0
46,97,224,0
46,98,223,0
46,99,222,0
46,100,221,0
46,101,220,0
46,102,219,0
46,103,218,0
46,104,217,0
46,105,216,0
46,106,215,0
46,107,214,0
46,108,213,0
46,109,212,0
46,110,211,0
46,111,210,0
46,112,209,0
46,113,208,0
46,114,207,0
46,115,206,0
46,116,205,0
46,117,204,0
46,118,203,0
46,119,202,0
46,120,201,0
46,121,200,0
46,122,199,0
46,123,198,0
46,124,197,0
46,125,196,0
46,126,195,0
46,127,194,0
46,128,193,0
46,129,192,0
46,130,191,0
46,131,190,0
46,132,189,0
46,133,188,0
46,134,187,0
46,135,186,0
46,136,185,0
46,137,184,0
46,138,183,0
46,139,182,0
46,140,181,0
46,141,180,0
46,142,179,0
46,143,178,0
46,144,177,0
46,145,176,0
46,146,175,0
46,147,174,0
46,148,173,0
46,149,172,0
46,150,171,0
46,151,170,0
46,152,169,0
46,153,168,0
46,154,167,0
46,155,166,0
46,156,165,0
46,157,164,0
46,158,163,0
46,159,162,0
46,160,161,0
46,161,160,0
46,162,159,0
46,163,158,0
46,164,157,0
46,165,156,0
46,166,155,0
46,167,154,0
46,168,153,0
46,169,152,0
46,170,151,0
46,171,150,0
46,172,149,0
46,173,148,0
46,174,147,0
46,175,146,0
46,176,145,0
46,177,144,0
46,178,143,0
46,179,142,0
46,180,141,0
46,181,140,0
46,182,139,0
46,183,138,0
46,184,137,0
46,185,136,0
46,186,135,0
46,187,134,0
46,188,133,0
46,189,132,0
46,190,131,0
46,191,130,0
46,192,129,0
46,193,128,0
46,194,127,0
46,195,126,0
46,196,125,0
46,197,124,0
46,198,123,0
46,199,122,0
46,200,121,0
46,201,120,0
46,202,119,0
46,203,118,0
46,204,117,0
46,205,116,0
46,206,115,0
46,207,114,0
46,208,113,0
46,209,112,0
46,210,111,0
46,211,110,0
46,212,109,0
46,213,108,0
46,214,107,0
46,215,106,0
46,216,105,0
46,217,104,0
46,218,103,0
46,219,102,0
46,220,101,0
46,221,100,0
46,222,99,0
46,223,98,0
46,224,97,0
46,225,96,0
46,226,95,0
46,227,94,0
46,228,93,0
46,229,92,0
46,230,91,0
46,231,90,0
46,232,89,0
46,233,88,0
46,234,87,0
46,235,86,0
46,236,85,0
46,237,84,0
46,238,83,0
46,239,82,0
46,240,81,0
46,241,80,0
46,242,79,0
46,243,78,0
46,244,77,0
46,245,76,0
46,246,75,0
46,247,74,0
46,248,73,0
46,249,72,0
46,250,71,0
46,251,70,0
46,252,69,0
46,253,68,0
46,254,67,0
46,255,66,0
46,256,65,0
46,257,64,0
46,258,63,0
46,259,62,0
46,260,61,0
46,261,60,0
46,262,59,0
46,263,58,0
46,264,57,0
46,265,56,0
46,266,55,0
46,267,54,0
46,268,53,0
46,269,52,0
46,270,51,0
46,271,50,0
46,272,49,0
46,273,48,0
46,274,47,0
46,275,46,0
46,276,45,0
46,277,44,0
46,278,43,0
46,279,42,0
46,280,41,0
46,281,40,0
46,282,39,0
46,283,38,0
46,284,37,0
46,285,36,0
46,286,35,0
46,287,34,0
46,288,33,0
46,289,32,0
46,290,31,0
46,291,30,0
46,292,29,0
46,293,28,0
46,294,27,0
46,295,26,0
46,296,25,0
46,297,24,0
46,298,23,0
46,299,22,0
46,300,21,0
46,301,20,0
46,302,19,0
46,303,18,0
46,304,17,0
46,305,16,0
46,306,15,0
46,307,14,0
46,308,13,0
46,309,12,0
46,310,11,0
46,311,10,0
46,312,9,0
46,313,8,0
46,314,7,0
46,315,6,0
46,316,5,0
46,317,4,0
46,318,3,0
46,319,2,0
46,320,1,0
46,321,0,0
47,31,344,0
47,32,343,0
47,33,342,0
47,34,341,0
47,35,340,0
47,36,339,0
47,37,338,0
47,38,337,0
47,39,336,0
47,40,335,0
47,41,334,0
47,42,333,0
47,43,332,0
47,44,331,0
47,45,330,0
47,46,329,0
47,47,328,0
47,48,327,0
47,49,326,0
47,50,325,0
47,51,324,0
47,52,323,0
47,53,322,0
47,54,321,0
47,55,320,0
47,56,319,0
47,57,318,0
47,58,317,0
47,59,316,0
47,60,315,0
47,61,314,0
47,62,313,0
47,63,312,0
47,64,311,0
47,65,310,0
47,66,309,0
47,67,308,0
47,68,307,0
47,69,306,0
47,70,305,0
47,71,304,0
47,72,303,0
47,73,302,0
47,74,301,0
47,75,300,0
47,76,299,0
47,77,298,0
47,78,297,0
47,79,296,0
47,80,295,0
47,81,294,0
47,82,293,0
47,83,292,0
47,84,291,0
47,85,290,0
47,86,289,0
47,87,288,0
47,88,287,0
47,89,286,0
47,90,285,0
47,91,284,0
47,92,283,0
47,93,282,0
47,94,281,0
47,95,280,0
47,96,279,0
47,97,278,0
47,98,277,0
47,99,276,0
47,100,275,0
47,101,274,0
47,102,273,0
47,103,272,0
47,104,271,0
47,105,270,0
47,106,269,0
47,107,268,0
47,108,267,0
47,109,266,0
47,110,265,0
47,111,264,0
47,112,263,0
47,113,262,0
47,114,261,0
47,115,260,0
47,116,259,0
47,117,258,0
47,118,257,0
47,119,256,0
47,120,255,0
47,121,254,0
47,122,253,0
47,123,252,0
47,124,251,0
47,125,250,0
47,126,249,0
47,127,248,0
47,128,247,0
47,129,246,0
47,130,245,0
47,131,244,0
47,132,243,0
47,133,242,0
47,134,241,0
47,135,240,0
47,136,239,-1
47,137,238,0
47,138,237,0
47,139,236,0
47,140,235,0
47,141,234,0
47,142,233,0
47,143,232,0
47,144,231,0
47,145,230,0
47,146,229,0
47,147,228,0
47,148,227,0
47,149,226,0
47,150,225,0
47,151,224,0
47,152,223,0
47,153,222,0
47,154,221,0
47,155,220,0
47,156,219,0
47,157,218,0
47,158,217,0
47,159,216,0
47,160,215,0
47,161,214,-1
47,162,213,0
47,163,212,0
47,164,211,0
47,165,210,0
47,166,209,0
47,167,208,0
47,168,207,0
47,169,206,0
47,170,205,0
47,171,204,0
47,172,203,0
47,173,202,0
47,174,201,0
47,175,200,0
47,176,199,0
47,177,198,0
47,178,197,0
47,179,196,0
47,180,195,0
47,181,194,0
47,182,193,0
47,183,192,0
47,184,191,0
47,185,190,0
47,186,189,0
47,187,188,0
47,188,187,0
47,189,186,0
47,190,185,0
47,191,184,0
47,192,183,0
47,193,182,0
47,194,181,0
47,195,180,0
47,196,179,0
47,197,178,0
47,198,177,0
47,199,176,0
47,200,175,0
47,201,174,0
47,202,173,0
47,203,172,0
47,204,171,0
47,205,170,0
47,206,169,0
47,207,168,0
47,208,167,0
47,209,166,0
47,210,165,0
47,211,164,0
47,212,163,0
47,213,162,0
47,214,161,0
47,215,160,0
47,216,159,0
47,217,158,0
47,218,157,0
47,219,156,0
47,220,155,0
47,221,154,0
47,222,153,0
47,223,152,0
47,224,151,0
47,225,150,0
47,226,149,0
47,227,148,0
47,228,147,0
47,229,146,0
47,230,145,0
47,231,144,0
47,232,143,0
47,233,142,0
47,234,141,0
47,235,140,0
47,236,139,0
47,237,138,0
47,238,137,0
47,239,136,0
47,240,135,0
47,241,134,0
47,242,133,0
47,243,132,0
47,244,131,0
47,245,130,0
47,246,129,0
47,247,128,0
47,248,127,0
47,249,126,0
47,250,125,0
47,251,124,0
47,252,123,0
47,253,122,0
47,254,121,0
47,255,120,0
47,256,119,0
47,257,118,0
47,258,117,0
47,259,116,0
47,260,115,0
47,261,114,0
47,262,113,0
47,263,112,0
47,264,111,0
47,265,110,0
47,266,109,0
47,267,108,0
47,268,107,0
47,269,106,0
47,270,105,0
47,271,104,0
47,272,103,0
47,273,102,0
47,274,101,0
47,275,100,0
47,276,99,0
47,277,98,0
47,278,97,0
47,279,96,0
47,280,95,0
47,281,94,0
47,282,93,0
47,283,92,0
47,284,91,0
47,285,90,0
47,286,89,0
47,287,88,0
47,288,87,0
47,289,86,0
47,290,85,0
47,291,84,0
47,292,83,0
47,293,82,0
47,294,81,0
47,295,80,0
47,296,79,0
47,297,78,0
47,298,77,0
47,299,76,0
47,300,75,0
47,301,74,0
47,302,73,0
47,303,72,0
47,304,71,0
47,305,70,0
47,306,69,0
47,307,68,0
47,308,67,0
47,309,66,0
47,310,65,0
47,311,64,0
47,312,63,0
47,313,62,0
47,314,61,0
47,315,60,0
47,316,59,0
47,317,58,0
47,318,57,0
47,319,56,0
47,320,55,0
47,321,54,0
47,322,53,0
47,323,52,0
47,324,51,0
47,325,50,0
47,326,49,0
47,327,48,0
47,328,47,0
47,329,46,0
47,330,45,0
47,331,44,0
47,332,43,0
47,333,42,0
47,334,41,0
47,335,40,0
47,336,39,0
47,337,38,0
47,338,37,0
47,339,36,0
47,340,35,0
47,341,34,0
47,342,33,0
47,343,32,0
47,344,31,0
47,345,30,0
47,346,29,0
47,347,28,0
47,348,27,0
47,349,26,0
47,350,25,0
47,351,24,0
47,352,23,0
47,353,22,0
47,354,21,0
47,355,20,0
47,356,19,0
47,357,18,0
47,358,17,0
47,359,16,0
47,360,15,0
47,361,14,0
47,362,13,0
47,363,12,0
47,364,11,0
47,365,10,0
47,366,9,0
47,367,8,0
47,368,7,0
47,369,6,0
47,370,5,0
47,371,4,0
47,372,3,0
47,373,2,0
47,374,1,0
47,375,0,0
48,31,291,0
48,32,290,0
48,33,289,0
48,34,288,0
48,35,287,0
48,36,286,0
48,37,285,0
48,38,284,0
48,39,283,0
48,40,282,0
48,41,281,0
48,42,280,0
48,43,279,0
48,44,278,0
48,45,277,0
48,46,276,0
48,47,275,0
48,48,274,0
48,49,273,0
48,50,272,0
48,51,271,0
48,52,270,0
48,53,269,0
48,54,268,0
48,55,267,0
48,56,266,0
48,57,265,0
48,58,264,0
48,59,263,0
48,60,262,0
48,61,261,0
48,62,260,0
48,63,259,0
48,64,258,0
48,65,257,0
48,66,256,0
48,67,255,0
48,68,254,0
48,69,253,0
48,70,252,0
48,71,251,0
48,72,250,0
48,73,249,0
48,74,248,0
48,75,247,0
48,76,246,0
48,77,245,0
48,78,244,0
48,79,243,0
48,80,242,0
48,81,241,0
48,82,240,0
48,83,239,0
48,84,238,0
48,85,237,0
48,86,236,0
48,87,235,0
48,88,234,0
48,89,233,0
48,90,232,0
48,91,231,0
48,92,230,0
48,93,229,0
48,94,228,0
48,95,227,0
48,96,226,0
48,97,225,0
48,98,224,0
48,99,223,0
48,100,222,0
48,101,221,0
48,102,220,0
48,103,219,0
48,104,218,0
48,105,217,0
48,106,216,0
48,107,215,0
48,108,214,0
48,109,213,0
48,110,212,0
48,111,211,0
48,112,210,0
48,113,209,0
48,114,208,0
48,115,207,0
48,116,206,0
48,117,205,0
48,118,204,0
48,119,203,0
48,120,202,0
48,121,201,0
48,122,200,0
48,123,199,0
48,124,198,0
48,125,197,0
48,126,196,0
48,127,195,0
48,128,194,0
48,129,193,0
48,130,192,0
48,131,191,0
48,132,190,0
48,133,189,0
48,134,188,0
48,135,187,0
48,136,186,0
48,137,185,0
48,138,184,0
48,139,183,0
48,140,182,0
48,141,181,0
48,142,180,0
48,143,179,0
48,144,178,0
48,145,177,0
48,146,176,0
48,147,175,0
48,148,174,0
48,149,173,0
48,150,172,0
48,151,171,0
48,152,170,0
48,153,169,0
48,154,168,0
48,155,167,0
48,156,166,0
48,157,165,0
48,158,164,0
48,159,163,0
48,160,162,0
48,161,161,0
48,162,160,0
48,163,159,0
48,164,158,0
48,165,157,0
48,166,156,0
48,167,155,0
48,168,154,0
48,169,153,-1
48,170,152,0
48,171,151,0
48,172,150,0
48,173,149,0
48,174,148,0
48,175,147,0
48,176,146,0
48,177,145,0
48,178,144,0
48,179,143,0
48,180,142,0
48,181,141,0
48,182,140,0
48,183,139,0
48,184,138,0
48,185,137,0
48,186,136,0
48,187,135,0
48,188,134,0
48,189,133,0
48,190,132,0
48,191,131,0
48,192,130,0
48,193,129,0
48,194,128,0
48,195,127,0
48,196,126,0
48,197,125,0
48,198,124,0
48,199,123,0
48,200,122,0
48,201,121,0
48,202,120,0
48,203,119,0
48,204,118,0
48,205,117,0
48,206,116,0
48,207,115,0
48,208,114,0
48,209,113,0
48,210,112,0
48,211,111,0
48,212,110,0
48,213,109,0
48,214,108,0
48,215,107,0
48,216,106,0
48,217,105,0
48,218,104,0
48,219,103,0
48,220,102,0
48,221,101,0
48,222,100,0
48,223,99,0
48,224,98,0
48,225,97,0
48,226,96,0
48,227,95,0
48,228,94,0
48,229,93,0
48,230,92,0
48,231,91,0
48,232,90,0
48,233,89,0
48,234,88,0
48,235,87,0
48,236,86,0
48,237,85,0
48,238,84,0
48,239,83,0
48,240,82,0
48,241,81,0
48,242,80,0
48,243,79,0
48,244,78,0
48,245,77,0
48,246,76,0
48,247,75,0
48,248,74,0
48,249,73,0
48,250,72,0
48,251,71,0
48,252,70,0
48,253,69,0
48,254,68,0
48,255,67,0
48,256,66,0
48,257,65,0
48,258,64,0
48,259,63,0
48,260,62,0
48,261,61,0
48,262,60,0
48,263,59,0
48,264,58,0
48,265,57,0
48,266,56,0
48,267,55,0
48,268,54,0
48,269,53,0
48,270,52,0
48,271,51,0
48,272,50,0
48,273,49,0
48,274,48,0
48,275,47,0
48,276,46,0
48,277,45,0
48,278,44,0
48,279,43,0
48,280,42,0
48,281,41,0
48,282,40,0
48,283,39,0
48,284,38,0
48,285,37,0
48,286,36,0
48,287,35,0
48,288,34,0
48,289,33,0
48,290,32,0
48,291,31,0
48,292,30,0
48,293,29,0
48,294,28,0
48,295,27,0
48,296,26,0
48,297,25,0
48,298,24,0
48,299,23,0
48,300,22,0
48,301,21,0
48,302,20,0
48,303,19,0
48,304,18,0
48,305,17,0
48,306,16,0
48,307,15,0
48,308,14,0
48,309,13,0
48,310,12,0
48,311,11,0
48,312,10,0
48,313,9,0
48,314,8,0
48,315,7,0
48,316,6,0
48,317,5,0
48,318,4,0
48,319,3,0
48,320,2,-1
48,321,1,0
48,322,0,-1
49,31,415,0
49,32,414,0
49,33,413,0
49,34,412,0
49,35,411,0
49,36,410,0
49,37,409,0
49,38,408,0
49,39,407,0
49,40,406,0
49,41,405,0
49,42,404,0
49,43,403,0
49,44,402,0
49,45,401,0
49,46,400,0
49,47,399,0
49,48,398,0
49,49,397,0
49,50,396,0
49,51,395,0
49,52,394,0
49,53,393,0
49,54,392,0
49,55,391,0
49,56,390,0
49,57,389,0
49,58,388,0
49,59,387,0
49,60,386,0
49,61,385,0
49,62,384,0
49,63,383,0
49,64,382,0
49,65,381,0
49,66,380,0
49,67,379,0
49,68,378,0
49,69,377,0
49,70,376,0
49,71,375,0
49,72,374,0
49,73,373,0
49,74,372,0
49,75,371,0
49,76,370,0
49,77,369,0
49,78,368,0
49,79,367,0
49,80,366,0
49,81,365,0
49,82,364,0
49,83,363,0
49,84,362,0
49,85,361,0
49,86,360,0
49,87,359,0
49,88,358,0
49,89,357,0
49,90,356,0
49,91,355,0
49,92,354,0
49,93,353,0
49,94,352,0
49,95,351,0
49,96,350,0
49,97,349,0
49,98,348,0
49,99,347,0
49,100,346,0
49,101,345,0
49,102,344,0
49,103,343,0
49,104,342,0
49,105,341,0
49,106,340,0
49,107,339,0
49,108,338,0
49,109,337,0
49,110,336,0
49,111,335,0
49,112,334,0
49,113,333,0
49,114,332,0
49,115,331,0
49,116,330,0
49,117,329,0
49,118,328,0
49,119,327,0
49,120,326,0
49,121,325,0
49,122,324,0
49,123,323,0
49,124,322,0
49,125,321,0
49,126,320,0
49,127,319,0
49,128,318,0
49,129,317,0
49,130,316,0
49,131,315,0
49,132,314,0
49,133,313,0
49,134,312,0
49,135,311,0
49,136,310,0
49,137,309,0
49,138,308,0
49,139,307,0
49,140,306,0
49,141,305,0
49,142,304,0
49,143,303,0
49,144,302,0
49,145,301,0
49,146,300,0
49,147,299,0
49,148,298,0
49,149,297,0
49,150,296,0
49,151,295,0
49,152,294,0
49,153,293,0
49,154,292,0
49,155,291,0
49,156,290,0
49,157,289,0
49,158,288,0
49,159,287,0
49,160,286,0
49,161,285,0
49,162,284,0
49,163,283,0
49,164,282,0
49,165,281,0
49,166,280,0
49,167,279,0
49,168,278,0
49,169,277,0
49,170,276,0
49,171,275,0
49,172,274,0
49,173,273,0
49,174,272,0
49,175,271,0
49,176,270,0
49,177,269,0
49,178,268,0
49,179,267,0
49,180,266,0
49,181,265,0
49,182,264,0
49,183,263,0
49,184,262,0
49,185,261,0
49,186,260,0
49,187,259,0
49,188,258,0
49,189,257,0
49,190,256,0
49,191,255,0
49,192,254,0
49,193,253,0
49,194,252,0
49,195,251,0
49,196,250,0
49,197,249,0
49,198,248,0
49,199,247,0
49,200,246,0
49,201,245,0
49,202,244,0
49,203,243,0
49,204,242,0
49,205,241,0
49,206,240,0
49,207,239,0
49,208,238,0
49,209,237,0
49,210,236,0
49,211,235,0
49,212,234,0
49,213,233,0
49,214,232,0
49,215,231,0
49,216,230,0
49,217,229,0
49,218,228,0
49,219,227,0
49,220,226,0
49,221,225,0
49,222,224,0
49,223,223,0
49,224,222,0
49,225,221,0
49,226,220,0
49,227,219,0
49,228,218,0
49,229,217,0
49,230,216,0
49,231,215,0
49,232,214,0
49,233,213,0
49,234,212,0
49,235,211,0
49,236,210,0
49,237,209,0
49,238,208,0
49,239,207,0
49,240,206,0
49,241,205,0
49,242,204,0
49,243,203,0
49,244,202,0
49,245,201,0
49,246,200,0
49,247,199,0
49,248,198,0
49,249,197,0
49,250,196,0
49,251,195,0
49,252,194,0
49,253,193,0
49,254,192,0
49,255,191,0
49,256,190,0
49,257,189,0
49,258,188,0
49,259,187,0
49,260,186,0
49,261,185,0
49,262,184,0
49,263,183,0
49,264,182,0
49,265,181,0
49,266,180,0
49,267,179,0
49,268,178,0
49,269,177,0
49,270,176,0
49,271,175,0
49,272,174,0
49,273,173,0
49,274,172,0
49,275,171,0
49,276,170,0
49,277,169,0
49,278,168,0
49,279,167,0
49,280,166,0
49,281,165,0
49,282,164,0
49,283,163,0
49,284,162,0
49,285,161,0
49,286,160,0
49,287,159,0
49,288,158,0
49,289,157,0
49,290,156,0
49,291,155,0
49,292,154,0
49,293,153,0
49,294,152,0
49,295,151,0
49,296,150,0
49,297,149,0
49,298,148,0
49,299,147,0
49,300,146,0
49,301,145,0
49,302,144,0
49,303,143,0
49,304,142,0
49,305,141,0
49,306,140,0
49,307,139,0
49,308,138,0
49,309,137,0
49,310,136,0
49,311,135,0
49,312,134,0
49,313,133,0
49,314,132,0
49,315,131,0
49,316,130,0
49,317,129,0
49,318,128,0
49,319,127,0
49,320,126,0
49,321,125,0
49,322,124,0
49,323,123,0
49,324,122,0
49,325,121,0
49,326,120,0
49,327,119,0
49,328,118,0
49,329,117,0
49,330,116,0
49,331,115,0
49,332,114,0
49,333,113,0
49,334,112,0
49,335,111,0
49,336,110,0
49,337,109,0
49,338,108,0
49,339,107,0
49,340,106,0
49,341,105,0
49,342,104,0
49,343,103,0
49,344,102,0
49,345,101,0
49,346,100,0
49,347,99,0
49,348,98,0
49,349,97,0
49,350,96,0
49,351,95,0
49,352,94,0
49,353,93,0
49,354,92,0
49,355,91,0
49,356,90,0
49,357,89,0
49,358,88,0
49,359,87,0
49,360,86,0
49,361,85,0
49,362,84,0
49,363,83,0
49,364,82,0
49,365,81,0
49,366,80,0
49,367,79,0
49,368,78,0
49,369,77,0
49,370,76,0
49,371,75,0
49,372,74,0
49,373,73,0
49,374,72,0
49,375,71,0
49,376,70,0
49,377,69,0
49,378,68,0
49,379,67,0
49,380,66,0
49,381,65,0
49,382,64,0
49,383,63,0
49,384,62,0
49,385,61,0
49,386,60,0
49,387,59,0
49,388,58,0
49,389,57,0
49,390,56,0
49,391,55,0
49,392,54,0
49,393,53,0
49,394,52,0
49,395,51,0
49,396,50,0
49,397,49,0
49,398,48,0
49,399,47,0
49,400,46,0
49,401,45,0
49,402,44,0
49,403,43,0
49,404,42,0
49,405,41,0
49,406,40,0
49,407,39,0
49,408,38,0
49,409,37,0
49,410,36,0
49,411,35,0
49,412,34,0
49,413,33,0
49,414,32,0
49,415,31,0
49,416,30,0
49,417,29,0
49,418,28,0
49,419,27,0
49,420,26,0
49,421,25,0
49,422,24,0
49,423,23,0
49,424,22,0
49,425,21,0
49,426,20,0
49,427,19,0
49,428,18,0
49,429,17,0
49,430,16,0
49,431,15,0
49,432,14,0
49,433,13,0
49,434,12,0
49,435,11,0
49,436,10,0
49,437,9,0
49,438,8,0
49,439,7,0
49,440,6,0
49,441,5,0
49,442,4,0
49,443,3,0
49,444,2,0
49,445,1,0
49,446,0,0
50,31,141,0
50,32,140,0
50,33,139,0
50,34,138,0
50,35,137,0
50,36,136,0
50,37,135,0
50,38,134,0
50,39,133,0
50,40,132,0
50,41,131,0
50,42,130,0
50,43,129,0
50,44,128,0
50,45,127,0
50,46,126,0
50,47,125,0
50,48,124,0
50,49,123,0
50,50,122,0
50,51,121,0
50,52,120,0
50,53,119,0
50,54,118,0
50,55,117,0
50,56,116,0
50,57,115,0
50,58,114,0
50,59,113,0
50,60,112,0
50,61,111,0
50,62,110,0
50,63,109,0
50,64,108,0
50,65,107,0
50,66,106,0
50,67,105,0
50,68,104,0
50,69,103,0
50,70,102,0
50,71,101,0
50,72,100,0
50,73,99,0
50,74,98,0
50,75,97,0
50,76,96,0
50,77,95,0
50,78,94,0
50,79,93,0
50,80,92,0
50,81,91,0
50,82,90,0
50,83,89,0
50,84,88,0
50,85,87,0
50,86,86,0
50,87,85,0
50,88,84,0
50,89,83,0
50,90,82,0
50,91,81,0
50,92,80,0
50,93,79,0
50,94,78,0
50,95,77,0
50,96,76,0
50,97,75,0
50,98,74,0
50,99,73,0
50,100,72,0
50,101,71,0
50,102,70,0
50,103,69,0
50,104,68,0
50,105,67,0
50,106,66,0
50,107,65,0
50,108,64,0
50,109,63,0
50,110,62,0
50,111,61,0
50,112,60,0
50,113,59,0
50,114,58,0
50,115,57,0
50,116,56,0
50,117,55,0
50,118,54,0
50,119,53,0
50,120,52,0
50,121,51,0
50,122,50,0
50,123,49,0
50,124,48,0
50,125,47,0
50,126,46,0
50,127,45,0
50,128,44,0
50,129,43,0
50,130,42,0
50,131,41,0
50,132,40,0
50,133,39,0
50,134,38,0
50,135,37,0
50,136,36,0
50,137,35,0
50,138,34,0
50,139,33,0
50,140,32,0
50,141,31,0
50,142,30,0
50,143,29,0
50,144,28,0
50,145,27,0
50,146,26,0
50,147,25,0
50,148,24,0
50,149,23,0
50,150,22,0
50,151,21,0
50,152,20,0
50,153,19,0
50,154,18,0
50,155,17,0
50,156,16,0
50,157,15,0
50,158,14,0
50,159,13,0
50,160,12,0
50,161,11,0
50,162,10,0
50,163,9,0
50,164,8,0
50,165,7,0
50,166,6,0
50,167,5,0
50,168,4,0
50,169,3,0
50,170,2,0
50,171,1,-1
50,172,0,-1
51,31,254,0
51,32,253,0
51,33,252,0
51,34,251,0
51,35,250,0
51,36,249,0
51,37,248,0
51,38,247,0
51,39,246,0
51,40,245,0
51,41,244,0
51,42,243,0
51,43,242,0
51,44,241,0
51,45,240,0
51,46,239,0
51,47,238,0
51,48,237,0
51,49,236,0
51,50,235,0
51,51,234,0
51,52,233,0
51,53,232,0
51,54,231,0
51,55,230,0
51,56,229,0
51,57,228,0
51,58,227,0
51,59,226,0
51,60,225,0
51,61,224,0
51,62,223,0
51,63,222,0
51,64,221,0
51,65,220,0
51,66,219,0
51,67,218,0
51,68,217,0
51,69,216,0
51,70,215,0
51,71,214,0
51,72,213,0
51,73,212,0
51,74,211,0
51,75,210,0
51,76,209,0
51,77,208,0
51,78,207,0
51,79,206,0
51,80,205,0
51,81,204,0
51,82,203,0
51,83,202,0
51,84,201,0
51,85,200,0
51,86,199,0
51,87,198,0
51,88,197,0
51,89,196,0
51,90,195,0
51,91,194,0
51,92,193,0
51,93,192,0
51,94,191,0
51,95,190,0
51,96,189,0
51,97,188,0
51,98,187,0
51,99,186,0
51,100,185,0
51,101,184,0
51,102,183,0
51,103,182,0
51,104,181,0
51,105,180,0
51,106,179,0
51,107,178,0
51,108,177,0
51,109,176,0
51,110,175,0
51,111,174,0
51,112,173,0
51,113,172,0
51,114,171,0
51,115,170,0
51,116,169,0
51,117,168,0
51,118,167,0
51,119,166,0
51,120,165,0
51,121,164,0
51,122,163,0
51,123,162,0
51,124,161,0
51,125,160,0
51,126,159,0
51,127,158,0
51,128,157,0
51,129,156,0
51,130,155,0
51,131,154,0
51,132,153,0
51,133,152,0
51,134,151,0
51,135,150,0
51,136,149,0
51,137,148,0
51,138,147,0
51,139,146,0
51,140,145,0
51,141,144,0
51,142,143,0
51,143,142,0
51,144,141,0
51,145,140,0
51,146,139,0
51,147,138,0
51,148,137,0
51,149,136,0
51,150,135,0
51,151,134,0
51,152,133,0
51,153,132,0
51,154,131,0
51,155,130,0
51,156,129,0
51,157,128,0
51,158,127,0
51,159,126,0
51,160,125,0
51,161,124,0
51,162,123,0
51,163,122,0
51,164,121,0
51,165,120,0
51,166,119,0
51,167,118,0
51,168,117,0
51,169,116,0
51,170,115,0
51,171,114,0
51,172,113,0
51,173,112,0
51,174,111,0
51,175,110,0
51,176,109,0
51,177,108,0
51,178,107,0
51,179,106,0
51,180,105,0
51,181,104,0
51,182,103,0
51,183,102,0
51,184,101,0
51,185,100,0
51,186,99,0
51,187,98,0
51,188,97,0
51,189,96,0
51,190,95,0
51,191,94,0
51,192,93,0
51,193,92,0
51,194,91,0
51,195,90,0
51,196,89,0
51,197,88,0
51,198,87,0
51,199,86,0
51,200,85,0
51,201,84,0
51,202,83,0
51,203,82,0
51,204,81,0
51,205,80,0
51,206,79,0
51,207,78,0
51,208,77,0
51,209,76,0
51,210,75,0
51,211,74,0
51,212,73,0
51,213,72,0
51,214,71,0
51,215,70,0
51,216,69,0
51,217,68,0
51,218,67,0
51,219,66,0
51,220,65,0
51,221,64,0
51,222,63,0
51,223,62,0
51,224,61,0
51,225,60,0
51,226,59,0
51,227,58,0
51,228,57,0
51,229,56,0
51,230,55,0
51,231,54,0
51,232,53,0
51,233,52,0
51,234,51,0
51,235,50,0
51,236,49,0
51,237,48,0
51,238,47,0
51,239,46,0
51,240,45,0
51,241,44,0
51,242,43,0
51,243,42,0
51,244,41,0
51,245,40,0
51,246,39,0
51,247,38,0
51,248,37,0
51,249,36,0
51,250,35,0
51,251,34,0
51,252,33,0
51,253,32,0
51,254,31,0
51,255,30,0
51,256,29,0
51,257,28,0
51,258,27,0
51,259,26,0
51,260,25,0
51,261,24,0
51,262,23,0
51,263,22,0
51,264,21,0
51,265,20,0
51,266,19,0
51,267,18,0
51,268,17,0
51,269,16,0
51,270,15,0
51,271,14,0
51,272,13,0
51,273,12,0
51,274,11,0
51,275,10,0
51,276,9,0
51,277,8,0
51,278,7,0
51,279,6,0
51,280,5,0
51,281,4,0
51,282,3,0
51,283,2,0
51,284,1,-1
51,285,0,0
52,31,326,0
52,32,325,0
52,33,324,0
52,34,323,0
52,35,322,0
52,36,321,0
52,37,320,0
52,38,319,0
52,39,318,0
52,40,317,0
52,41,316,0
52,42,315,0
52,43,314,0
52,44,313,0
52,45,312,0
52,46,311,0
52,47,310,0
52,48,309,0
52,49,308,0
52,50,307,0
52,51,306,0
52,52,305,0
52,53,304,0
52,54,303,0
52,55,302,0
52,56,301,0
52,57,300,0
52,58,299,0
52,59,298,0
52,60,297,0
52,61,296,0
52,62,295,0
52,63,294,0
52,64,293,0
52,65,292,0
52,66,291,0
52,67,290,0
52,68,289,0
52,69,288,0
52,70,287,0
52,71,286,0
52,72,285,0
52,73,284,0
52,74,283,0
52,75,282,0
52,76,281,0
52,77,280,0
52,78,279,0
52,79,278,0
52,80,277,0
52,81,276,0
52,82,275,0
52,83,274,0
52,84,273,0
52,85,272,0
52,86,271,0
52,87,270,0
52,88,269,0
52,89,268,0
52,90,267,0
52,91,266,0
52,92,265,0
52,93,264,0
52,94,263,0
52,95,262,0
52,96,261,0
52,97,260,0
52,98,259,0
52,99,258,0
52,100,257,0
52,101,256,0
52,102,255,0
52,103,254,0
52,104,253,0
52,105,252,0
52,106,251,0
52,107,250,0
52,108,249,0
52,109,248,0
52,110,247,0
52,111,246,0
52,112,245,0
52,113,244,0
52,114,243,0
52,115,242,0
52,116,241,0
52,117,240,0
52,118,239,0
52,119,238,0
52,120,237,0
52,121,236,0
52,122,235,0
52,123,234,0
52,124,233,0
52,125,232,0
52,126,231,0
52,127,230,0
52,128,229,0
52,129,228,0
52,130,227,0
52,131,226,0
52,132,225,0
52,133,224,0
52,134,223,0
52,135,222,0
52,136,221,0
52,137,220,0
52,138,219,0
52,139,218,0
52,140,217,0
52,141,216,0
52,142,215,0
52,143,214,0
52,144,213,0
52,145,212,0
52,146,211,0
52,147,210,0
52,148,209,0
52,149,208,0
52,150,207,0
52,151,206,0
52,152,205,0
52,153,204,0
52,154,203,0
52,155,202,0
52,156,201,0
52,157,200,0
52,158,199,0
52,159,198,0
52,160,197,0
52,161,196,0
52,162,195,0
52,163,194,0
52,164,193,0
52,165,192,0
52,166,191,0
52,167,190,0
52,168,189,0
52,169,188,0
52,170,187,0
52,171,186,0
52,172,185,0
52,173,184,0
52,174,183,0
52,175,182,0
52,176,181,0
52,177,180,0
52,178,179,0
52,179,178,0
52,180,177,0
52,181,176,0
52,182,175,0
52,183,174,0
52,184,173,0
52,185,172,0
52,186,171,0
52,187,170,0
52,188,169,0
52,189,168,0
52,190,167,0
52,191,166,0
52,192,165,0
52,193,164,0
52,194,163,0
52,195,162,0
52,196,161,0
52,197,160,0
52,198,159,0
52,199,158,0
52,200,157,0
52,201,156,0
52,202,155,0
52,203,154,0
52,204,153,0
52,205,152,0
52,206,151,0
52,207,150,0
52,208,149,0
52,209,148,0
52,210,147,0
52,211,146,0
52,212,145,0
52,213,144,0
52,214,143,0
52,215,142,0
52,216,141,0
52,217,140,0
52,218,139,0
52,219,138,0
52,220,137,0
52,221,136,0
52,222,135,0
52,223,134,0
52,224,133,0
52,225,132,0
52,226,131,0
52,227,130,0
52,228,129,0
52,229,128,0
52,230,127,0
52,231,126,0
52,232,125,0
52,233,124,0
52,234,123,0
52,235,122,0
52,236,121,0
52,237,120,0
52,238,119,0
52,239,118,0
52,240,117,0
52,241,116,0
52,242,115,0
52,243,114,0
52,244,113,0
52,245,112,0
52,246,111,0
52,247,110,0
52,248,109,0
52,249,108,0
52,250,107,0
52,251,106,0
52,252,105,0
52,253,104,0
52,254,103,0
52,255,102,0
52,256,101,0
52,257,100,0
52,258,99,0
52,259,98,0
52,260,97,0
52,261,96,0
52,262,95,0
52,263,94,0
52,264,93,0
52,265,92,0
52,266,91,0
52,267,90,0
52,268,89,0
52,269,88,0
52,270,87,0
52,271,86,0
52,272,85,0
52,273,84,0
52,274,83,0
52,275,82,0
52,276,81,0
52,277,80,0
52,278,79,0
52,279,78,0
52,280,77,0
52,281,76,0
52,282,75,0
52,283,74,0
52,284,73,0
52,285,72,0
52,286,71,0
52,287,70,0
52,288,69,0
52,289,68,0
52,290,67,0
52,291,66,0
52,292,65,0
52,293,64,0
52,294,63,0
52,295,62,0
52,296,61,0
52,297,60,0
52,298,59,0
52,299,58,0
52,300,57,0
52,301,56,0
52,302,55,0
52,303,54,0
52,304,53,0
52,305,52,0
52,306,51,0
52,307,50,0
52,308,49,0
52,309,48,0
52,310,47,0
52,311,46,0
52,312,45,0
52,313,44,0
52,314,43,0
52,315,42,0
52,316,41,0
52,317,40,0
52,318,39,0
52,319,38,0
52,320,37,0
52,321,36,0
52,322,35,0
52,323,34,0
52,324,33,0
52,325,32,0
52,326,31,0
52,327,30,0
52,328,29,0
52,329,28,0
52,330,27,0
52,331,26,0
52,332,25,0
52,333,24,0
52,334,23,0
52,335,22,0
52,336,21,0
52,337,20,0
52,338,19,0
52,339,18,0
52,340,17,0
52,341,16,0
52,342,15,0
52,343,14,0
52,344,13,0
52,345,12,0
52,346,11,0
52,347,10,0
52,348,9,0
52,349,8,0
52,350,7,0
52,351,6,0
52,352,5,0
52,353,4,0
52,354,3,0
52,355,2,0
52,356,1,0
52,357,0,0
53,31,273,0
53,32,272,0
53,33,271,0
53,34,270,0
53,35,269,-1
53,36,268,0
53,37,267,0
53,38,266,0
53,39,265,0
53,40,264,0
53,41,263,0
53,42,262,0
53,43,261,0
53,44,260,0
53,45,259,0
53,46,258,0
53,47,257,0
53,48,256,0
53,49,255,0
53,50,254,0
53,51,253,0
53,52,252,0
53,53,251,0
53,54,250,0
53,55,249,0
53,56,248,0
53,57,247,0
53,58,246,0
53,59,245,0
53,60,244,0
53,61,243,0
53,62,242,0
53,63,241,0
53,64,240,0
53,65,239,0
53,66,238,0
53,67,237,0
53,68,236,0
53,69,235,0
53,70,234,0
53,71,233,0
53,72,232,0
53,73,231,0
53,74,230,0
53,75,229,0
53,76,228,0
53,77,227,0
53,78,226,0
53,79,225,0
53,80,224,0
53,81,223,0
53,82,222,0
53,83,221,0
53,84,220,0
53,85,219,0
53,86,218,0
53,87,217,0
53,88,216,0
53,89,215,0
53,90,214,0
53,91,213,0
53,92,212,0
53,93,211,0
53,94,210,0
53,95,209,0
53,96,208,0
53,97,207,0
53,98,206,0
53,99,205,0
53,100,204,0
53,101,203,-1
53,102,202,0
53,103,201,0
53,104,200,0
53,105,199,0
53,106,198,0
53,107,197,0
53,108,196,0
53,109,195,0
53,110,194,0
53,111,193,0
53,112,192,0
53,113,191,0
53,114,190,0
53,115,189,0
53,116,188,0
53,117,187,0
53,118,186,0
53,119,185,0
53,120,184,0
53,121,183,0
53,122,182,0
53,123,181,0
53,124,180,0
53,125,179,0
53,126,178,0
53,127,177,0
53,128,176,0
53,129,175,0
53,130,174,0
53,131,173,0
53,132,172,0
53,133,171,0
53,134,170,0
53,135,169,0
53,136,168,0
53,137,167,0
53,138,166,0
53,139,165,0
53,140,164,0
53,141,163,0
53,142,162,0
53,143,161,0
53,144,160,0
53,145,159,0
53,146,158,0
53,147,157,0
53,148,156,0
53,149,155,0
53,150,154,0
53,151,153,0
53,152,152,0
53,153,151,0
53,154,150,0
53,155,149,0
53,156,148,0
53,157,147,0
53,158,146,0
53,159,145,0
53,160,144,0
53,161,143,0
53,162,142,0
53,163,141,0
53,164,140,0
53,165,139,0
53,166,138,0
53,167,137,0
53,168,136,0
53,169,135,0
53,170,134,0
53,171,133,0
53,172,132,0
53,173,131,0
53,174,130,0
53,175,129,0
53,176,128,0
53,177,127,0
53,178,126,0
53,179,125,0
53,180,124,0
53,181,123,0
53,182,122,0
53,183,121,0
53,184,120,0
53,185,119,0
53,186,118,0
53,187,117,0
53,188,116,0
53,189,115,0
53,190,114,0
53,191,113,0
53,192,112,0
53,193,111,0
53,194,110,0
53,195,109,0
53,196,108,0
53,197,107,0
53,198,106,0
53,199,105,0
53,200,104,0
53,201,103,0
53,202,102,0
53,203,101,0
53,204,100,0
53,205,99,0
53,206,98,0
53,207,97,0
53,208,96,0
53,209,95,0
53,210,94,0
53,211,93,0
53,212,92,0
53,213,91,0
53,214,90,0
53,215,89,0
53,216,88,0
53,217,87,0
53,218,86,0
53,219,85,0
53,220,84,0
53,221,83,0
53,222,82,0
53,223,81,0
53,224,80,0
53,225,79,0
53,226,78,0
53,227,77,0
53,228,76,0
53,229,75,0
53,230,74,0
53,231,73,0
53,232,72,0
53,233,71,0
53,234,70,0
53,235,69,0
53,236,68,0
53,237,67,0
53,238,66,0
53,239,65,0
53,240,64,0
53,241,63,0
53,242,62,0
53,243,61,0
53,244,60,0
53,245,59,0
53,246,58,0
53,247,57,0
53,248,56,0
53,249,55,0
53,250,54,0
53,251,53,0
53,252,52,0
53,253,51,0
53,254,50,0
53,255,49,0
53,256,48,0
53,257,47,0
53,258,46,0
53,259,45,0
53,260,44,0
53,261,43,0
53,262,42,0
53,263,41,0
53,264,40,0
53,265,39,0
53,266,38,0
53,267,37,0
53,268,36,0
53,269,35,0
53,270,34,0
53,271,33,0
53,272,32,0
53,273,31,0
53,274,30,0
53,275,29,0
53,276,28,0
53,277,27,0
53,278,26,0
53,279,25,0
53,280,24,0
53,281,23,0
53,282,22,0
53,283,21,0
53,284,20,0
53,285,19,0
53,286,18,0
53,287,17,0
53,288,16,0
53,289,15,0
53,290,14,0
53,291,13,0
53,292,12,0
53,293,11,0
53,294,10,0
53,295,9,0
53,296,8,0
53,297,7,0
53,298,6,0
53,299,5,0
53,300,4,0
53,301,3,0
53,302,2,0
53,303,1,0
53,304,0,0
54,31,166,0
54,32,165,0
54,33,164,0
54,34,163,0
54,35,162,0
54,36,161,0
54,37,160,0
54,38,159,0
54,39,158,0
54,40,157,0
54,41,156,0
54,42,155,0
54,43,154,0
54,44,153,0
54,45,152,0
54,46,151,0
54,47,150,0
54,48,149,0
54,49,148,0
54,50,147,0
54,51,146,0
54,52,145,0
54,53,144,0
54,54,143,0
54,55,142,0
54,56,141,0
54,57,140,0
54,58,139,0
54,59,138,0
54,60,137,0
54,61,136,0
54,62,135,0
54,63,134,0
54,64,133,0
54,65,132,0
54,66,131,0
54,67,130,0
54,68,129,0
54,69,128,0
54,70,127,0
54,71,126,0
54,72,125,0
54,73,124,0
54,74,123,0
54,75,122,0
54,76,121,0
54,77,120,0
54,78,119,0
54,79,118,0
54,80,117,0
54,81,116,0
54,82,115,0
54,83,114,0
54,84,113,0
54,85,112,0
54,86,111,0
54,87,110,0
54,88,109,0
54,89,108,0
54,90,107,0
54,91,106,0
54,92,105,0
54,93,104,0
54,94,103,0
54,95,102,0
54,96,101,0
54,97,100,0
54,98,99,0
54,99,98,0
54,100,97,0
54,101,96,0
54,102,95,0
54,103,94,0
54,104,93,0
54,105,92,0
54,106,91,0
54,107,90,0
54,108,89,0
54,109,88,0
54,110,87,0
54,111,86,0
54,112,85,0
54,113,84,0
54,114,83,0
54,115,82,0
54,116,81,0
54,117,80,0
54,118,79,0
54,119,78,0
54,120,77,0
54,121,76,0
54,122,75,0
54,123,74,0
54,124,73,0
54,125,72,0
54,126,71,0
54,127,70,0
54,128,69,0
54,129,68,0
54,130,67,0
54,131,66,0
54,132,65,0
54,133,64,0
54,134,63,0
54,135,62,0
54,136,61,0
54,137,60,0
54,138,59,0
54,139,58,0
54,140,57,0
54,141,56,0
54,142,55,0
54,143,54,0
54,144,53,0
54,145,52,0
54,146,51,0
54,147,50,0
54,148,49,0
54,149,48,0
54,150,47,0
54,151,46,0
54,152,45,0
54,153,44,0
54,154,43,0
54,155,42,0
54,156,41,0
54,157,40,0
54,158,39,0
54,159,38,0
54,160,37,0
54,161,36,0
54,162,35,0
54,163,34,0
54,164,33,0
54,165,32,0
54,166,31,0
54,167,30,0
54,168,29,0
54,169,28,0
54,170,27,0
54,171,26,0
54,172,25,0
54,173,24,0
54,174,23,0
54,175,22,0
54,176,21,0
54,177,20,0
54,178,19,0
54,179,18,0
54,180,17,0
54,181,16,0
54,182,15,0
54,183,14,0
54,184,13,0
54,185,12,0
54,186,11,0
54,187,10,0
54,188,9,0
54,189,8,0
54,190,7,0
54,191,6,0
54,192,5,0
54,193,4,0
54,194,3,0
54,195,2,0
54,196,1,0
54,197,0,0
55,31,313,0
55,32,312,0
55,33,311,0
55,34,310,0
55,35,309,0
55,36,308,0
55,37,307,0
55,38,306,0
55,39,305,0
55,40,304,0
55,41,303,0
55,42,302,0
55,43,301,0
55,44,300,0
55,45,299,0
55,46,298,0
55,47,297,0
55,48,296,0
55,49,295,0
55,50,294,0
55,51,293,0
55,52,292,0
55,53,291,0
55,54,290,0
55,55,289,0
55,56,288,0
55,57,287,0
55,58,286,0
55,59,285,0
55,60,284,0
55,61,283,0
55,62,282,0
55,63,281,0
55,64,280,0
55,65,279,0
55,66,278,0
55,67,277,0
55,68,276,0
55,69,275,0
55,70,274,0
55,71,273,0
55,72,272,0
55,73,271,0
55,74,270,0
55,75,269,0
55,76,268,0
55,77,267,0
55,78,266,0
55,79,265,0
55,80,264,0
55,81,263,0
55,82,262,0
55,83,261,0
55,84,260,0
55,85,259,0
55,86,258,0
55,87,257,0
55,88,256,0
55,89,255,0
55,90,254,0
55,91,253,0
55,92,252,0
55,93,251,0
55,94,250,0
55,95,249,0
55,96,248,0
55,97,247,0
55,98,246,0
55,99,245,0
55,100,244,0
55,101,243,0
55,102,242,0
55,103,241,0
55,104,240,0
55,105,239,0
55,106,238,0
55,107,237,0
55,108,236,0
55,109,235,0
55,110,234,0
55,111,233,0
55,112,232,0
55,113,231,0
55,114,230,0
55,115,229,0
55,116,228,0
55,117,227,0
55,118,226,0
55,119,225,0
55,120,224,0
55,121,223,0
55,122,222,0
55,123,221,0
55,124,220,0
55,125,219,0
55,126,218,0
55,127,217,0
55,128,216,0
55,129,215,0
55,130,214,0
55,131,213,0
55,132,212,0
55,133,211,0
55,134,210,0
55,135,209,0
55,136,208,0
55,137,207,0
55,138,206,0
55,139,205,0
55,140,204,0
55,141,203,0
55,142,202,0
55,143,201,0
55,144,200,0
55,145,199,0
55,146,198,0
55,147,197,0
55,148,196,0
55,149,195,0
55,150,194,0
55,151,193,0
55,152,192,0
55,153,191,0
55,154,190,0
55,155,189,0
55,156,188,0
55,157,187,0
55,158,186,0
55,159,185,0
55,160,184,0
55,161,183,0
55,162,182,0
55,163,181,0
55,164,180,0
55,165,179,0
55,166,178,0
55,167,177,0
55,168,176,0
55,169,175,0
55,170,174,0
55,171,173,0
55,172,172,0
55,173,171,0
55,174,170,0
55,175,169,0
55,176,168,0
55,177,167,0
55,178,166,0
55,179,165,0
55,180,164,0
55,181,163,0
55,182,162,0
55,183,161,0
55,184,160,0
55,185,159,0
55,186,158,0
55,187,157,0
55,188,156,0
55,189,155,0
55,190,154,0
55,191,153,0
55,192,152,0
55,193,151,0
55,194,150,0
55,195,149,0
55,196,148,0
55,197,147,0
55,198,146,0
55,199,145,0
55,200,144,0
55,201,143,0
55,202,142,0
55,203,141,0
55,204,140,0
55,205,139,0
55,206,138,0
55,207,137,0
55,208,136,0
55,209,135,0
55,210,134,0
55,211,133,0
55,212,132,0
55,213,131,0
55,214,130,0
55,215,129,0
55,216,128,0
55,217,127,0
55,218,126,0
55,219,125,0
55,220,124,0
55,221,123,0
55,222,122,0
55,223,121,0
55,224,120,0
55,225,119,0
55,226,118,0
55,227,117,0
55,228,116,0
55,229,115,0
55,230,114,0
55,231,113,0
55,232,112,0
55,233,111,0
55,234,110,0
55,235,109,0
55,236,108,0
55,237,107,0
55,238,106,0
55,239,105,0
55,240,104,0
55,241,103,0
55,242,102,0
55,243,101,0
55,244,100,0
55,245,99,0
55,246,98,0
55,247,97,0
55,248,96,0
55,249,95,0
55,250,94,0
55,251,93,0
55,252,92,0
55,253,91,0
55,254,90,0
55,255,89,0
55,256,88,0
55,257,87,0
55,258,86,0
55,259,85,0
55,260,84,0
55,261,83,0
55,262,82,0
55,263,81,0
55,264,80,0
55,265,79,0
55,266,78,0
55,267,77,0
55,268,76,0
55,269,75,0
55,270,74,0
55,271,73,0
55,272,72,0
55,273,71,0
55,274,70,0
55,275,69,0
55,276,68,0
55,277,67,0
55,278,66,0
55,279,65,0
55,280,64,0
55,281,63,0
55,282,62,0
55,283,61,0
55,284,60,0
55,285,59,0
55,286,58,0
55,287,57,0
55,288,56,0
55,289,55,0
55,290,54,0
55,291,53,0
55,292,52,0
55,293,51,0
55,294,50,0
55,295,49,0
55,296,48,0
55,297,47,0
55,298,46,0
55,299,45,0
55,300,44,0
55,301,43,0
55,302,42,0
55,303,41,0
55,304,40,0
55,305,39,0
55,306,38,0
55,307,37,0
55,308,36,0
55,309,35,0
55,310,34,0
55,311,33,0
55,312,32,0
55,313,31,0
55,314,30,0
55,315,29,0
55,316,28,0
55,317,27,0
55,318,26,0
55,319,25,0
55,320,24,0
55,321,23,0
55,322,22,0
55,323,21,0
55,324,20,0
55,325,19,0
55,326,18,0
55,327,17,0
55,328,16,0
55,329,15,0
55,330,14,0
55,331,13,0
55,332,12,0
55,333,11,0
55,334,10,0
55,335,9,0
55,336,8,0
55,337,7,0
55,338,6,0
55,339,5,0
55,340,4,0
55,341,3,0
55,342,2,0
55,343,1,0
55,344,0,0
56,31,316,0
56,32,315,0
56,33,314,0
56,34,313,0
56,35,312,0
56,36,311,0
56,37,310,0
56,38,309,0
56,39,308,0
56,40,307,0
56,41,306,0
56,42,305,0
56,43,304,0
56,44,303,0
56,45,302,0
56,46,301,0
56,47,300,0
56,48,299,0
56,49,298,0
56,50,297,0
56,51,296,0
56,52,295,0
56,53,294,0
56,54,293,0
56,55,292,0
56,56,291,0
56,57,290,0
56,58,289,0
56,59,288,0
56,60,287,0
56,61,286,0
56,62,285,0
56,63,284,0
56,64,283,0
56,65,282,0
56,66,281,0
56,67,280,0
56,68,279,0
56,69,278,0
56,70,277,0
56,71,276,0
56,72,275,0
56,73,274,0
56,74,273,0
56,75,272,0
56,76,271,0
56,77,270,0
56,78,269,0
56,79,268,0
56,80,267,0
56,81,266,0
56,82,265,0
56,83,264,0
56,84,263,0
56,85,262,0
56,86,261,0
56,87,260,0
56,88,259,0
56,89,258,0
56,90,257,0
56,91,256,0
56,92,255,0
56,93,254,0
56,94,253,0
56,95,252,0
56,96,251,0
56,97,250,0
56,98,249,0
56,99,248,0
56,100,247,0
56,101,246,0
56,102,245,0
56,103,244,0
56,104,243,0
56,105,242,0
56,106,241,0
56,107,240,0
56,108,239,0
56,109,238,0
56,110,237,0
56,111,236,0
56,112,235,0
56,113,234,0
56,114,233,0
56,115,232,0
56,116,231,0
56,117,230,0
56,118,229,0
56,119,228,0
56,120,227,0
56,121,226,0
56,122,225,0
56,123,224,0
56,124,223,0
56,125,222,0
56,126,221,0
56,127,220,0
56,128,219,0
56,129,218,0
56,130,217,0
56,131,216,0
56,132,215,0
56,133,214,0
56,134,213,0
56,135,212,0
56,136,211,0
56,137,210,0
56,138,209,0
56,139,208,0
56,140,207,0
56,141,206,0
56,142,205,0
56,143,204,0
56,144,203,0
56,145,202,0
56,146,201,0
56,147,200,0
56,148,199,0
56,149,198,0
56,150,197,0
56,151,196,0
56,152,195,0
56,153,194,0
56,154,193,0
56,155,192,0
56,156,191,0
56,157,190,0
56,158,189,0
56,159,188,0
56,160,187,0
56,161,186,0
56,162,185,0
56,163,184,0
56,164,183,0
56,165,182,0
56,166,181,0
56,167,180,0
56,168,179,0
56,169,178,0
56,170,177,0
56,171,176,0
56,172,175,0
56,173,174,0
56,174,173,0
56,175,172,0
56,176,171,0
56,177,170,0
56,178,169,0
56,179,168,0
56,180,167,0
56,181,166,0
56,182,165,0
56,183,164,0
56,184,163,0
56,185,162,0
56,186,161,0
56,187,160,0
56,188,159,0
56,189,158,0
56,190,157,0
56,191,156,0
56,192,155,0
56,193,154,0
56,194,153,0
56,195,152,0
56,196,151,0
56,197,150,0
56,198,149,0
56,199,148,0
56,200,147,0
56,201,146,0
56,202,145,0
56,203,144,0
56,204,143,0
56,205,142,0
56,206,141,0
56,207,140,0
56,208,139,0
56,209,138,0
56,210,137,0
56,211,136,0
56,212,135,0
56,213,134,0
56,214,133,0
56,215,132,0
56,216,131,0
56,217,130,0
56,218,129,0
56,219,128,0
56,220,127,0
56,221,126,0
56,222,125,0
56,223,124,0
56,224,123,0
56,225,122,0
56,226,121,0
56,227,120,0
56,228,119,0
56,229,118,0
56,230,117,0
56,231,116,0
56,232,115,0
56,233,114,0
56,234,113,0
56,235,112,0
56,236,111,0
56,237,110,0
56,238,109,0
56,239,108,0
56,240,107,0
56,241,106,0
56,242,105,0
56,243,104,0
56,244,103,0
56,245,102,0
56,246,101,0
56,247,100,0
56,248,99,0
56,249,98,0
56,250,97,0
56,251,96,0
56,252,95,0
56,253,94,0
56,254,93,0
56,255,92,0
56,256,91,0
56,257,90,0
56,258,89,0
56,259,88,0
56,260,87,0
56,261,86,0
56,262,85,0
56,263,84,0
56,264,83,0
56,265,82,0
56,266,81,0
56,267,80,0
56,268,79,0
56,269,78,0
56,270,77,0
56,271,76,0
56,272,75,0
56,273,74,0
56,274,73,0
56,275,72,0
56,276,71,0
56,277,70,0
56,278,69,0
56,279,68,0
56,280,67,0
56,281,66,0
56,282,65,0
56,283,64,0
56,284,63,0
56,285,62,0
56,286,61,0
56,287,60,0
56,288,59,0
56,289,58,0
56,290,57,0
56,291,56,0
56,292,55,0
56,293,54,0
56,294,53,0
56,295,52,0
56,296,51,0
56,297,50,0
56,298,49,0
56,299,48,0
56,300,47,0
56,301,46,0
56,302,45,0
56,303,44,0
56,304,43,0
56,305,42,0
56,306,41,0
56,307,40,0
56,308,39,0
56,309,38,-1
56,310,37,0
56,311,36,0
56,312,35,0
56,313,34,0
56,314,33,0
56,315,32,0
56,316,31,0
56,317,30,0
56,318,29,0
56,319,28,0
56,320,27,0
56,321,26,0
56,322,25,0
56,323,24,0
56,324,23,0
56,325,22,0
56,326,21,0
56,327,20,0
56,328,19,0
56,329,18,0
56,330,17,0
56,331,16,0
56,332,15,0
56,333,14,0
56,334,13,0
56,335,12,0
56,336,11,0
56,337,10,0
56,338,9,0
56,339,8,0
56,340,7,0
56,341,6,0
56,342,5,0
56,343,4,0
56,344,3,0
56,345,2,0
56,346,1,0
56,347,0,0
57,31,162,0
57,32,161,0
57,33,160,0
57,34,159,0
57,35,158,0
57,36,157,0
57,37,156,0
57,38,155,0
57,39,154,0
57,40,153,0
57,41,152,0
57,42,151,0
57,43,150,0
57,44,149,0
57,45,148,0
57,46,147,0
57,47,146,0
57,48,145,0
57,49,144,0
57,50,143,0
57,51,142,0
57,52,141,0
57,53,140,0
57,54,139,0
57,55,138,0
57,56,137,0
57,57,136,0
57,58,135,0
57,59,134,0
57,60,133,0
57,61,132,0
57,62,131,0
57,63,130,0
57,64,129,0
57,65,128,0
57,66,127,0
57,67,126,0
57,68,125,0
57,69,124,0
57,70,123,0
57,71,122,0
57,72,121,0
57,73,120,0
57,74,119,0
57,75,118,0
57,76,117,0
57,77,116,0
57,78,115,0
57,79,114,0
57,80,113,0
57,81,112,0
57,82,111,0
57,83,110,0
57,84,109,0
57,85,108,0
57,86,107,0
57,87,106,0
57,88,105,0
57,89,104,0
57,90,103,0
57,91,102,0
57,92,101,0
57,93,100,0
57,94,99,0
57,95,98,0
57,96,97,0
57,97,96,0
57,98,95,0
57,99,94,0
57,100,93,0
57,101,92,0
57,102,91,0
57,103,90,0
57,104,89,0
57,105,88,0
57,106,87,0
57,107,86,0
57,108,85,0
57,109,84,0
57,110,83,0
57,111,82,0
57,112,81,0
57,113,80,0
57,114,79,0
57,115,78,0
57,116,77,0
57,117,76,0
57,118,75,0
57,119,74,0
57,120,73,0
57,121,72,0
57,122,71,0
57,123,70,0
57,124,69,0
57,125,68,0
57,126,67,0
57,127,66,0
57,128,65,0
57,129,64,0
57,130,63,0
57,131,62,0
57,132,61,0
57,133,60,0
57,134,59,0
57,135,58,0
57,136,57,0
57,137,56,0
57,138,55,0
57,139,54,0
57,140,53,0
57,141,52,0
57,142,51,0
57,143,50,0
57,144,49,0
57,145,48,0
57,146,47,0
57,147,46,0
57,148,45,0
57,149,44,0
57,150,43,0
57,151,42,0
57,152,41,0
57,153,40,0
57,154,39,0
57,155,38,0
57,156,37,0
57,157,36,0
57,158,35,0
57,159,34,0
57,160,33,0
57,161,32,0
57,162,31,0
57,163,30,0
57,164,29,0
57,165,28,0
57,166,27,0
57,167,26,0
57,168,25,0
57,169,24,0
57,170,23,0
57,171,22,0
57,172,21,0
57,173,20,0
57,174,19,0
57,175,18,0
57,176,17,0
57,177,16,0
57,178,15,0
57,179,14,0
57,180,13,0
57,181,12,0
57,182,11,0
57,183,10,0
57,184,9,0
57,185,8,0
57,186,7,0
57,187,6,0
57,188,5,0
57,189,4,0
57,190,3,0
57,191,2,0
57,192,1,0
57,193,0,0
58,31,250,0
58,32,249,0
58,33,248,0
58,34,247,0
58,35,246,0
58,36,245,0
58,37,244,0
58,38,243,0
58,39,242,0
58,40,241,0
58,41,240,0
58,42,239,0
58,43,238,0
58,44,237,0
58,45,236,0
58,46,235,0
58,47,234,0
58,48,233,0
58,49,232,0
58,50,231,0
58,51,230,0
58,52,229,0
58,53,228,0
58,54,227,0
58,55,226,0
58,56,225,0
58,57,224,0
58,58,223,0
58,59,222,0
58,60,221,0
58,61,220,0
58,62,219,0
58,63,218,0
58,64,217,0
58,65,216,0
58,66,215,0
58,67,214,0
58,68,213,0
58,69,212,0
58,70,211,0
58,71,210,0
58,72,209,0
58,73,208,0
58,74,207,0
58,75,206,0
58,76,205,0
58,77,204,0
58,78,203,0
58,79,202,0
58,80,201,0
58,81,200,0
58,82,199,0
58,83,198,0
58,84,197,0
58,85,196,0
58,86,195,0
58,87,194,0
58,88,193,0
58,89,192,0
58,90,191,0
58,91,190,0
58,92,189,0
58,93,188,0
58,94,187,0
58,95,186,0
58,96,185,0
58,97,184,0
58,98,183,0
58,99,182,0
58,100,181,0
58,101,180,0
58,102,179,0
58,103,178,0
58,104,177,0
58,105,176,0
58,106,175,0
58,107,174,0
58,108,173,0
58,109,172,0
58,110,171,0
58,111,170,0
58,112,169,0
58,113,168,0
58,114,167,0
58,115,166,0
58,116,165,0
58,117,164,0
58,118,163,0
58,119,162,0
58,120,161,0
58,121,160,0
58,122,159,0
58,123,158,0
58,124,157,0
58,125,156,0
58,126,155,0
58,127,154,0
58,128,153,0
58,129,152,0
58,130,151,0
58,131,150,0
58,132,149,0
58,133,148,0
58,134,147,0
58,135,146,0
58,136,145,0
58,137,144,0
58,138,143,0
58,139,142,0
58,140,141,0
58,141,140,0
58,142,139,0
58,143,138,0
58,144,137,0
58,145,136,0
58,146,135,0
58,147,134,0
58,148,133,0
58,149,132,0
58,150,131,0
58,151,130,0
58,152,129,0
58,153,128,0
58,154,127,0
58,155,126,0
58,156,125,0
58,157,124,0
58,158,123,0
58,159,122,0
58,160,121,0
58,161,120,0
58,162,119,0
58,163,118,0
58,164,117,0
58,165,116,0
58,166,115,0
58,167,114,0
58,168,113,0
58,169,112,0
58,170,111,0
58,171,110,0
58,172,109,0
58,173,108,0
58,174,107,0
58,175,106,0
58,176,105,0
58,177,104,0
58,178,103,0
58,179,102,0
58,180,101,0
58,181,100,0
58,182,99,0
58,183,98,0
58,184,97,0
58,185,96,0
58,186,95,0
58,187,94,0
58,188,93,0
58,189,92,0
58,190,91,0
58,191,90,0
58,192,89,0
58,193,88,0
58,194,87,0
58,195,86,0
58,196,85,0
58,197,84,0
58,198,83,0
58,199,82,0
58,200,81,0
58,201,80,0
58,202,79,0
58,203,78,0
58,204,77,0
58,205,76,0
58,206,75,0
58,207,74,0
58,208,73,0
58,209,72,0
58,210,71,0
58,211,70,0
58,212,69,0
58,213,68,0
58,214,67,0
58,215,66,0
58,216,65,0
58,217,64,0
58,218,63,0
58,219,62,0
58,220,61,0
58,221,60,0
58,222,59,0
58,223,58,0
58,224,57,0
58,225,56,0
58,226,55,0
58,227,54,0
58,228,53,0
58,229,52,0
58,230,51,0
58,231,50,0
58,232,49,0
58,233,48,0
58,234,47,0
58,235,46,0
58,236,45,0
58,237,44,0
58,238,43,0
58,239,42,0
58,240,41,0
58,241,40,0
58,242,39,0
58,243,38,0
58,244,37,0
58,245,36,0
58,246,35,0
58,247,34,0
58,248,33,0
58,249,32,0
58,250,31,0
58,251,30,0
58,252,29,0
58,253,28,0
58,254,27,0
58,255,26,0
58,256,25,0
58,257,24,0
58,258,23,0
58,259,22,0
58,260,21,0
58,261,20,0
58,262,19,0
58,263,18,0
58,264,17,0
58,265,16,0
58,266,15,0
58,267,14,0
58,268,13,0
58,269,12,0
58,270,11,0
58,271,10,0
58,272,9,0
58,273,8,0
58,274,7,0
58,275,6,0
58,276,5,0
58,277,4,0
58,278,3,0
58,279,2,0
58,280,1,0
58,281,0,0
59,31,146,0
59,32,145,0
59,33,144,0
59,34,143,0
59,35,142,0
59,36,141,0
59,37,140,0
59,38,139,0
59,39,138,0
59,40,137,0
59,41,136,0
59,42,135,0
59,43,134,0
59,44,133,0
59,45,132,0
59,46,131,0
59,47,130,0
59,48,129,0
59,49,128,0
59,50,127,0
59,51,126,0
59,52,125,0
59,53,124,0
59,54,123,0
59,55,122,0
59,56,121,0
59,57,120,0
59,58,119,0
59,59,118,0
59,60,117,0
59,61,116,0
59,62,115,0
59,63,114,0
59,64,113,0
59,65,112,0
59,66,111,0
59,67,110,0
59,68,109,0
59,69,108,0
59,70,107,0
59,71,106,0
59,72,105,0
59,73,104,0
59,74,103,0
59,75,102,0
59,76,101,0
59,77,100,0
59,78,99,0
59,79,98,0
59,80,97,0
59,81,96,0
59,82,95,0
59,83,94,0
59,84,93,0
59,85,92,0
59,86,91,0
59,87,90,0
59,88,89,0
59,89,88,0
59,90,87,0
59,91,86,0
59,92,85,0
59,93,84,0
59,94,83,0
59,95,82,0
59,96,81,0
59,97,80,0
59,98,79,0
59,99,78,0
59,100,77,0
59,101,76,0
59,102,75,0
59,103,74,0
59,104,73,0
59,105,72,0
59,106,71,0
59,107,70,0
59,108,69,0
59,109,68,0
59,110,67,0
59,111,66,0
59,112,65,0
59,113,64,0
59,114,63,0
59,115,62,0
59,116,61,0
59,117,60,0
59,118,59,0
59,119,58,0
59,120,57,0
59,121,56,0
59,122,55,0
59,123,54,0
59,124,53,0
59,125,52,0
59,126,51,0
59,127,50,0
59,128,49,0
59,129,48,0
59,130,47,0
59,131,46,0
59,132,45,0
59,133,44,0
59,134,43,0
59,135,42,0
59,136,41,0
59,137,40,0
59,138,39,0
59,139,38,0
59,140,37,0
59,141,36,0
59,142,35,0
59,143,34,0
59,144,33,0
59,145,32,0
59,146,31,0
59,147,30,0
59,148,29,0
59,149,28,0
59,150,27,0
59,151,26,0
59,152,25,0
59,153,24,0
59,154,23,0
59,155,22,0
59,156,21,0
59,157,20,0
59,158,19,0
59,159,18,0
59,160,17,0
59,161,16,0
59,162,15,0
59,163,14,0
59,164,13,0
59,165,12,0
59,166,11,0
59,167,10,0
59,168,9,0
59,169,8,0
59,170,7,0
59,171,6,0
59,172,5,0
59,173,4,0
59,174,3,0
59,175,2,0
59,176,1,0
59,177,0,0
60,31,187,0
60,32,186,0
60,33,185,0
60,34,184,0
60,35,183,0
60,36,182,0
60,37,181,0
60,38,180,0
60,39,179,0
60,40,178,0
60,41,177,0
60,42,176,0
60,43,175,0
60,44,174,0
60,45,173,0
60,46,172,0
60,47,171,0
60,48,170,0
60,49,169,0
60,50,168,0
60,51,167,0
60,52,166,0
60,53,165,0
60,54,164,0
60,55,163,0
60,56,162,0
60,57,161,0
60,58,160,0
60,59,159,0
60,60,158,0
60,61,157,0
60,62,156,0
60,63,155,0
60,64,154,0
60,65,153,0
60,66,152,0
60,67,151,0
60,68,150,0
60,69,149,0
60,70,148,0
60,71,147,0
60,72,146,0
60,73,145,0
60,74,144,0
60,75,143,0
60,76,142,0
60,77,141,0
60,78,140,0
60,79,139,0
60,80,138,0
60,81,137,0
60,82,136,0
60,83,135,0
60,84,134,0
60,85,133,0
60,86,132,0
60,87,131,0
60,88,130,0
60,89,129,0
60,90,128,0
60,91,127,0
60,92,126,0
60,93,125,0
60,94,124,0
60,95,123,0
60,96,122,0
60,97,121,0
60,98,120,0
60,99,119,0
60,100,118,0
60,101,117,0
60,102,116,0
60,103,115,0
60,104,114,0
60,105,113,0
60,106,112,0
60,107,111,0
60,108,110,0
60,109,109,0
60,110,108,0
60,111,107,0
60,112,106,0
60,113,105,0
60,114,104,0
60,115,103,0
60,116,102,0
60,117,101,0
60,118,100,0
60,119,99,0
60,120,98,0
60,121,97,0
60,122,96,0
60,123,95,0
60,124,94,0
60,125,93,0
60,126,92,0
60,127,91,0
60,128,90,0
60,129,89,0
60,130,88,0
60,131,87,0
60,132,86,0
60,133,85,0
60,134,84,0
60,135,83,0
60,136,82,0
60,137,81,0
60,138,80,0
60,139,79,0
60,140,78,0
60,141,77,0
60,142,76,0
60,143,75,0
60,144,74,0
60,145,73,0
60,146,72,0
60,147,71,0
60,148,70,0
60,149,69,0
60,150,68,0
60,151,67,0
60,152,66,0
60,153,65,0
60,154,64,0
60,155,63,0
60,156,62,0
60,157,61,0
60,158,60,0
60,159,59,0
60,160,58,0
60,161,57,0
60,162,56,0
60,163,55,0
60,164,54,0
60,165,53,0
60,166,52,0
60,167,51,0
60,168,50,0
60,169,49,0
60,170,48,0
60,171,47,0
60,172,46,0
60,173,45,0
60,174,44,0
60,175,43,0
60,176,42,0
60,177,41,0
60,178,40,0
60,179,39,0
60,180,38,0
60,181,37,0
60,182,36,0
60,183,35,0
60,184,34,0
60,185,33,0
60,186,32,0
60,187,31,0
60,188,30,0
60,189,29,0
60,190,28,0
60,191,27,0
60,192,26,0
60,193,25,0
60,194,24,0
60,195,23,0
60,196,22,0
60,197,21,0
60,198,20,0
60,199,19,0
60,200,18,0
60,201,17,0
60,202,16,0
60,203,15,0
60,204,14,0
60,205,13,0
60,206,12,0
60,207,11,0
60,208,10,0
60,209,9,0
60,210,8,-1
60,211,7,-1
60,212,6,-1
60,213,5,-1
60,214,4,-1
60,215,3,-1
60,216,2,-1
60,217,1,-1
60,218,0,-1
61,31,213,0
61,32,212,0
61,33,211,0
61,34,210,0
61,35,209,0
61,36,208,0
61,37,207,0
61,38,206,0
61,39,205,0
61,40,204,0
61,41,203,0
61,42,202,0
61,43,201,0
61,44,200,0
61,45,199,0
61,46,198,0
61,47,197,0
61,48,196,0
61,49,195,0
61,50,194,0
61,51,193,0
61,52,192,0
61,53,191,0
61,54,190,0
61,55,189,0
61,56,188,0
61,57,187,0
61,58,186,0
61,59,185,0
61,60,184,0
61,61,183,0
61,62,182,0
61,63,181,0
61,64,180,0
61,65,179,0
61,66,178,0
61,67,177,0
61,68,176,0
61,69,175,0
61,70,174,0
61,71,173,0
61,72,172,0
61,73,171,0
61,74,170,0
61,75,169,0
61,76,168,0
61,77,167,0
61,78,166,0
61,79,165,0
61,80,164,0
61,81,163,0
61,82,162,0
61,83,161,0
61,84,160,0
61,85,159,0
61,86,158,0
61,87,157,0
61,88,156,0
61,89,155,0
61,90,154,0
61,91,153,0
61,92,152,0
61,93,151,0
61,94,150,0
61,95,149,0
61,96,148,0
61,97,147,0
61,98,146,0
61,99,145,0
61,100,144,0
61,101,143,0
61,102,142,0
61,103,141,0
61,104,140,0
61,105,139,0
61,106,138,0
61,107,137,0
61,108,136,0
61,109,135,0
61,110,134,0
61,111,133,0
61,112,132,0
61,113,131,0
61,114,130,0
61,115,129,0
61,116,128,0
61,117,127,0
61,118,126,0
61,119,125,0
61,120,124,0
61,121,123,0
61,122,122,0
61,123,121,0
61,124,120,0
61,125,119,0
61,126,118,0
61,127,117,0
61,128,116,0
61,129,115,0
61,130,114,0
61,131,113,0
61,132,112,0
61,133,111,0
61,134,110,0
61,135,109,0
61,136,108,0
61,137,107,0
61,138,106,0
61,139,105,0
61,140,104,0
61,141,103,0
61,142,102,0
61,143,101,0
61,144,100,0
61,145,99,0
61,146,98,0
61,147,97,0
61,148,96,0
61,149,95,0
61,150,94,0
61,151,93,0
61,152,92,0
61,153,91,0
61,154,90,0
61,155,89,0
61,156,88,0
61,157,87,0
61,158,86,0
61,159,85,0
61,160,84,0
61,161,83,0
61,162,82,0
61,163,81,0
61,164,80,0
61,165,79,0
61,166,78,0
61,167,77,0
61,168,76,0
61,169,75,0
61,170,74,0
61,171,73,0
61,172,72,0
61,173,71,0
61,174,70,0
61,175,69,0
61,176,68,0
61,177,67,0
61,178,66,0
61,179,65,0
61,180,64,0
61,181,63,0
61,182,62,0
61,183,61,0
61,184,60,0
61,185,59,0
61,186,58,0
61,187,57,0
61,188,56,0
61,189,55,0
61,190,54,0
61,191,53,0
61,192,52,0
61,193,51,0
61,194,50,0
61,195,49,0
61,196,48,-1
61,197,47,0
61,198,46,0
61,199,45,0
61,200,44,0
61,201,43,0
61,202,42,-1
61,203,41,0
61,204,40,-1
61,205,39,-1
61,206,38,-1
61,207,37,-1
61,208,36,-1
61,209,35,-1
61,210,34,-1
61,211,33,-1
61,212,32,-1
61,213,31,-1
61,214,30,-1
61,215,29,-1
61,216,28,-1
61,217,27,-1
61,218,26,-1
61,219,25,-1
61,220,24,-1
61,221,23,-1
61,222,22,-1
61,223,21,-1
61,224,20,-1
61,225,19,-1
61,226,18,-1
61,227,17,-1
61,228,16,-1
61,229,15,-1
61,230,14,-1
61,231,13,-1
61,232,12,-1
61,233,11,-1
61,234,10,-1
61,235,9,-1
61,236,8,-1
61,237,7,-1
61,238,6,-1
61,239,5,-1
61,240,4,-1
61,241,3,-1
61,242,2,-1
61,243,1,-1
61,244,0,-1
62,31,266,0
62,32,265,0
62,33,264,0
62,34,263,0
62,35,262,0
62,36,261,0
62,37,260,0
62,38,259,0
62,39,258,0
62,40,257,0
62,41,256,0
62,42,255,0
62,43,254,0
62,44,253,0
62,45,252,0
62,46,251,0
62,47,250,0
62,48,249,0
62,49,248,0
62,50,247,0
62,51,246,0
62,52,245,0
62,53,244,0
62,54,243,0
62,55,242,0
62,56,241,-1
62,57,240,0
62,58,239,0
62,59,238,0
62,60,237,0
62,61,236,0
62,62,235,0
62,63,234,0
62,64,233,0
62,65,232,0
62,66,231,0
62,67,230,0
62,68,229,0
62,69,228,0
62,70,227,0
62,71,226,0
62,72,225,0
62,73,224,0
62,74,223,0
62,75,222,0
62,76,221,0
62,77,220,0
62,78,219,0
62,79,218,0
62,80,217,0
62,81,216,0
62,82,215,0
62,83,214,0
62,84,213,0
62,85,212,0
62,86,211,0
62,87,210,0
62,88,209,0
62,89,208,0
62,90,207,0
62,91,206,0
62,92,205,0
62,93,204,0
62,94,203,0
62,95,202,0
62,96,201,0
62,97,200,0
62,98,199,0
62,99,198,0
62,100,197,0
62,101,196,0
62,102,195,0
62,103,194,0
62,104,193,0
62,105,192,0
62,106,191,0
62,107,190,0
62,108,189,0
62,109,188,0
62,110,187,0
62,111,186,0
62,112,185,0
62,113,184,0
62,114,183,0
62,115,182,0
62,116,181,0
62,117,180,0
62,118,179,0
62,119,178,0
62,120,177,0
62,121,176,0
62,122,175,0
62,123,174,0
62,124,173,0
62,125,172,0
62,126,171,0
62,127,170,0
62,128,169,0
62,129,168,0
62,130,167,0
62,131,166,0
62,132,165,0
62,133,164,0
62,134,163,0
62,135,162,0
62,136,161,0
62,137,160,0
62,138,159,0
62,139,158,0
62,140,157,0
62,141,156,0
62,142,155,0
62,143,154,0
62,144,153,0
62,145,152,0
62,146,151,0
62,147,150,0
62,148,149,0
62,149,148,0
62,150,147,0
62,151,146,0
62,152,145,0
62,153,144,0
62,154,143,0
62,155,142,0
62,156,141,0
62,157,140,0
62,158,139,0
62,159,138,0
62,160,137,0
62,161,136,0
62,162,135,0
62,163,134,0
62,164,133,0
62,165,132,0
62,166,131,0
62,167,130,0
62,168,129,0
62,169,128,0
62,170,127,0
62,171,126,0
62,172,125,0
62,173,124,0
62,174,123,0
62,175,122,0
62,176,121,0
62,177,120,0
62,178,119,0
62,179,118,0
62,180,117,0
62,181,116,0
62,182,115,0
62,183,114,0
62,184,113,0
62,185,112,0
62,186,111,0
62,187,110,0
62,188,109,0
62,189,108,0
62,190,107,0
62,191,106,0
62,192,105,0
62,193,104,0
62,194,103,0
62,195,102,0
62,196,101,0
62,197,100,0
62,198,99,0
62,199,98,0
62,200,97,0
62,201,96,0
62,202,95,0
62,203,94,0
62,204,93,0
62,205,92,0
62,206,91,0
62,207,90,0
62,208,89,0
62,209,88,0
62,210,87,0
62,211,86,0
62,212,85,0
62,213,84,0
62,214,83,0
62,215,82,0
62,216,81,0
62,217,80,0
62,218,79,0
62,219,78,0
62,220,77,0
62,221,76,0
62,222,75,0
62,223,74,0
62,224,73,0
62,225,72,0
62,226,71,0
62,227,70,0
62,228,69,0
62,229,68,0
62,230,67,0
62,231,66,0
62,232,65,0
62,233,64,0
62,234,63,0
62,235,62,0
62,236,61,-1
62,237,60,-1
62,238,59,-1
62,239,58,-1
62,240,57,-1
62,241,56,-1
62,242,55,-1
62,243,54,-1
62,244,53,-1
62,245,52,-1
62,246,51,-1
62,247,50,-1
62,248,49,-1
62,249,48,0
62,250,47,0
62,251,46,0
62,252,45,0
62,253,44,0
62,254,43,0
62,255,42,0
62,256,41,0
62,257,40,0
62,258,39,0
62,259,38,0
62,260,37,0
62,261,36,0
62,262,35,0
62,263,34,0
62,264,33,0
62,265,32,0
62,266,31,0
62,267,30,0
62,268,29,0
62,269,28,0
62,270,27,0
62,271,26,0
62,272,25,0
62,273,24,0
62,274,23,0
62,275,22,0
62,276,21,0
62,277,20,0
62,278,19,0
62,279,18,0
62,280,17,0
62,281,16,0
62,282,15,0
62,283,14,0
62,284,13,0
62,285,12,0
62,286,11,0
62,287,10,0
62,288,9,0
62,289,8,0
62,290,7,0
62,291,6,0
62,292,5,0
62,293,4,0
62,294,3,0
62,295,2,0
62,296,1,0
62,297,0,0
63,31,139,0
63,32,138,0
63,33,137,0
63,34,136,0
63,35,135,0
63,36,134,0
63,37,133,0
63,38,132,0
63,39,131,0
63,40,130,0
63,41,129,0
63,42,128,0
63,43,127,0
63,44,126,0
63,45,125,0
63,46,124,0
63,47,123,0
63,48,122,0
63,49,121,0
63,50,120,0
63,51,119,0
63,52,118,0
63,53,117,0
63,54,116,0
63,55,115,0
63,56,114,0
63,57,113,0
63,58,112,0
63,59,111,0
63,60,110,0
63,61,109,0
63,62,108,0
63,63,107,0
63,64,106,0
63,65,105,0
63,66,104,0
63,67,103,0
63,68,102,0
63,69,101,0
63,70,100,0
63,71,99,0
63,72,98,0
63,73,97,0
63,74,96,0
63,75,95,0
63,76,94,0
63,77,93,0
63,78,92,0
63,79,91,0
63,80,90,0
63,81,89,0
63,82,88,0
63,83,87,0
63,84,86,0
63,85,85,0
63,86,84,0
63,87,83,0
63,88,82,0
63,89,81,0
63,90,80,0
63,91,79,0
63,92,78,0
63,93,77,0
63,94,76,0
63,95,75,0
63,96,74,0
63,97,73,0
63,98,72,0
63,99,71,0
63,100,70,0
63,101,69,0
63,102,68,0
63,103,67,0
63,104,66,0
63,105,65,0
63,106,64,0
63,107,63,0
63,108,62,0
63,109,61,0
63,110,60,0
63,111,59,0
63,112,58,0
63,113,57,0
63,114,56,0
63,115,55,0
63,116,54,0
63,117,53,0
63,118,52,0
63,119,51,0
63,120,50,0
63,121,49,0
63,122,48,0
63,123,47,0
63,124,46,0
63,125,45,0
63,126,44,0
63,127,43,0
63,128,42,0
63,129,41,0
63,130,40,0
63,131,39,0
63,132,38,0
63,133,37,0
63,134,36,0
63,135,35,0
63,136,34,0
63,137,33,0
63,138,32,0
63,139,31,0
63,140,30,0
63,141,29,0
63,142,28,0
63,143,27,0
63,144,26,0
63,145,25,0
63,146,24,0
63,147,23,0
63,148,22,0
63,149,21,0
63,150,20,0
63,151,19,0
63,152,18,0
63,153,17,0
63,154,16,0
63,155,15,0
63,156,14,0
63,157,13,0
63,158,12,0
63,159,11,0
63,160,10,0
63,161,9,0
63,162,8,0
63,163,7,0
63,164,6,-1
63,165,5,0
63,166,4,-1
63,167,3,0
63,168,2,0
63,169,1,-1
63,170,0,-1
64,31,153,0
64,32,152,0
64,33,151,0
64,34,150,0
64,35,149,0
64,36,148,0
64,37,147,0
64,38,146,0
64,39,145,0
64,40,144,0
64,41,143,0
64,42,142,0
64,43,141,0
64,44,140,0
64,45,139,0
64,46,138,0
64,47,137,0
64,48,136,0
64,49,135,0
64,50,134,0
64,51,133,0
64,52,132,0
64,53,131,0
64,54,130,0
64,55,129,0
64,56,128,0
64,57,127,0
64,58,126,0
64,59,125,0
64,60,124,0
64,61,123,0
64,62,122,0
64,63,121,0
64,64,120,0
64,65,119,0
64,66,118,0
64,67,117,0
64,68,116,0
64,69,115,0
64,70,114,0
64,71,113,0
64,72,112,0
64,73,111,0
64,74,110,0
64,75,109,0
64,76,108,0
64,77,107,0
64,78,106,0
64,79,105,0
64,80,104,0
64,81,103,0
64,82,102,0
64,83,101,0
64,84,100,0
64,85,99,0
64,86,98,0
64,87,97,0
64,88,96,0
64,89,95,0
64,90,94,0
64,91,93,0
64,92,92,0
64,93,91,0
64,94,90,0
64,95,89,0
64,96,88,0
64,97,87,0
64,98,86,0
64,99,85,0
64,100,84,0
64,101,83,0
64,102,82,0
64,103,81,0
64,104,80,0
64,105,79,0
64,106,78,0
64,107,77,0
64,108,76,0
64,109,75,0
64,110,74,0
64,111,73,0
64,112,72,0
64,113,71,0
64,114,70,0
64,115,69,0
64,116,68,0
64,117,67,0
64,118,66,0
64,119,65,0
64,120,64,0
64,121,63,0
64,122,62,0
64,123,61,0
64,124,60,0
64,125,59,0
64,126,58,0
64,127,57,0
64,128,56,0
64,129,55,0
64,130,54,0
64,131,53,0
64,132,52,0
64,133,51,0
64,134,50,0
64,135,49,0
64,136,48,0
64,137,47,0
64,138,46,0
64,139,45,0
64,140,44,0
64,141,43,0
64,142,42,0
64,143,41,0
64,144,40,0
64,145,39,0
64,146,38,0
64,147,37,0
64,148,36,0
64,149,35,0
64,150,34,0
64,151,33,0
64,152,32,0
64,153,31,0
64,154,30,0
64,155,29,0
64,156,28,0
64,157,27,0
64,158,26,0
64,159,25,0
64,160,24,0
64,161,23,0
64,162,22,0
64,163,21,0
64,164,20,0
64,165,19,0
64,166,18,0
64,167,17,0
64,168,16,0
64,169,15,0
64,170,14,0
64,171,13,0
64,172,12,0
64,173,11,0
64,174,10,0
64,175,9,0
64,176,8,0
64,177,7,0
64,178,6,0
64,179,5,0
64,180,4,0
64,181,3,0
64,182,2,0
64,183,1,0
64,184,0,0
65,31,320,0
65,32,319,0
65,33,318,0
65,34,317,0
65,35,316,0
65,36,315,0
65,37,314,0
65,38,313,0
65,39,312,0
65,40,311,0
65,41,310,0
65,42,309,0
65,43,308,0
65,44,307,0
65,45,306,0
65,46,305,0
65,47,304,0
65,48,303,0
65,49,302,0
65,50,301,0
65,51,300,0
65,52,299,0
65,53,298,0
65,54,297,0
65,55,296,0
65,56,295,0
65,57,294,0
65,58,293,0
65,59,292,0
65,60,291,0
65,61,290,0
65,62,289,0
65,63,288,0
65,64,287,0
65,65,286,0
65,66,285,0
65,67,284,0
65,68,283,0
65,69,282,0
65,70,281,0
65,71,280,0
65,72,279,0
65,73,278,0
65,74,277,0
65,75,276,0
65,76,275,0
65,77,274,0
65,78,273,0
65,79,272,0
65,80,271,0
65,81,270,0
65,82,269,0
65,83,268,0
65,84,267,0
65,85,266,0
65,86,265,0
65,87,264,0
65,88,263,0
65,89,262,0
65,90,261,0
65,91,260,0
65,92,259,0
65,93,258,0
65,94,257,0
65,95,256,0
65,96,255,0
65,97,254,0
65,98,253,0
65,99,252,0
65,100,251,0
65,101,250,0
65,102,249,0
65,103,248,0
65,104,247,0
65,105,246,0
65,106,245,0
65,107,244,0
65,108,243,0
65,109,242,0
65,110,241,0
65,111,240,0
65,112,239,0
65,113,238,0
65,114,237,0
65,115,236,0
65,116,235,0
65,117,234,0
65,118,233,0
65,119,232,0
65,120,231,0
65,121,230,0
65,122,229,0
65,123,228,0
65,124,227,0
65,125,226,0
65,126,225,0
65,127,224,0
65,128,223,0
65,129,222,0
65,130,221,0
65,131,220,0
65,132,219,0
65,133,218,0
65,134,217,0
65,135,216,0
65,136,215,0
65,137,214,0
65,138,213,0
65,139,212,0
65,140,211,0
65,141,210,0
65,142,209,0
65,143,208,0
65,144,207,0
65,145,206,0
65,146,205,0
65,147,204,0
65,148,203,0
65,149,202,0
65,150,201,0
65,151,200,0
65,152,199,0
65,153,198,0
65,154,197,0
65,155,196,0
65,156,195,0
65,157,194,0
65,158,193,0
65,159,192,0
65,160,191,0
65,161,190,0
65,162,189,0
65,163,188,0
65,164,187,0
65,165,186,0
65,166,185,0
65,167,184,0
65,168,183,0
65,169,182,0
65,170,181,0
65,171,180,0
65,172,179,0
65,173,178,0
65,174,177,0
65,175,176,0
65,176,175,0
65,177,174,0
65,178,173,0
65,179,172,0
65,180,171,0
65,181,170,0
65,182,169,0
65,183,168,0
65,184,167,0
65,185,166,0
65,186,165,0
65,187,164,0
65,188,163,0
65,189,162,0
65,190,161,0
65,191,160,0
65,192,159,0
65,193,158,0
65,194,157,0
65,195,156,0
65,196,155,0
65,197,154,0
65,198,153,0
65,199,152,0
65,200,151,0
65,201,150,0
65,202,149,0
65,203,148,0
65,204,147,0
65,205,146,0
65,206,145,0
65,207,144,0
65,208,143,0
65,209,142,0
65,210,141,0
65,211,140,0
65,212,139,0
65,213,138,0
65,214,137,0
65,215,136,0
65,216,135,0
65,217,134,0
65,218,133,0
65,219,132,0
65,220,131,0
65,221,130,0
65,222,129,0
65,223,128,0
65,224,127,0
65,225,126,0
65,226,125,0
65,227,124,0
65,228,123,0
65,229,122,0
65,230,121,0
65,231,120,0
65,232,119,0
65,233,118,0
65,234,117,0
65,235,116,0
65,236,115,0
65,237,114,0
65,238,113,0
65,239,112,0
65,240,111,0
65,241,110,0
65,242,109,0
65,243,108,0
65,244,107,0
65,245,106,0
65,246,105,0
65,247,104,0
65,248,103,0
65,249,102,0
65,250,101,0
65,251,100,0
65,252,99,0
65,253,98,0
65,254,97,0
65,255,96,0
65,256,95,0
65,257,94,0
65,258,93,0
65,259,92,0
65,260,91,0
65,261,90,0
65,262,89,0
65,263,88,0
65,264,87,0
65,265,86,0
65,266,85,0
65,267,84,0
65,268,83,0
65,269,82,0
65,270,81,0
65,271,80,0
65,272,79,0
65,273,78,0
65,274,77,0
65,275,76,0
65,276,75,0
65,277,74,0
65,278,73,0
65,279,72,0
65,280,71,0
65,281,70,0
65,282,69,0
65,283,68,0
65,284,67,0
65,285,66,0
65,286,65,0
65,287,64,0
65,288,63,0
65,289,62,0
65,290,61,0
65,291,60,0
65,292,59,0
65,293,58,0
65,294,57,0
65,295,56,0
65,296,55,0
65,297,54,0
65,298,53,0
65,299,52,0
65,300,51,0
65,301,50,0
65,302,49,0
65,303,48,0
65,304,47,0
65,305,46,0
65,306,45,0
65,307,44,-1
65,308,43,-1
65,309,42,-1
65,310,41,-1
65,311,40,-1
65,312,39,-1
65,313,38,-1
65,314,37,-1
65,315,36,-1
65,316,35,-1
65,317,34,-1
65,318,33,0
65,319,32,0
65,320,31,0
65,321,30,0
65,322,29,0
65,323,28,0
65,324,27,0
65,325,26,0
65,326,25,0
65,327,24,0
65,328,23,0
65,329,22,0
65,330,21,0
65,331,20,0
65,332,19,0
65,333,18,0
65,334,17,0
65,335,16,0
65,336,15,0
65,337,14,0
65,338,13,0
65,339,12,0
65,340,11,0
65,341,10,0
65,342,9,0
65,343,8,0
65,344,7,0
65,345,6,0
65,346,5,0
65,347,4,0
65,348,3,0
65,349,2,0
65,350,1,0
65,351,0,0
66,31,144,0
66,32,143,0
66,33,142,0
66,34,141,0
66,35,140,0
66,36,139,0
66,37,138,0
66,38,137,0
66,39,136,0
66,40,135,0
66,41,134,0
66,42,133,0
66,43,132,0
66,44,131,0
66,45,130,0
66,46,129,0
66,47,128,0
66,48,127,0
66,49,126,0
66,50,125,0
66,51,124,0
66,52,123,0
66,53,122,0
66,54,121,0
66,55,120,0
66,56,119,0
66,57,118,0
66,58,117,0
66,59,116,0
66,60,115,0
66,61,114,0
66,62,113,0
66,63,112,0
66,64,111,0
66,65,110,0
66,66,109,0
66,67,108,0
66,68,107,0
66,69,106,0
66,70,105,0
66,71,104,0
66,72,103,0
66,73,102,0
66,74,101,0
66,75,100,0
66,76,99,0
66,77,98,0
66,78,97,0
66,79,96,0
66,80,95,0
66,81,94,0
66,82,93,0
66,83,92,0
66,84,91,0
66,85,90,0
66,86,89,0
66,87,88,0
66,88,87,0
66,89,86,0
66,90,85,0
66,91,84,0
66,92,83,0
66,93,82,0
66,94,81,0
66,95,80,0
66,96,79,0
66,97,78,0
66,98,77,0
66,99,76,0
66,100,75,0
66,101,74,0
66,102,73,0
66,103,72,0
66,104,71,0
66,105,70,0
66,106,69,0
66,107,68,0
66,108,67,0
66,109,66,0
66,110,65,0
66,111,64,0
66,112,63,0
66,113,62,0
66,114,61,0
66,115,60,0
66,116,59,0
66,117,58,0
66,118,57,0
66,119,56,0
66,120,55,0
66,121,54,0
66,122,53,0
66,123,52,0
66,124,51,0
66,125,50,0
66,126,49,0
66,127,48,0
66,128,47,0
66,129,46,0
66,130,45,0
66,131,44,0
66,132,43,0
66,133,42,0
66,134,41,0
66,135,40,0
66,136,39,0
66,137,38,0
66,138,37,0
66,139,36,0
66,140,35,0
66,141,34,0
66,142,33,0
66,143,32,0
66,144,31,0
66,145,30,0
66,146,29,0
66,147,28,0
66,148,27,0
66,149,26,0
66,150,25,0
66,151,24,0
66,152,23,0
66,153,22,0
66,154,21,0
66,155,20,0
66,156,19,0
66,157,18,0
66,158,17,0
66,159,16,0
66,160,15,0
66,161,14,0
66,162,13,0
66,163,12,0
66,164,11,0
66,165,10,0
66,166,9,0
66,167,8,0
66,168,7,0
66,169,6,0
66,170,5,0
66,171,4,0
66,172,3,0
66,173,2,0
66,174,1,0
66,175,0,-1
67,31,136,0
67,32,135,0
67,33,134,0
67,34,133,0
67,35,132,0
67,36,131,0
67,37,130,0
67,38,129,0
67,39,128,0
67,40,127,0
67,41,126,0
67,42,125,0
67,43,124,0
67,44,123,0
67,45,122,0
67,46,121,0
67,47,120,0
67,48,119,0
67,49,118,0
67,50,117,0
67,51,116,0
67,52,115,0
67,53,114,0
67,54,113,0
67,55,112,0
67,56,111,0
67,57,110,0
67,58,109,0
67,59,108,0
67,60,107,0
67,61,106,0
67,62,105,0
67,63,104,0
67,64,103,0
67,65,102,0
67,66,101,0
67,67,100,0
67,68,99,0
67,69,98,0
67,70,97,0
67,71,96,0
67,72,95,0
67,73,94,0
67,74,93,0
67,75,92,0
67,76,91,0
67,77,90,0
67,78,89,0
67,79,88,0
67,80,87,0
67,81,86,0
67,82,85,0
67,83,84,0
67,84,83,0
67,85,82,0
67,86,81,0
67,87,80,0
67,88,79,0
67,89,78,0
67,90,77,0
67,91,76,0
67,92,75,0
67,93,74,0
67,94,73,0
67,95,72,0
67,96,71,0
67,97,70,0
67,98,69,0
67,99,68,0
67,100,67,0
67,101,66,0
67,102,65,0
67,103,64,0
67,104,63,0
67,105,62,0
67,106,61,0
67,107,60,0
67,108,59,0
67,109,58,0
67,110,57,0
67,111,56,0
67,112,55,0
67,113,54,0
67,114,53,0
67,115,52,0
67,116,51,0
67,117,50,0
67,118,49,0
67,119,48,0
67,120,47,0
67,121,46,0
67,122,45,0
67,123,44,0
67,124,43,0
67,125,42,0
67,126,41,0
67,127,40,0
67,128,39,0
67,129,38,0
67,130,37,0
67,131,36,0
67,132,35,0
67,133,34,0
67,134,33,0
67,135,32,0
67,136,31,0
67,137,30,0
67,138,29,0
67,139,28,0
67,140,27,0
67,141,26,0
67,142,25,0
67,143,24,0
67,144,23,0
67,145,22,0
67,146,21,0
67,147,20,0
67,148,19,0
67,149,18,0
67,150,17,0
67,151,16,0
67,152,15,0
67,153,14,0
67,154,13,0
67,155,12,0
67,156,11,0
67,157,10,0
67,158,9,0
67,159,8,0
67,160,7,0
67,161,6,0
67,162,5,0
67,163,4,0
67,164,3,0
67,165,2,0
67,166,1,0
67,167,0,0
68,31,132,0
68,32,131,0
68,33,130,0
68,34,129,0
68,35,128,0
68,36,127,0
68,37,126,0
68,38,125,0
68,39,124,0
68,40,123,0
68,41,122,0
68,42,121,0
68,43,120,0
68,44,119,0
68,45,118,0
68,46,117,0
68,47,116,0
68,48,115,0
68,49,114,0
68,50,113,0
68,51,112,0
68,52,111,0
68,53,110,0
68,54,109,0
68,55,108,0
68,56,107,0
68,57,106,0
68,58,105,0
68,59,104,0
68,60,103,0
68,61,102,0
68,62,101,0
68,63,100,0
68,64,99,0
68,65,98,0
68,66,97,0
68,67,96,0
68,68,95,0
68,69,94,0
68,70,93,0
68,71,92,0
68,72,91,0
68,73,90,0
68,74,89,0
68,75,88,0
68,76,87,0
68,77,86,0
68,78,85,0
68,79,84,0
68,80,83,0
68,81,82,0
68,82,81,0
68,83,80,0
68,84,79,0
68,85,78,0
68,86,77,0
68,87,76,0
68,88,75,0
68,89,74,0
68,90,73,0
68,91,72,0
68,92,71,0
68,93,70,0
68,94,69,0
68,95,68,0
68,96,67,0
68,97,66,0
68,98,65,0
68,99,64,0
68,100,63,0
68,101,62,0
68,102,61,0
68,103,60,0
68,104,59,0
68,105,58,0
68,106,57,0
68,107,56,0
68,108,55,0
68,109,54,0
68,110,53,0
68,111,52,0
68,112,51,0
68,113,50,0
68,114,49,0
68,115,48,0
68,116,47,0
68,117,46,0
68,118,45,0
68,119,44,0
68,120,43,0
68,121,42,0
68,122,41,0
68,123,40,0
68,124,39,0
68,125,38,0
68,126,37,0
68,127,36,0
68,128,35,0
68,129,34,0
68,130,33,0
68,131,32,0
68,132,31,0
68,133,30,0
68,134,29,0
68,135,28,0
68,136,27,0
68,137,26,0
68,138,25,0
68,139,24,0
68,140,23,0
68,141,22,0
68,142,21,0
68,143,20,0
68,144,19,0
68,145,18,0
68,146,17,0
68,147,16,0
68,148,15,0
68,149,14,-1
68,150,13,-1
68,151,12,-1
68,152,11,-1
68,153,10,-1
68,154,9,-1
68,155,8,-1
68,156,7,-1
68,157,6,-1
68,158,5,-1
68,159,4,-1
68,160,3,-1
68,161,2,-1
68,162,1,-1
68,163,0,-1
69,31,195,0
69,32,194,0
69,33,193,0
69,34,192,0
69,35,191,0
69,36,190,0
69,37,189,0
69,38,188,0
69,39,187,0
69,40,186,0
69,41,185,0
69,42,184,0
69,43,183,0
69,44,182,0
69,45,181,0
69,46,180,0
69,47,179,0
69,48,178,0
69,49,177,0
69,50,176,0
69,51,175,0
69,52,174,0
69,53,173,0
69,54,172,0
69,55,171,0
69,56,170,0
69,57,169,0
69,58,168,0
69,59,167,0
69,60,166,0
69,61,165,0
69,62,164,-1
69,63,163,0
69,64,162,0
69,65,161,0
69,66,160,-1
69,67,159,0
69,68,158,0
69,69,157,0
69,70,156,0
69,71,155,0
69,72,154,0
69,73,153,0
69,74,152,0
69,75,151,0
69,76,150,0
69,77,149,0
69,78,148,0
69,79,147,0
69,80,146,0
69,81,145,0
69,82,144,0
69,83,143,0
69,84,142,0
69,85,141,0
69,86,140,0
69,87,139,0
69,88,138,0
69,89,137,0
69,90,136,0
69,91,135,0
69,92,134,0
69,93,133,0
69,94,132,0
69,95,131,0
69,96,130,0
69,97,129,0
69,98,128,0
69,99,127,0
69,100,126,0
69,101,125,0
69,102,124,0
69,103,123,0
69,104,122,0
69,105,121,0
69,106,120,0
69,107,119,0
69,108,118,0
69,109,117,0
69,110,116,0
69,111,115,0
69,112,114,0
69,113,113,0
69,114,112,0
69,115,111,0
69,116,110,0
69,117,109,0
69,118,108,0
69,119,107,0
69,120,106,0
69,121,105,0
69,122,104,0
69,123,103,0
69,124,102,0
69,125,101,0
69,126,100,0
69,127,99,0
69,128,98,0
69,129,97,0
69,130,96,0
69,131,95,0
69,132,94,0
69,133,93,0
69,134,92,0
69,135,91,0
69,136,90,0
69,137,89,0
69,138,88,0
69,139,87,0
69,140,86,0
69,141,85,0
69,142,84,0
69,143,83,0
69,144,82,0
69,145,81,0
69,146,80,0
69,147,79,0
69,148,78,0
69,149,77,0
69,150,76,0
69,151,75,0
69,152,74,0
69,153,73,0
69,154,72,0
69,155,71,0
69,156,70,0
69,157,69,0
69,158,68,0
69,159,67,0
69,160,66,0
69,161,65,0
69,162,64,0
69,163,63,0
69,164,62,0
69,165,61,0
69,166,60,0
69,167,59,0
69,168,58,0
69,169,57,0
69,170,56,0
69,171,55,0
69,172,54,0
69,173,53,0
69,174,52,0
69,175,51,0
69,176,50,0
69,177,49,0
69,178,48,0
69,179,47,0
69,180,46,0
69,181,45,0
69,182,44,0
69,183,43,0
69,184,42,0
69,185,41,0
69,186,40,0
69,187,39,0
69,188,38,0
69,189,37,0
69,190,36,0
69,191,35,0
69,192,34,0
69,193,33,0
69,194,32,0
69,195,31,0
69,196,30,0
69,197,29,0
69,198,28,0
69,199,27,0
69,200,26,0
69,201,25,0
69,202,24,0
69,203,23,0
69,204,22,0
69,205,21,0
69,206,20,0
69,207,19,0
69,208,18,0
69,209,17,0
69,210,16,0
69,211,15,0
69,212,14,0
69,213,13,0
69,214,12,0
69,215,11,0
69,216,10,0
69,217,9,0
69,218,8,0
69,219,7,0
69,220,6,0
69,221,5,0
69,222,4,0
69,223,3,0
69,224,2,0
69,225,1,-1
69,226,0,-1
70,31,154,0
70,32,153,0
70,33,152,0
70,34,151,0
70,35,150,0
70,36,149,0
70,37,148,0
70,38,147,0
70,39,146,0
70,40,145,0
70,41,144,0
70,42,143,0
70,43,142,0
70,44,141,0
70,45,140,0
70,46,139,0
70,47,138,0
70,48,137,0
70,49,136,0
70,50,135,0
70,51,134,0
70,52,133,0
70,53,132,0
70,54,131,0
70,55,130,0
70,56,129,0
70,57,128,0
70,58,127,0
70,59,126,0
70,60,125,0
70,61,124,0
70,62,123,0
70,63,122,0
70,64,121,0
70,65,120,0
70,66,119,0
70,67,118,0
70,68,117,0
70,69,116,0
70,70,115,0
70,71,114,0
70,72,113,0
70,73,112,0
70,74,111,0
70,75,110,0
70,76,109,0
70,77,108,0
70,78,107,0
70,79,106,0
70,80,105,0
70,81,104,0
70,82,103,0
70,83,102,0
70,84,101,0
70,85,100,0
70,86,99,0
70,87,98,0
70,88,97,0
70,89,96,0
70,90,95,0
70,91,94,0
70,92,93,0
70,93,92,0
70,94,91,0
70,95,90,0
70,96,89,0
70,97,88,0
70,98,87,0
70,99,86,0
70,100,85,0
70,101,84,0
70,102,83,0
70,103,82,0
70,104,81,0
70,105,80,0
70,106,79,0
70,107,78,0
70,108,77,0
70,109,76,0
70,110,75,0
70,111,74,0
70,112,73,0
70,113,72,0
70,114,71,0
70,115,70,0
70,116,69,0
70,117,68,0
70,118,67,0
70,119,66,0
70,120,65,0
70,121,64,0
70,122,63,0
70,123,62,0
70,124,61,0
70,125,60,0
70,126,59,0
70,127,58,0
70,128,57,0
70,129,56,0
70,130,55,0
70,131,54,0
70,132,53,0
70,133,52,0
70,134,51,0
70,135,50,0
70,136,49,0
70,137,48,0
70,138,47,0
70,139,46,0
70,140,45,0
70,141,44,0
70,142,43,0
70,143,42,0
70,144,41,0
70,145,40,0
70,146,39,0
70,147,38,0
70,148,37,0
70,149,36,0
70,150,35,0
70,151,34,0
70,152,33,0
70,153,32,0
70,154,31,0
70,155,30,0
70,156,29,0
70,157,28,0
70,158,27,0
70,159,26,0
70,160,25,0
70,161,24,0
70,162,23,0
70,163,22,0
70,164,21,0
70,165,20,0
70,166,19,0
70,167,18,0
70,168,17,0
70,169,16,0
70,170,15,0
70,171,14,0
70,172,13,0
70,173,12,0
70,174,11,0
70,175,10,0
70,176,9,0
70,177,8,0
70,178,7,0
70,179,6,0
70,180,5,0
70,181,4,0
70,182,3,0
70,183,2,0
70,184,1,0
70,185,0,0
71,31,281,0
71,32,280,0
71,33,279,0
71,34,278,0
71,35,277,0
71,36,276,0
71,37,275,0
71,38,274,0
71,39,273,0
71,40,272,0
71,41,271,0
71,42,270,0
71,43,269,0
71,44,268,0
71,45,267,0
71,46,266,0
71,47,265,0
71,48,264,0
71,49,263,0
71,50,262,0
71,51,261,0
71,52,260,0
71,53,259,0
71,54,258,0
71,55,257,0
71,56,256,0
71,57,255,0
71,58,254,0
71,59,253,0
71,60,252,0
71,61,251,0
71,62,250,0
71,63,249,0
71,64,248,0
71,65,247,0
71,66,246,0
71,67,245,0
71,68,244,0
71,69,243,0
71,70,242,0
71,71,241,0
71,72,240,0
71,73,239,0
71,74,238,0
71,75,237,0
71,76,236,0
71,77,235,0
71,78,234,0
71,79,233,0
71,80,232,0
71,81,231,0
71,82,230,0
71,83,229,0
71,84,228,0
71,85,227,0
71,86,226,0
71,87,225,0
71,88,224,0
71,89,223,0
71,90,222,0
71,91,221,0
71,92,220,0
71,93,219,0
71,94,218,0
71,95,217,0
71,96,216,0
71,97,215,0
71,98,214,0
71,99,213,0
71,100,212,0
71,101,211,0
71,102,210,0
71,103,209,0
71,104,208,0
71,105,207,0
71,106,206,0
71,107,205,0
71,108,204,0
71,109,203,0
71,110,202,0
71,111,201,0
71,112,200,0
71,113,199,0
71,114,198,0
71,115,197,0
71,116,196,0
71,117,195,0
71,118,194,0
71,119,193,0
71,120,192,0
71,121,191,0
71,122,190,0
71,123,189,0
71,124,188,0
71,125,187,0
71,126,186,0
71,127,185,0
71,128,184,0
71,129,183,0
71,130,182,0
71,131,181,0
71,132,180,0
71,133,179,0
71,134,178,0
71,135,177,0
71,136,176,0
71,137,175,0
71,138,174,0
71,139,173,0
71,140,172,0
71,141,171,0
71,142,170,0
71,143,169,0
71,144,168,0
71,145,167,0
71,146,166,0
71,147,165,0
71,148,164,0
71,149,163,0
71,150,162,0
71,151,161,0
71,152,160,0
71,153,159,0
71,154,158,0
71,155,157,0
71,156,156,0
71,157,155,-1
71,158,154,-1
71,159,153,-1
71,160,152,-1
71,161,151,-1
71,162,150,-1
71,163,149,-1
71,164,148,-1
71,165,147,-1
71,166,146,-1
71,167,145,-1
71,168,144,-1
71,169,143,-1
71,170,142,-1
71,171,141,0
71,172,140,0
71,173,139,0
71,174,138,0
71,175,137,0
71,176,136,0
71,177,135,0
71,178,134,0
71,179,133,0
71,180,132,0
71,181,131,0
71,182,130,0
71,183,129,0
71,184,128,0
71,185,127,0
71,186,126,0
71,187,125,0
71,188,124,0
71,189,123,0
71,190,122,0
71,191,121,0
71,192,120,0
71,193,119,0
71,194,118,0
71,195,117,0
71,196,116,0
71,197,115,0
71,198,114,0
71,199,113,0
71,200,112,0
71,201,111,0
71,202,110,0
71,203,109,0
71,204,108,0
71,205,107,0
71,206,106,0
71,207,105,0
71,208,104,0
71,209,103,0
71,210,102,0
71,211,101,0
71,212,100,0
71,213,99,0
71,214,98,0
71,215,97,0
71,216,96,0
71,217,95,0
71,218,94,0
71,219,93,0
71,220,92,0
71,221,91,0
71,222,90,0
71,223,89,0
71,224,88,0
71,225,87,0
71,226,86,0
71,227,85,0
71,228,84,0
71,229,83,0
71,230,82,0
71,231,81,0
71,232,80,0
71,233,79,0
71,234,78,0
71,235,77,0
71,236,76,0
71,237,75,0
71,238,74,0
71,239,73,0
71,240,72,0
71,241,71,0
71,242,70,0
71,243,69,0
71,244,68,0
71,245,67,0
71,246,66,0
71,247,65,0
71,248,64,0
71,249,63,0
71,250,62,0
71,251,61,0
71,252,60,0
71,253,59,0
71,254,58,0
71,255,57,0
71,256,56,0
71,257,55,0
71,258,54,0
71,259,53,0
71,260,52,0
71,261,51,0
71,262,50,0
71,263,49,0
71,264,48,0
71,265,47,0
71,266,46,0
71,267,45,0
71,268,44,0
71,269,43,0
71,270,42,0
71,271,41,0
71,272,40,0
71,273,39,0
71,274,38,0
71,275,37,0
71,276,36,0
71,277,35,0
71,278,34,0
71,279,33,0
71,280,32,0
71,281,31,0
71,282,30,0
71,283,29,0
71,284,28,0
71,285,27,0
71,286,26,0
71,287,25,0
71,288,24,0
71,289,23,0
71,290,22,0
71,291,21,0
71,292,20,0
71,293,19,0
71,294,18,0
71,295,17,0
71,296,16,0
71,297,15,0
71,298,14,0
71,299,13,0
71,300,12,0
71,301,11,0
71,302,10,0
71,303,9,0
71,304,8,0
71,305,7,0
71,306,6,0
71,307,5,0
71,308,4,0
71,309,3,0
71,310,2,0
71,311,1,0
71,312,0,0
72,31,277,0
72,32,276,0
72,33,275,0
72,34,274,0
72,35,273,0
72,36,272,0
72,37,271,0
72,38,270,0
72,39,269,0
72,40,268,0
72,41,267,0
72,42,266,0
72,43,265,0
72,44,264,0
72,45,263,0
72,46,262,0
72,47,261,0
72,48,260,0
72,49,259,0
72,50,258,0
72,51,257,0
72,52,256,0
72,53,255,0
72,54,254,0
72,55,253,0
72,56,252,0
72,57,251,0
72,58,250,0
72,59,249,0
72,60,248,0
72,61,247,0
72,62,246,0
72,63,245,0
72,64,244,0
72,65,243,0
72,66,242,0
72,67,241,0
72,68,240,0
72,69,239,0
72,70,238,0
72,71,237,0
72,72,236,0
72,73,235,0
72,74,234,0
72,75,233,0
72,76,232,0
72,77,231,0
72,78,230,0
72,79,229,0
72,80,228,0
72,81,227,0
72,82,226,0
72,83,225,0
72,84,224,0
72,85,223,0
72,86,222,0
72,87,221,0
72,88,220,0
72,89,219,0
72,90,218,0
72,91,217,0
72,92,216,0
72,93,215,0
72,94,214,0
72,95,213,0
72,96,212,0
72,97,211,0
72,98,210,0
72,99,209,0
72,100,208,0
72,101,207,0
72,102,206,0
72,103,205,0
72,104,204,0
72,105,203,0
72,106,202,0
72,107,201,0
72,108,200,0
72,109,199,0
72,110,198,0
72,111,197,0
72,112,196,0
72,113,195,0
72,114,194,0
72,115,193,0
72,116,192,0
72,117,191,0
72,118,190,0
72,119,189,0
72,120,188,0
72,121,187,0
72,122,186,0
72,123,185,0
72,124,184,0
72,125,183,0
72,126,182,0
72,127,181,0
72,128,180,0
72,129,179,0
72,130,178,0
72,131,177,0
72,132,176,0
72,133,175,0
72,134,174,0
72,135,173,0
72,136,172,0
72,137,171,0
72,138,170,0
72,139,169,0
72,140,168,0
72,141,167,0
72,142,166,0
72,143,165,0
72,144,164,0
72,145,163,0
72,146,162,0
72,147,161,0
72,148,160,0
72,149,159,0
72,150,158,0
72,151,157,0
72,152,156,0
72,153,155,0
72,154,154,0
72,155,153,0
72,156,152,0
72,157,151,0
72,158,150,0
72,159,149,0
72,160,148,0
72,161,147,0
72,162,146,0
72,163,145,0
72,164,144,0
72,165,143,0
72,166,142,0
72,167,141,0
72,168,140,0
72,169,139,0
72,170,138,0
72,171,137,0
72,172,136,0
72,173,135,0
72,174,134,0
72,175,133,0
72,176,132,0
72,177,131,0
72,178,130,0
72,179,129,0
72,180,128,0
72,181,127,0
72,182,126,0
72,183,125,0
72,184,124,0
72,185,123,0
72,186,122,0
72,187,121,0
72,188,120,0
72,189,119,0
72,190,118,0
72,191,117,0
72,192,116,0
72,193,115,0
72,194,114,0
72,195,113,0
72,196,112,0
72,197,111,0
72,198,110,0
72,199,109,0
72,200,108,0
72,201,107,0
72,202,106,0
72,203,105,0
72,204,104,0
72,205,103,0
72,206,102,0
72,207,101,0
72,208,100,0
72,209,99,0
72,210,98,0
72,211,97,0
72,212,96,0
72,213,95,0
72,214,94,0
72,215,93,0
72,216,92,0
72,217,91,0
72,218,90,0
72,219,89,0
72,220,88,0
72,221,87,0
72,222,86,0
72,223,85,0
72,224,84,0
72,225,83,0
72,226,82,0
72,227,81,0
72,228,80,0
72,229,79,0
72,230,78,0
72,231,77,0
72,232,76,0
72,233,75,0
72,234,74,0
72,235,73,0
72,236,72,0
72,237,71,0
72,238,70,0
72,239,69,0
72,240,68,0
72,241,67,0
72,242,66,0
72,243,65,0
72,244,64,0
72,245,63,0
72,246,62,0
72,247,61,0
72,248,60,0
72,249,59,0
72,250,58,0
72,251,57,0
72,252,56,0
72,253,55,0
72,254,54,0
72,255,53,0
72,256,52,0
72,257,51,0
72,258,50,0
72,259,49,0
72,260,48,0
72,261,47,0
72,262,46,0
72,263,45,0
72,264,44,0
72,265,43,0
72,266,42,0
72,267,41,0
72,268,40,0
72,269,39,0
72,270,38,0
72,271,37,0
72,272,36,0
72,273,35,0
72,274,34,0
72,275,33,0
72,276,32,0
72,277,31,0
72,278,30,0
72,279,29,0
72,280,28,0
72,281,27,0
72,282,26,0
72,283,25,0
72,284,24,0
72,285,23,0
72,286,22,0
72,287,21,0
72,288,20,0
72,289,19,0
72,290,18,0
72,291,17,0
72,292,16,0
72,293,15,0
72,294,14,0
72,295,13,0
72,296,12,0
72,297,11,0
72,298,10,0
72,299,9,0
72,300,8,0
72,301,7,0
72,302,6,0
72,303,5,0
72,304,4,0
72,305,3,0
72,306,2,0
72,307,1,-1
72,308,0,0
73,31,150,0
73,32,149,0
73,33,148,0
73,34,147,0
73,35,146,0
73,36,145,0
73,37,144,0
73,38,143,0
73,39,142,0
73,40,141,0
73,41,140,0
73,42,139,0
73,43,138,0
73,44,137,0
73,45,136,0
73,46,135,0
73,47,134,0
73,48,133,0
73,49,132,0
73,50,131,0
73,51,130,0
73,52,129,0
73,53,128,0
73,54,127,0
73,55,126,0
73,56,125,0
73,57,124,0
73,58,123,0
73,59,122,0
73,60,121,0
73,61,120,0
73,62,119,0
73,63,118,0
73,64,117,0
73,65,116,0
73,66,115,0
73,67,114,0
73,68,113,0
73,69,112,0
73,70,111,0
73,71,110,0
73,72,109,0
73,73,108,0
73,74,107,0
73,75,106,0
73,76,105,0
73,77,104,0
73,78,103,0
73,79,102,0
73,80,101,0
73,81,100,0
73,82,99,0
73,83,98,0
73,84,97,0
73,85,96,0
73,86,95,0
73,87,94,0
73,88,93,0
73,89,92,0
73,90,91,0
73,91,90,0
73,92,89,0
73,93,88,0
73,94,87,0
73,95,86,0
73,96,85,0
73,97,84,0
73,98,83,0
73,99,82,0
73,100,81,0
73,101,80,0
73,102,79,0
73,103,78,0
73,104,77,0
73,105,76,0
73,106,75,0
73,107,74,0
73,108,73,0
73,109,72,0
73,110,71,0
73,111,70,0
73,112,69,0
73,113,68,0
73,114,67,0
73,115,66,0
73,116,65,0
73,117,64,0
73,118,63,0
73,119,62,0
73,120,61,0
73,121,60,0
73,122,59,0
73,123,58,0
73,124,57,0
73,125,56,0
73,126,55,0
73,127,54,0
73,128,53,0
73,129,52,0
73,130,51,0
73,131,50,0
73,132,49,0
73,133,48,0
73,134,47,0
73,135,46,0
73,136,45,0
73,137,44,0
73,138,43,0
73,139,42,0
73,140,41,0
73,141,40,0
73,142,39,0
73,143,38,0
73,144,37,0
73,145,36,0
73,146,35,0
73,147,34,0
73,148,33,0
73,149,32,0
73,150,31,0
73,151,30,0
73,152,29,0
73,153,28,0
73,154,27,0
73,155,26,0
73,156,25,0
73,157,24,0
73,158,23,0
73,159,22,0
73,160,21,0
73,161,20,0
73,162,19,0
73,163,18,0
73,164,17,0
73,165,16,0
73,166,15,0
73,167,14,0
73,168,13,0
73,169,12,0
73,170,11,0
73,171,10,0
73,172,9,0
73,173,8,0
73,174,7,0
73,175,6,0
73,176,5,0
73,177,4,0
73,178,3,0
73,179,2,0
73,180,1,0
73,181,0,0
74,31,213,0
74,32,212,0
74,33,211,0
74,34,210,0
74,35,209,0
74,36,208,0
74,37,207,0
74,38,206,0
74,39,205,0
74,40,204,0
74,41,203,0
74,42,202,0
74,43,201,0
74,44,200,0
74,45,199,0
74,46,198,0
74,47,197,0
74,48,196,0
74,49,195,0
74,50,194,0
74,51,193,0
74,52,192,0
74,53,191,0
74,54,190,0
74,55,189,0
74,56,188,0
74,57,187,0
74,58,186,0
74,59,185,0
74,60,184,0
74,61,183,0
74,62,182,0
74,63,181,0
74,64,180,0
74,65,179,0
74,66,178,0
74,67,177,0
74,68,176,0
74,69,175,0
74,70,174,0
74,71,173,0
74,72,172,0
74,73,171,0
74,74,170,0
74,75,169,0
74,76,168,0
74,77,167,0
74,78,166,0
74,79,165,0
74,80,164,0
74,81,163,0
74,82,162,0
74,83,161,0
74,84,160,0
74,85,159,0
74,86,158,0
74,87,157,0
74,88,156,0
74,89,155,0
74,90,154,0
74,91,153,0
74,92,152,0
74,93,151,0
74,94,150,0
74,95,149,0
74,96,148,0
74,97,147,0
74,98,146,0
74,99,145,0
74,100,144,0
74,101,143,0
74,102,142,0
74,103,141,0
74,104,140,0
74,105,139,0
74,106,138,0
74,107,137,0
74,108,136,0
74,109,135,0
74,110,134,0
74,111,133,0
74,112,132,0
74,113,131,0
74,114,130,0
74,115,129,0
74,116,128,0
74,117,127,0
74,118,126,0
74,119,125,0
74,120,124,0
74,121,123,0
74,122,122,0
74,123,121,0
74,124,120,0
74,125,119,0
74,126,118,0
74,127,117,0
74,128,116,0
74,129,115,0
74,130,114,0
74,131,113,0
74,132,112,0
74,133,111,0
74,134,110,0
74,135,109,0
74,136,108,0
74,137,107,0
74,138,106,0
74,139,105,0
74,140,104,0
74,141,103,0
74,142,102,0
74,143,101,0
74,144,100,0
74,145,99,0
74,146,98,0
74,147,97,0
74,148,96,0
74,149,95,0
74,150,94,0
74,151,93,0
74,152,92,0
74,153,91,0
74,154,90,0
74,155,89,0
74,156,88,0
74,157,87,0
74,158,86,0
74,159,85,0
74,160,84,0
74,161,83,0
74,162,82,0
74,163,81,0
74,164,80,0
74,165,79,0
74,166,78,0
74,167,77,0
74,168,76,0
74,169,75,0
74,170,74,0
74,171,73,0
74,172,72,0
74,173,71,0
74,174,70,0
74,175,69,0
74,176,68,0
74,177,67,0
74,178,66,0
74,179,65,0
74,180,64,0
74,181,63,0
74,182,62,0
74,183,61,0
74,184,60,0
74,185,59,0
74,186,58,0
74,187,57,0
74,188,56,0
74,189,55,0
74,190,54,0
74,191,53,0
74,192,52,0
74,193,51,0
74,194,50,0
74,195,49,0
74,196,48,0
74,197,47,0
74,198,46,0
74,199,45,0
74,200,44,0
74,201,43,0
74,202,42,0
74,203,41,0
74,204,40,0
74,205,39,0
74,206,38,0
74,207,37,0
74,208,36,0
74,209,35,0
74,210,34,0
74,211,33,0
74,212,32,0
74,213,31,0
74,214,30,0
74,215,29,0
74,216,28,0
74,217,27,0
74,218,26,0
74,219,25,0
74,220,24,0
74,221,23,0
74,222,22,0
74,223,21,0
74,224,20,0
74,225,19,0
74,226,18,0
74,227,17,0
74,228,16,0
74,229,15,0
74,230,14,0
74,231,13,0
74,232,12,0
74,233,11,0
74,234,10,0
74,235,9,0
74,236,8,0
74,237,7,0
74,238,6,0
74,239,5,0
74,240,4,0
74,241,3,0
74,242,2,0
74,243,1,0
74,244,0,0
75,31,199,0
75,32,198,0
75,33,197,0
75,34,196,0
75,35,195,0
75,36,194,0
75,37,193,0
75,38,192,0
75,39,191,0
75,40,190,0
75,41,189,0
75,42,188,0
75,43,187,0
75,44,186,0
75,45,185,0
75,46,184,0
75,47,183,0
75,48,182,0
75,49,181,0
75,50,180,0
75,51,179,0
75,52,178,0
75,53,177,0
75,54,176,0
75,55,175,0
75,56,174,0
75,57,173,0
75,58,172,0
75,59,171,0
75,60,170,0
75,61,169,0
75,62,168,0
75,63,167,0
75,64,166,0
75,65,165,0
75,66,164,0
75,67,163,0
75,68,162,0
75,69,161,0
75,70,160,0
75,71,159,0
75,72,158,0
75,73,157,0
75,74,156,0
75,75,155,0
75,76,154,0
75,77,153,0
75,78,152,0
75,79,151,0
75,80,150,0
75,81,149,0
75,82,148,0
75,83,147,0
75,84,146,0
75,85,145,0
75,86,144,0
75,87,143,0
75,88,142,0
75,89,141,0
75,90,140,0
75,91,139,0
75,92,138,0
75,93,137,0
75,94,136,0
75,95,135,0
75,96,134,0
75,97,133,0
75,98,132,0
75,99,131,0
75,100,130,0
75,101,129,0
75,102,128,0
75,103,127,0
75,104,126,0
75,105,125,0
75,106,124,0
75,107,123,0
75,108,122,0
75,109,121,0
75,110,120,0
75,111,119,0
75,112,118,0
75,113,117,0
75,114,116,0
75,115,115,0
75,116,114,0
75,117,113,0
75,118,112,0
75,119,111,0
75,120,110,0
75,121,109,0
75,122,108,0
75,123,107,0
75,124,106,0
75,125,105,0
75,126,104,0
75,127,103,0
75,128,102,0
75,129,101,0
75,130,100,0
75,131,99,0
75,132,98,0
75,133,97,0
75,134,96,0
75,135,95,0
75,136,94,0
75,137,93,0
75,138,92,0
75,139,91,0
75,140,90,0
75,141,89,0
75,142,88,0
75,143,87,0
75,144,86,0
75,145,85,0
75,146,84,0
75,147,83,0
75,148,82,0
75,149,81,0
75,150,80,0
75,151,79,0
75,152,78,0
75,153,77,0
75,154,76,0
75,155,75,0
75,156,74,0
75,157,73,0
75,158,72,0
75,159,71,0
75,160,70,0
75,161,69,0
75,162,68,0
75,163,67,0
75,164,66,0
75,165,65,0
75,166,64,0
75,167,63,0
75,168,62,0
75,169,61,0
75,170,60,0
75,171,59,0
75,172,58,0
75,173,57,0
75,174,56,0
75,175,55,0
75,176,54,0
75,177,53,0
75,178,52,0
75,179,51,0
75,180,50,0
75,181,49,0
75,182,48,0
75,183,47,0
75,184,46,0
75,185,45,0
75,186,44,0
75,187,43,0
75,188,42,0
75,189,41,0
75,190,40,0
75,191,39,0
75,192,38,0
75,193,37,0
75,194,36,0
75,195,35,0
75,196,34,0
75,197,33,0
75,198,32,0
75,199,31,0
75,200,30,0
75,201,29,0
75,202,28,0
75,203,27,0
75,204,26,0
75,205,25,0
75,206,24,0
75,207,23,0
75,208,22,0
75,209,21,0
75,210,20,0
75,211,19,0
75,212,18,0
75,213,17,0
75,214,16,0
75,215,15,0
75,216,14,0
75,217,13,-1
75,218,12,0
75,219,11,0
75,220,10,0
75,221,9,-1
75,222,8,-1
75,223,7,-1
75,224,6,-1
75,225,5,-1
75,226,4,0
75,227,3,-1
75,228,2,-1
75,229,1,-1
75,230,0,-1
76,31,121,0
76,32,120,0
76,33,119,0
76,34,118,0
76,35,117,0
76,36,116,0
76,37,115,0
76,38,114,0
76,39,113,0
76,40,112,0
76,41,111,0
76,42,110,0
76,43,109,0
76,44,108,0
76,45,107,0
76,46,106,0
76,47,105,0
76,48,104,0
76,49,103,0
76,50,102,0
76,51,101,0
76,52,100,0
76,53,99,0
76,54,98,0
76,55,97,0
76,56,96,0
76,57,95,0
76,58,94,0
76,59,93,0
76,60,92,0
76,61,91,0
76,62,90,0
76,63,89,0
76,64,88,0
76,65,87,0
76,66,86,0
76,67,85,0
76,68,84,0
76,69,83,0
76,70,82,0
76,71,81,0
76,72,80,0
76,73,79,0
76,74,78,0
76,75,77,0
76,76,76,0
76,77,75,0
76,78,74,0
76,79,73,0
76,80,72,0
76,81,71,0
76,82,70,0
76,83,69,0
76,84,68,0
76,85,67,0
76,86,66,0
76,87,65,0
76,88,64,0
76,89,63,0
76,90,62,0
76,91,61,0
76,92,60,0
76,93,59,0
76,94,58,0
76,95,57,0
76,96,56,0
76,97,55,0
76,98,54,0
76,99,53,0
76,100,52,0
76,101,51,0
76,102,50,0
76,103,49,0
76,104,48,0
76,105,47,0
76,106,46,0
76,107,45,0
76,108,44,0
76,109,43,0
76,110,42,0
76,111,41,0
76,112,40,0
76,113,39,0
76,114,38,0
76,115,37,0
76,116,36,0
76,117,35,0
76,118,34,0
76,119,33,0
76,120,32,0
76,121,31,0
76,122,30,0
76,123,29,0
76,124,28,0
76,125,27,0
76,126,26,0
76,127,25,0
76,128,24,0
76,129,23,0
76,130,22,0
76,131,21,0
76,132,20,0
76,133,19,0
76,134,18,0
76,135,17,0
76,136,16,0
76,137,15,0
76,138,14,0
76,139,13,0
76,140,12,0
76,141,11,0
76,142,10,0
76,143,9,0
76,144,8,0
76,145,7,0
76,146,6,0
76,147,5,0
76,148,4,0
76,149,3,0
76,150,2,0
76,151,1,0
76,152,0,-1
77,31,117,0
77,32,116,0
77,33,115,0
77,34,114,0
77,35,113,0
77,36,112,0
77,37,111,0
77,38,110,0
77,39,109,0
77,40,108,0
77,41,107,0
77,42,106,0
77,43,105,0
77,44,104,0
77,45,103,0
77,46,102,0
77,47,101,0
77,48,100,0
77,49,99,0
77,50,98,0
77,51,97,0
77,52,96,0
77,53,95,0
77,54,94,0
77,55,93,0
77,56,92,0
77,57,91,0
77,58,90,0
77,59,89,0
77,60,88,0
77,61,87,0
77,62,86,0
77,63,85,0
77,64,84,0
77,65,83,0
77,66,82,0
77,67,81,0
77,68,80,0
77,69,79,0
77,70,78,0
77,71,77,0
77,72,76,0
77,73,75,0
77,74,74,0
77,75,73,0
77,76,72,0
77,77,71,0
77,78,70,0
77,79,69,0
77,80,68,0
77,81,67,0
77,82,66,0
77,83,65,0
77,84,64,0
77,85,63,0
77,86,62,0
77,87,61,0
77,88,60,0
77,89,59,0
77,90,58,0
77,91,57,0
77,92,56,0
77,93,55,0
77,94,54,0
77,95,53,0
77,96,52,0
77,97,51,0
77,98,50,0
77,99,49,0
77,100,48,0
77,101,47,0
77,102,46,0
77,103,45,0
77,104,44,0
77,105,43,0
77,106,42,0
77,107,41,0
77,108,40,0
77,109,39,0
77,110,38,0
77,111,37,0
77,112,36,0
77,113,35,0
77,114,34,0
77,115,33,0
77,116,32,0
77,117,31,0
77,118,30,0
77,119,29,0
77,120,28,0
77,121,27,0
77,122,26,0
77,123,25,0
77,124,24,0
77,125,23,0
77,126,22,0
77,127,21,0
77,128,20,0
77,129,19,0
77,130,18,0
77,131,17,0
77,132,16,0
77,133,15,0
77,134,14,0
77,135,13,0
77,136,12,0
77,137,11,0
77,138,10,0
77,139,9,0
77,140,8,-1
77,141,7,0
77,142,6,0
77,143,5,0
77,144,4,0
77,145,3,0
77,146,2,0
77,147,1,0
77,148,0,0
78,31,219,0
78,32,218,0
78,33,217,0
78,34,216,0
78,35,215,0
78,36,214,0
78,37,213,0
78,38,212,0
78,39,211,0
78,40,210,0
78,41,209,0
78,42,208,0
78,43,207,0
78,44,206,0
78,45,205,0
78,46,204,0
78,47,203,0
78,48,202,0
78,49,201,0
78,50,200,0
78,51,199,0
78,52,198,0
78,53,197,0
78,54,196,0
78,55,195,0
78,56,194,0
78,57,193,0
78,58,192,0
78,59,191,0
78,60,190,0
78,61,189,0
78,62,188,0
78,63,187,0
78,64,186,0
78,65,185,0
78,66,184,0
78,67,183,0
78,68,182,0
78,69,181,0
78,70,180,0
78,71,179,0
78,72,178,0
78,73,177,0
78,74,176,0
78,75,175,0
78,76,174,0
78,77,173,0
78,78,172,0
78,79,171,0
78,80,170,0
78,81,169,0
78,82,168,0
78,83,167,0
78,84,166,0
78,85,165,0
78,86,164,0
78,87,163,0
78,88,162,0
78,89,161,0
78,90,160,0
78,91,159,0
78,92,158,0
78,93,157,0
78,94,156,0
78,95,155,0
78,96,154,0
78,97,153,0
78,98,152,0
78,99,151,0
78,100,150,0
78,101,149,0
78,102,148,0
78,103,147,0
78,104,146,0
78,105,145,0
78,106,144,0
78,107,143,0
78,108,142,0
78,109,141,0
78,110,140,0
78,111,139,0
78,112,138,0
78,113,137,0
78,114,136,0
78,115,135,0
78,116,134,0
78,117,133,0
78,118,132,0
78,119,131,0
78,120,130,0
78,121,129,0
78,122,128,0
78,123,127,0
78,124,126,0
78,125,125,0
78,126,124,0
78,127,123,0
78,128,122,0
78,129,121,0
78,130,120,0
78,131,119,0
78,132,118,0
78,133,117,0
78,134,116,0
78,135,115,0
78,136,114,0
78,137,113,0
78,138,112,0
78,139,111,0
78,140,110,0
78,141,109,0
78,142,108,0
78,143,107,0
78,144,106,0
78,145,105,0
78,146,104,0
78,147,103,0
78,148,102,0
78,149,101,0
78,150,100,0
78,151,99,0
78,152,98,0
78,153,97,0
78,154,96,0
78,155,95,0
78,156,94,0
78,157,93,0
78,158,92,0
78,159,91,0
78,160,90,0
78,161,89,0
78,162,88,0
78,163,87,0
78,164,86,0
78,165,85,0
78,166,84,0
78,167,83,0
78,168,82,0
78,169,81,0
78,170,80,0
78,171,79,0
78,172,78,0
78,173,77,0
78,174,76,0
78,175,75,0
78,176,74,0
78,177,73,0
78,178,72,0
78,179,71,0
78,180,70,0
78,181,69,0
78,182,68,0
78,183,67,0
78,184,66,0
78,185,65,0
78,186,64,0
78,187,63,0
78,188,62,0
78,189,61,0
78,190,60,0
78,191,59,0
78,192,58,0
78,193,57,0
78,194,56,0
78,195,55,0
78,196,54,0
78,197,53,0
78,198,52,0
78,199,51,0
78,200,50,0
78,201,49,0
78,202,48,0
78,203,47,0
78,204,46,0
78,205,45,0
78,206,44,0
78,207,43,0
78,208,42,0
78,209,41,0
78,210,40,0
78,211,39,0
78,212,38,0
78,213,37,0
78,214,36,0
78,215,35,0
78,216,34,0
78,217,33,0
78,218,32,0
78,219,31,0
78,220,30,0
78,221,29,0
78,222,28,0
78,223,27,0
78,224,26,0
78,225,25,0
78,226,24,0
78,227,23,0
78,228,22,0
78,229,21,0
78,230,20,0
78,231,19,0
78,232,18,0
78,233,17,0
78,234,16,0
78,235,15,0
78,236,14,0
78,237,13,0
78,238,12,0
78,239,11,0
78,240,10,0
78,241,9,0
78,242,8,0
78,243,7,0
78,244,6,0
78,245,5,0
78,246,4,0
78,247,3,0
78,248,2,0
78,249,1,0
78,250,0,0
79,31,187,0
79,32,186,0
79,33,185,0
79,34,184,0
79,35,183,0
79,36,182,0
79,37,181,0
79,38,180,0
79,39,179,0
79,40,178,0
79,41,177,0
79,42,176,0
79,43,175,0
79,44,174,0
79,45,173,0
79,46,172,0
79,47,171,0
79,48,170,0
79,49,169,0
79,50,168,0
79,51,167,0
79,52,166,0
79,53,165,0
79,54,164,0
79,55,163,0
79,56,162,0
79,57,161,0
79,58,160,0
79,59,159,0
79,60,158,0
79,61,157,0
79,62,156,0
79,63,155,0
79,64,154,0
79,65,153,0
79,66,152,0
79,67,151,0
79,68,150,0
79,69,149,0
79,70,148,0
79,71,147,0
79,72,146,0
79,73,145,0
79,74,144,0
79,75,143,0
79,76,142,0
79,77,141,0
79,78,140,0
79,79,139,0
79,80,138,0
79,81,137,0
79,82,136,0
79,83,135,0
79,84,134,0
79,85,133,0
79,86,132,0
79,87,131,0
79,88,130,0
79,89,129,0
79,90,128,0
79,91,127,0
79,92,126,0
79,93,125,0
79,94,124,0
79,95,123,0
79,96,122,0
79,97,121,0
79,98,120,0
79,99,119,0
79,100,118,0
79,101,117,0
79,102,116,0
79,103,115,0
79,104,114,0
79,105,113,0
79,106,112,0
79,107,111,0
79,108,110,0
79,109,109,0
79,110,108,0
79,111,107,0
79,112,106,0
79,113,105,0
79,114,104,0
79,115,103,0
79,116,102,0
79,117,101,0
79,118,100,0
79,119,99,0
79,120,98,0
79,121,97,0
79,122,96,0
79,123,95,0
79,124,94,0
79,125,93,0
79,126,92,0
79,127,91,0
79,128,90,0
79,129,89,0
79,130,88,0
79,131,87,0
79,132,86,0
79,133,85,0
79,134,84,0
79,135,83,0
79,136,82,0
79,137,81,0
79,138,80,0
79,139,79,0
79,140,78,0
79,141,77,0
79,142,76,0
79,143,75,0
79,144,74,0
79,145,73,0
79,146,72,0
79,147,71,0
79,148,70,0
79,149,69,0
79,150,68,0
79,151,67,0
79,152,66,0
79,153,65,0
79,154,64,0
79,155,63,0
79,156,62,0
79,157,61,0
79,158,60,0
79,159,59,0
79,160,58,0
79,161,57,0
79,162,56,0
79,163,55,0
79,164,54,0
79,165,53,0
79,166,52,0
79,167,51,0
79,168,50,0
79,169,49,0
79,170,48,0
79,171,47,0
79,172,46,0
79,173,45,0
79,174,44,0
79,175,43,0
79,176,42,0
79,177,41,0
79,178,40,0
79,179,39,0
79,180,38,0
79,181,37,0
79,182,36,0
79,183,35,0
79,184,34,0
79,185,33,0
79,186,32,0
79,187,31,0
79,188,30,0
79,189,29,0
79,190,28,0
79,191,27,0
79,192,26,0
79,193,25,0
79,194,24,0
79,195,23,0
79,196,22,0
79,197,21,0
79,198,20,0
79,199,19,0
79,200,18,0
79,201,17,0
79,202,16,0
79,203,15,0
79,204,14,0
79,205,13,0
79,206,12,0
79,207,11,0
79,208,10,0
79,209,9,0
79,210,8,0
79,211,7,0
79,212,6,0
79,213,5,0
79,214,4,0
79,215,3,0
79,216,2,0
79,217,1,0
79,218,0,0
80,31,274,0
80,32,273,0
80,33,272,0
80,34,271,0
80,35,270,0
80,36,269,0
80,37,268,0
80,38,267,0
80,39,266,0
80,40,265,0
80,41,264,0
80,42,263,0
80,43,262,0
80,44,261,0
80,45,260,0
80,46,259,0
80,47,258,0
80,48,257,0
80,49,256,0
80,50,255,0
80,51,254,0
80,52,253,0
80,53,252,0
80,54,251,0
80,55,250,0
80,56,249,0
80,57,248,0
80,58,247,0
80,59,246,0
80,60,245,0
80,61,244,0
80,62,243,0
80,63,242,0
80,64,241,0
80,65,240,0
80,66,239,0
80,67,238,0
80,68,237,0
80,69,236,0
80,70,235,0
80,71,234,0
80,72,233,0
80,73,232,0
80,74,231,0
80,75,230,0
80,76,229,0
80,77,228,0
80,78,227,0
80,79,226,0
80,80,225,0
80,81,224,0
80,82,223,0
80,83,222,0
80,84,221,0
80,85,220,0
80,86,219,0
80,87,218,0
80,88,217,0
80,89,216,0
80,90,215,0
80,91,214,0
80,92,213,0
80,93,212,0
80,94,211,0
80,95,210,0
80,96,209,0
80,97,208,0
80,98,207,0
80,99,206,0
80,100,205,0
80,101,204,0
80,102,203,0
80,103,202,0
80,104,201,0
80,105,200,0
80,106,199,0
80,107,198,0
80,108,197,0
80,109,196,0
80,110,195,0
80,111,194,0
80,112,193,0
80,113,192,0
80,114,191,0
80,115,190,0
80,116,189,0
80,117,188,0
80,118,187,0
80,119,186,0
80,120,185,0
80,121,184,0
80,122,183,0
80,123,182,0
80,124,181,0
80,125,180,0
80,126,179,0
80,127,178,0
80,128,177,0
80,129,176,0
80,130,175,0
80,131,174,0
80,132,173,0
80,133,172,0
80,134,171,0
80,135,170,0
80,136,169,0
80,137,168,0
80,138,167,0
80,139,166,0
80,140,165,0
80,141,164,0
80,142,163,0
80,143,162,0
80,144,161,0
80,145,160,0
80,146,159,0
80,147,158,0
80,148,157,0
80,149,156,0
80,150,155,0
80,151,154,0
80,152,153,0
80,153,152,0
80,154,151,0
80,155,150,0
80,156,149,0
80,157,148,0
80,158,147,0
80,159,146,0
80,160,145,0
80,161,144,0
80,162,143,0
80,163,142,0
80,164,141,0
80,165,140,0
80,166,139,0
80,167,138,0
80,168,137,0
80,169,136,0
80,170,135,0
80,171,134,0
80,172,133,0
80,173,132,0
80,174,131,0
80,175,130,0
80,176,129,0
80,177,128,0
80,178,127,0
80,179,126,0
80,180,125,0
80,181,124,0
80,182,123,0
80,183,122,0
80,184,121,0
80,185,120,0
80,186,119,0
80,187,118,0
80,188,117,0
80,189,116,0
80,190,115,0
80,191,114,0
80,192,113,0
80,193,112,0
80,194,111,0
80,195,110,0
80,196,109,0
80,197,108,0
80,198,107,0
80,199,106,0
80,200,105,0
80,201,104,0
80,202,103,0
80,203,102,0
80,204,101,0
80,205,100,0
80,206,99,0
80,207,98,0
80,208,97,0
80,209,96,0
80,210,95,0
80,211,94,0
80,212,93,0
80,213,92,0
80,214,91,0
80,215,90,0
80,216,89,0
80,217,88,0
80,218,87,0
80,219,86,0
80,220,85,0
80,221,84,0
80,222,83,0
80,223,82,0
80,224,81,0
80,225,80,0
80,226,79,0
80,227,78,0
80,228,77,0
80,229,76,0
80,230,75,0
80,231,74,0
80,232,73,0
80,233,72,0
80,234,71,0
80,235,70,0
80,236,69,0
80,237,68,0
80,238,67,0
80,239,66,0
80,240,65,0
80,241,64,0
80,242,63,0
80,243,62,0
80,244,61,0
80,245,60,0
80,246,59,0
80,247,58,0
80,248,57,0
80,249,56,0
80,250,55,0
80,251,54,0
80,252,53,0
80,253,52,0
80,254,51,0
80,255,50,0
80,256,49,0
80,257,48,0
80,258,47,0
80,259,46,0
80,260,45,0
80,261,44,0
80,262,43,0
80,263,42,0
80,264,41,0
80,265,40,0
80,266,39,0
80,267,38,0
80,268,37,0
80,269,36,0
80,270,35,0
80,271,34,0
80,272,33,0
80,273,32,0
80,274,31,0
80,275,30,0
80,276,29,0
80,277,28,0
80,278,27,0
80,279,26,0
80,280,25,0
80,281,24,0
80,282,23,0
80,283,22,0
80,284,21,0
80,285,20,0
80,286,19,0
80,287,18,0
80,288,17,0
80,289,16,0
80,290,15,0
80,291,14,0
80,292,13,0
80,293,12,0
80,294,11,0
80,295,10,0
80,296,9,0
80,297,8,0
80,298,7,0
80,299,6,0
80,300,5,0
80,301,4,0
80,302,3,0
80,303,2,0
80,304,1,0
80,305,0,0
81,31,156,0
81,32,155,0
81,33,154,0
81,34,153,0
81,35,152,0
81,36,151,0
81,37,150,0
81,38,149,0
81,39,148,0
81,40,147,0
81,41,146,0
81,42,145,0
81,43,144,0
81,44,143,0
81,45,142,0
81,46,141,0
81,47,140,0
81,48,139,0
81,49,138,0
81,50,137,0
81,51,136,0
81,52,135,0
81,53,134,0
81,54,133,0
81,55,132,0
81,56,131,0
81,57,130,0
81,58,129,0
81,59,128,0
81,60,127,0
81,61,126,0
81,62,125,0
81,63,124,0
81,64,123,0
81,65,122,0
81,66,121,0
81,67,120,0
81,68,119,0
81,69,118,0
81,70,117,0
81,71,116,0
81,72,115,0
81,73,114,0
81,74,113,0
81,75,112,0
81,76,111,0
81,77,110,0
81,78,109,0
81,79,108,0
81,80,107,0
81,81,106,0
81,82,105,0
81,83,104,0
81,84,103,0
81,85,102,0
81,86,101,0
81,87,100,0
81,88,99,0
81,89,98,0
81,90,97,0
81,91,96,0
81,92,95,0
81,93,94,0
81,94,93,0
81,95,92,0
81,96,91,0
81,97,90,0
81,98,89,0
81,99,88,0
81,100,87,0
81,101,86,0
81,102,85,0
81,103,84,0
81,104,83,0
81,105,82,0
81,106,81,0
81,107,80,0
81,108,79,0
81,109,78,0
81,110,77,0
81,111,76,0
81,112,75,0
81,113,74,0
81,114,73,0
81,115,72,0
81,116,71,0
81,117,70,0
81,118,69,0
81,119,68,0
81,120,67,0
81,121,66,0
81,122,65,0
81,123,64,0
81,124,63,0
81,125,62,0
81,126,61,0
81,127,60,0
81,128,59,0
81,129,58,0
81,130,57,0
81,131,56,0
81,132,55,0
81,133,54,0
81,134,53,0
81,135,52,0
81,136,51,0
81,137,50,0
81,138,49,0
81,139,48,0
81,140,47,0
81,141,46,0
81,142,45,0
81,143,44,0
81,144,43,0
81,145,42,0
81,146,41,0
81,147,40,0
81,148,39,0
81,149,38,0
81,150,37,0
81,151,36,0
81,152,35,0
81,153,34,0
81,154,33,0
81,155,32,0
81,156,31,0
81,157,30,0
81,158,29,0
81,159,28,0
81,160,27,0
81,161,26,0
81,162,25,0
81,163,24,0
81,164,23,0
81,165,22,0
81,166,21,0
81,167,20,0
81,168,19,0
81,169,18,0
81,170,17,0
81,171,16,0
81,172,15,0
81,173,14,0
81,174,13,0
81,175,12,0
81,176,11,-1
81,177,10,0
81,178,9,-1
81,179,8,-1
81,180,7,-1
81,181,6,-1
81,182,5,-1
81,183,4,-1
81,184,3,-1
81,185,2,-1
81,186,1,-1
81,187,0,-1
82,31,166,0
82,32,165,0
82,33,164,0
82,34,163,0
82,35,162,0
82,36,161,0
82,37,160,0
82,38,159,0
82,39,158,0
82,40,157,0
82,41,156,0
82,42,155,0
82,43,154,0
82,44,153,0
82,45,152,0
82,46,151,0
82,47,150,0
82,48,149,0
82,49,148,0
82,50,147,0
82,51,146,0
82,52,145,0
82,53,144,0
82,54,143,0
82,55,142,0
82,56,141,0
82,57,140,0
82,58,139,0
82,59,138,0
82,60,137,0
82,61,136,0
82,62,135,0
82,63,134,0
82,64,133,0
82,65,132,0
82,66,131,0
82,67,130,0
82,68,129,0
82,69,128,0
82,70,127,0
82,71,126,0
82,72,125,0
82,73,124,0
82,74,123,0
82,75,122,0
82,76,121,0
82,77,120,0
82,78,119,0
82,79,118,0
82,80,117,0
82,81,116,0
82,82,115,0
82,83,114,0
82,84,113,0
82,85,112,0
82,86,111,0
82,87,110,0
82,88,109,0
82,89,108,0
82,90,107,0
82,91,106,0
82,92,105,0
82,93,104,0
82,94,103,0
82,95,102,0
82,96,101,0
82,97,100,0
82,98,99,0
82,99,98,0
82,100,97,0
82,101,96,0
82,102,95,0
82,103,94,0
82,104,93,0
82,105,92,0
82,106,91,0
82,107,90,0
82,108,89,0
82,109,88,0
82,110,87,0
82,111,86,0
82,112,85,0
82,113,84,0
82,114,83,0
82,115,82,0
82,116,81,0
82,117,80,0
82,118,79,0
82,119,78,0
82,120,77,0
82,121,76,0
82,122,75,0
82,123,74,0
82,124,73,0
82,125,72,0
82,126,71,0
82,127,70,0
82,128,69,0
82,129,68,0
82,130,67,0
82,131,66,0
82,132,65,0
82,133,64,0
82,134,63,0
82,135,62,0
82,136,61,0
82,137,60,0
82,138,59,0
82,139,58,0
82,140,57,0
82,141,56,0
82,142,55,0
82,143,54,0
82,144,53,0
82,145,52,0
82,146,51,0
82,147,50,0
82,148,49,0
82,149,48,0
82,150,47,0
82,151,46,0
82,152,45,0
82,153,44,0
82,154,43,0
82,155,42,0
82,156,41,0
82,157,40,0
82,158,39,0
82,159,38,0
82,160,37,0
82,161,36,0
82,162,35,0
82,163,34,0
82,164,33,0
82,165,32,0
82,166,31,0
82,167,30,0
82,168,29,0
82,169,28,0
82,170,27,0
82,171,26,0
82,172,25,0
82,173,24,0
82,174,23,0
82,175,22,0
82,176,21,0
82,177,20,0
82,178,19,0
82,179,18,0
82,180,17,0
82,181,16,0
82,182,15,0
82,183,14,0
82,184,13,0
82,185,12,0
82,186,11,0
82,187,10,0
82,188,9,0
82,189,8,0
82,190,7,0
82,191,6,0
82,192,5,0
82,193,4,0
82,194,3,0
82,195,2,0
82,196,1,0
82,197,0,0
83,31,153,0
83,32,152,0
83,33,151,0
83,34,150,0
83,35,149,0
83,36,148,0
83,37,147,0
83,38,146,0
83,39,145,0
83,40,144,0
83,41,143,0
83,42,142,0
83,43,141,0
83,44,140,0
83,45,139,0
83,46,138,0
83,47,137,0
83,48,136,0
83,49,135,0
83,50,134,0
83,51,133,0
83,52,132,0
83,53,131,0
83,54,130,0
83,55,129,0
83,56,128,0
83,57,127,0
83,58,126,0
83,59,125,0
83,60,124,0
83,61,123,0
83,62,122,0
83,63,121,0
83,64,120,0
83,65,119,0
83,66,118,0
83,67,117,0
83,68,116,0
83,69,115,0
83,70,114,0
83,71,113,0
83,72,112,0
83,73,111,0
83,74,110,0
83,75,109,0
83,76,108,0
83,77,107,0
83,78,106,0
83,79,105,0
83,80,104,0
83,81,103,0
83,82,102,0
83,83,101,0
83,84,100,0
83,85,99,0
83,86,98,0
83,87,97,0
83,88,96,0
83,89,95,0
83,90,94,0
83,91,93,0
83,92,92,0
83,93,91,0
83,94,90,0
83,95,89,0
83,96,88,0
83,97,87,0
83,98,86,0
83,99,85,0
83,100,84,0
83,101,83,0
83,102,82,0
83,103,81,0
83,104,80,0
83,105,79,0
83,106,78,0
83,107,77,0
83,108,76,0
83,109,75,0
83,110,74,0
83,111,73,0
83,112,72,0
83,113,71,0
83,114,70,0
83,115,69,0
83,116,68,0
83,117,67,0
83,118,66,0
83,119,65,0
83,120,64,0
83,121,63,0
83,122,62,0
83,123,61,0
83,124,60,0
83,125,59,0
83,126,58,0
83,127,57,0
83,128,56,0
83,129,55,0
83,130,54,0
83,131,53,0
83,132,52,0
83,133,51,0
83,134,50,0
83,135,49,0
83,136,48,0
83,137,47,0
83,138,46,0
83,139,45,0
83,140,44,0
83,141,43,0
83,142,42,0
83,143,41,0
83,144,40,0
83,145,39,0
83,146,38,0
83,147,37,0
83,148,36,0
83,149,35,0
83,150,34,0
83,151,33,0
83,152,32,0
83,153,31,0
83,154,30,0
83,155,29,0
83,156,28,0
83,157,27,0
83,158,26,0
83,159,25,0
83,160,24,0
83,161,23,0
83,162,22,0
83,163,21,0
83,164,20,0
83,165,19,0
83,166,18,0
83,167,17,0
83,168,16,0
83,169,15,0
83,170,14,-1
83,171,13,0
83,172,12,0
83,173,11,0
83,174,10,0
83,175,9,0
83,176,8,0
83,177,7,0
83,178,6,0
83,179,5,0
83,180,4,0
83,181,3,-1
83,182,2,-1
83,183,1,-1
83,184,0,-1
84,31,128,0
84,32,127,0
84,33,126,0
84,34,125,0
84,35,124,0
84,36,123,0
84,37,122,0
84,38,121,0
84,39,120,0
84,40,119,0
84,41,118,0
84,42,117,0
84,43,116,0
84,44,115,0
84,45,114,0
84,46,113,0
84,47,112,0
84,48,111,0
84,49,110,0
84,50,109,0
84,51,108,0
84,52,107,0
84,53,106,0
84,54,105,0
84,55,104,0
84,56,103,0
84,57,102,0
84,58,101,0
84,59,100,0
84,60,99,0
84,61,98,0
84,62,97,0
84,63,96,0
84,64,95,0
84,65,94,0
84,66,93,0
84,67,92,0
84,68,91,0
84,69,90,0
84,70,89,0
84,71,88,0
84,72,87,0
84,73,86,0
84,74,85,0
84,75,84,0
84,76,83,0
84,77,82,0
84,78,81,0
84,79,80,0
84,80,79,0
84,81,78,0
84,82,77,0
84,83,76,0
84,84,75,0
84,85,74,0
84,86,73,0
84,87,72,0
84,88,71,0
84,89,70,0
84,90,69,0
84,91,68,0
84,92,67,0
84,93,66,0
84,94,65,0
84,95,64,0
84,96,63,0
84,97,62,0
84,98,61,0
84,99,60,0
84,100,59,0
84,101,58,0
84,102,57,0
84,103,56,0
84,104,55,0
84,105,54,0
84,106,53,0
84,107,52,0
84,108,51,0
84,109,50,0
84,110,49,0
84,111,48,0
84,112,47,0
84,113,46,0
84,114,45,0
84,115,44,0
84,116,43,0
84,117,42,0
84,118,41,0
84,119,40,0
84,120,39,0
84,121,38,0
84,122,37,0
84,123,36,0
84,124,35,0
84,125,34,0
84,126,33,0
84,127,32,0
84,128,31,0
84,129,30,0
84,130,29,0
84,131,28,0
84,132,27,0
84,133,26,0
84,134,25,0
84,135,24,0
84,136,23,0
84,137,22,0
84,138,21,0
84,139,20,0
84,140,19,0
84,141,18,0
84,142,17,0
84,143,16,0
84,144,15,0
84,145,14,0
84,146,13,0
84,147,12,0
84,148,11,0
84,149,10,0
84,150,9,0
84,151,8,0
84,152,7,0
84,153,6,0
84,154,5,0
84,155,4,-1
84,156,3,0
84,157,2,0
84,158,1,0
84,159,0,0
85,31,246,0
85,32,245,0
85,33,244,0
85,34,243,0
85,35,242,0
85,36,241,0
85,37,240,0
85,38,239,0
85,39,238,0
85,40,237,0
85,41,236,0
85,42,235,0
85,43,234,0
85,44,233,0
85,45,232,0
85,46,231,0
85,47,230,0
85,48,229,0
85,49,228,0
85,50,227,0
85,51,226,0
85,52,225,0
85,53,224,0
85,54,223,0
85,55,222,0
85,56,221,0
85,57,220,0
85,58,219,0
85,59,218,0
85,60,217,0
85,61,216,0
85,62,215,0
85,63,214,0
85,64,213,0
85,65,212,0
85,66,211,0
85,67,210,0
85,68,209,0
85,69,208,0
85,70,207,0
85,71,206,0
85,72,205,0
85,73,204,0
85,74,203,0
85,75,202,0
85,76,201,0
85,77,200,0
85,78,199,0
85,79,198,0
85,80,197,0
85,81,196,0
85,82,195,0
85,83,194,0
85,84,193,0
85,85,192,0
85,86,191,0
85,87,190,0
85,88,189,0
85,89,188,0
85,90,187,0
85,91,186,0
85,92,185,0
85,93,184,0
85,94,183,0
85,95,182,0
85,96,181,0
85,97,180,0
85,98,179,0
85,99,178,0
85,100,177,0
85,101,176,0
85,102,175,0
85,103,174,0
85,104,173,0
85,105,172,0
85,106,171,0
85,107,170,0
85,108,169,0
85,109,168,0
85,110,167,0
85,111,166,0
85,112,165,0
85,113,164,0
85,114,163,0
85,115,162,0
85,116,161,0
85,117,160,0
85,118,159,0
85,119,158,0
85,120,157,0
85,121,156,0
85,122,155,0
85,123,154,0
85,124,153,0
85,125,152,0
85,126,151,0
85,127,150,0
85,128,149,0
85,129,148,0
85,130,147,0
85,131,146,0
85,132,145,0
85,133,144,0
85,134,143,0
85,135,142,0
85,136,141,0
85,137,140,0
85,138,139,0
85,139,138,0
85,140,137,0
85,141,136,0
85,142,135,0
85,143,134,0
85,144,133,0
85,145,132,0
85,146,131,0
85,147,130,0
85,148,129,0
85,149,128,0
85,150,127,0
85,151,126,0
85,152,125,0
85,153,124,0
85,154,123,0
85,155,122,0
85,156,121,0
85,157,120,0
85,158,119,0
85,159,118,0
85,160,117,0
85,161,116,0
85,162,115,0
85,163,114,0
85,164,113,0
85,165,112,0
85,166,111,0
85,167,110,0
85,168,109,0
85,169,108,0
85,170,107,0
85,171,106,0
85,172,105,0
85,173,104,0
85,174,103,0
85,175,102,0
85,176,101,0
85,177,100,0
85,178,99,0
85,179,98,0
85,180,97,0
85,181,96,0
85,182,95,0
85,183,94,0
85,184,93,0
85,185,92,0
85,186,91,0
85,187,90,0
85,188,89,0
85,189,88,0
85,190,87,0
85,191,86,0
85,192,85,0
85,193,84,0
85,194,83,0
85,195,82,0
85,196,81,0
85,197,80,0
85,198,79,0
85,199,78,0
85,200,77,0
85,201,76,0
85,202,75,0
85,203,74,0
85,204,73,0
85,205,72,0
85,206,71,0
85,207,70,0
85,208,69,0
85,209,68,0
85,210,67,0
85,211,66,0
85,212,65,0
85,213,64,0
85,214,63,0
85,215,62,0
85,216,61,0
85,217,60,0
85,218,59,0
85,219,58,0
85,220,57,0
85,221,56,0
85,222,55,0
85,223,54,0
85,224,53,0
85,225,52,0
85,226,51,0
85,227,50,0
85,228,49,0
85,229,48,0
85,230,47,0
85,231,46,0
85,232,45,0
85,233,44,0
85,234,43,0
85,235,42,0
85,236,41,0
85,237,40,0
85,238,39,0
85,239,38,0
85,240,37,0
85,241,36,0
85,242,35,0
85,243,34,0
85,244,33,0
85,245,32,0
85,246,31,0
85,247,30,0
85,248,29,0
85,249,28,0
85,250,27,0
85,251,26,0
85,252,25,0
85,253,24,0
85,254,23,0
85,255,22,0
85,256,21,0
85,257,20,0
85,258,19,0
85,259,18,0
85,260,17,0
85,261,16,0
85,262,15,0
85,263,14,0
85,264,13,0
85,265,12,0
85,266,11,0
85,267,10,-1
85,268,9,0
85,269,8,0
85,270,7,0
85,271,6,0
85,272,5,0
85,273,4,0
85,274,3,0
85,275,2,0
85,276,1,-1
85,277,0,0
86,31,201,0
86,32,200,0
86,33,199,0
86,34,198,0
86,35,197,0
86,36,196,0
86,37,195,0
86,38,194,0
86,39,193,0
86,40,192,0
86,41,191,0
86,42,190,0
86,43,189,0
86,44,188,0
86,45,187,0
86,46,186,0
86,47,185,0
86,48,184,0
86,49,183,0
86,50,182,0
86,51,181,0
86,52,180,0
86,53,179,0
86,54,178,0
86,55,177,0
86,56,176,0
86,57,175,0
86,58,174,0
86,59,173,0
86,60,172,0
86,61,171,0
86,62,170,0
86,63,169,0
86,64,168,0
86,65,167,0
86,66,166,0
86,67,165,0
86,68,164,0
86,69,163,0
86,70,162,0
86,71,161,0
86,72,160,0
86,73,159,0
86,74,158,0
86,75,157,0
86,76,156,0
86,77,155,0
86,78,154,0
86,79,153,0
86,80,152,0
86,81,151,0
86,82,150,0
86,83,149,0
86,84,148,0
86,85,147,0
86,86,146,0
86,87,145,0
86,88,144,0
86,89,143,0
86,90,142,0
86,91,141,0
86,92,140,0
86,93,139,0
86,94,138,0
86,95,137,0
86,96,136,0
86,97,135,0
86,98,134,0
86,99,133,0
86,100,132,0
86,101,131,0
86,102,130,0
86,103,129,0
86,104,128,0
86,105,127,0
86,106,126,0
86,107,125,0
86,108,124,0
86,109,123,0
86,110,122,0
86,111,121,0
86,112,120,0
86,113,119,0
86,114,118,0
86,115,117,0
86,116,116,0
86,117,115,0
86,118,114,0
86,119,113,0
86,120,112,0
86,121,111,0
86,122,110,0
86,123,109,0
86,124,108,0
86,125,107,0
86,126,106,0
86,127,105,0
86,128,104,0
86,129,103,0
86,130,102,0
86,131,101,0
86,132,100,0
86,133,99,0
86,134,98,0
86,135,97,0
86,136,96,0
86,137,95,0
86,138,94,0
86,139,93,0
86,140,92,0
86,141,91,0
86,142,90,0
86,143,89,0
86,144,88,0
86,145,87,0
86,146,86,0
86,147,85,0
86,148,84,0
86,149,83,0
86,150,82,0
86,151,81,0
86,152,80,0
86,153,79,0
86,154,78,0
86,155,77,0
86,156,76,0
86,157,75,0
86,158,74,0
86,159,73,0
86,160,72,0
86,161,71,0
86,162,70,0
86,163,69,0
86,164,68,0
86,165,67,0
86,166,66,0
86,167,65,0
86,168,64,0
86,169,63,0
86,170,62,0
86,171,61,0
86,172,60,0
86,173,59,0
86,174,58,0
86,175,57,0
86,176,56,0
86,177,55,0
86,178,54,0
86,179,53,0
86,180,52,0
86,181,51,0
86,182,50,0
86,183,49,0
86,184,48,0
86,185,47,0
86,186,46,0
86,187,45,0
86,188,44,0
86,189,43,0
86,190,42,0
86,191,41,0
86,192,40,0
86,193,39,0
86,194,38,0
86,195,37,0
86,196,36,0
86,197,35,0
86,198,34,0
86,199,33,0
86,200,32,0
86,201,31,0
86,202,30,0
86,203,29,0
86,204,28,0
86,205,27,0
86,206,26,0
86,207,25,0
86,208,24,0
86,209,23,0
86,210,22,0
86,211,21,0
86,212,20,0
86,213,19,0
86,214,18,0
86,215,17,0
86,216,16,0
86,217,15,0
86,218,14,0
86,219,13,0
86,220,12,0
86,221,11,0
86,222,10,0
86,223,9,0
86,224,8,0
86,225,7,0
86,226,6,0
86,227,5,0
86,228,4,0
86,229,3,0
86,230,2,0
86,231,1,0
86,232,0,0
87,31,228,0
87,32,227,0
87,33,226,0
87,34,225,0
87,35,224,0
87,36,223,0
87,37,222,0
87,38,221,0
87,39,220,0
87,40,219,0
87,41,218,0
87,42,217,0
87,43,216,0
87,44,215,0
87,45,214,0
87,46,213,0
87,47,212,0
87,48,211,0
87,49,210,0
87,50,209,0
87,51,208,0
87,52,207,0
87,53,206,0
87,54,205,0
87,55,204,0
87,56,203,0
87,57,202,0
87,58,201,0
87,59,200,0
87,60,199,0
87,61,198,0
87,62,197,0
87,63,196,0
87,64,195,0
87,65,194,0
87,66,193,0
87,67,192,0
87,68,191,0
87,69,190,0
87,70,189,0
87,71,188,0
87,72,187,0
87,73,186,0
87,74,185,0
87,75,184,0
87,76,183,0
87,77,182,0
87,78,181,0
87,79,180,0
87,80,179,0
87,81,178,0
87,82,177,0
87,83,176,0
87,84,175,0
87,85,174,0
87,86,173,0
87,87,172,0
87,88,171,0
87,89,170,0
87,90,169,0
87,91,168,0
87,92,167,0
87,93,166,0
87,94,165,0
87,95,164,0
87,96,163,0
87,97,162,0
87,98,161,0
87,99,160,0
87,100,159,0
87,101,158,0
87,102,157,0
87,103,156,0
87,104,155,0
87,105,154,0
87,106,153,0
87,107,152,0
87,108,151,0
87,109,150,0
87,110,149,0
87,111,148,0
87,112,147,0
87,113,146,0
87,114,145,0
87,115,144,0
87,116,143,0
87,117,142,0
87,118,141,0
87,119,140,0
87,120,139,0
87,121,138,0
87,122,137,0
87,123,136,0
87,124,135,0
87,125,134,0
87,126,133,0
87,127,132,0
87,128,131,0
87,129,130,0
87,130,129,0
87,131,128,0
87,132,127,0
87,133,126,0
87,134,125,0
87,135,124,0
87,136,123,0
87,137,122,0
87,138,121,0
87,139,120,0
87,140,119,0
87,141,118,0
87,142,117,0
87,143,116,0
87,144,115,0
87,145,114,0
87,146,113,0
87,147,112,0
87,148,111,0
87,149,110,0
87,150,109,0
87,151,108,0
87,152,107,0
87,153,106,0
87,154,105,0
87,155,104,0
87,156,103,0
87,157,102,0
87,158,101,0
87,159,100,0
87,160,99,0
87,161,98,0
87,162,97,0
87,163,96,0
87,164,95,0
87,165,94,0
87,166,93,0
87,167,92,0
87,168,91,0
87,169,90,0
87,170,89,0
87,171,88,0
87,172,87,0
87,173,86,0
87,174,85,0
87,175,84,0
87,176,83,0
87,177,82,0
87,178,81,0
87,179,80,0
87,180,79,0
87,181,78,0
87,182,77,0
87,183,76,0
87,184,75,0
87,185,74,0
87,186,73,0
87,187,72,0
87,188,71,0
87,189,70,0
87,190,69,0
87,191,68,0
87,192,67,0
87,193,66,0
87,194,65,0
87,195,64,0
87,196,63,0
87,197,62,0
87,198,61,0
87,199,60,0
87,200,59,0
87,201,58,0
87,202,57,0
87,203,56,0
87,204,55,0
87,205,54,0
87,206,53,0
87,207,52,0
87,208,51,0
87,209,50,0
87,210,49,0
87,211,48,0
87,212,47,0
87,213,46,0
87,214,45,0
87,215,44,0
87,216,43,0
87,217,42,0
87,218,41,0
87,219,40,0
87,220,39,0
87,221,38,0
87,222,37,0
87,223,36,0
87,224,35,0
87,225,34,0
87,226,33,0
87,227,32,0
87,228,31,0
87,229,30,0
87,230,29,0
87,231,28,0
87,232,27,0
87,233,26,0
87,234,25,0
87,235,24,0
87,236,23,0
87,237,22,0
87,238,21,0
87,239,20,0
87,240,19,0
87,241,18,0
87,242,17,0
87,243,16,0
87,244,15,0
87,245,14,0
87,246,13,0
87,247,12,0
87,248,11,0
87,249,10,0
87,250,9,0
87,251,8,0
87,252,7,0
87,253,6,0
87,254,5,0
87,255,4,0
87,256,3,0
87,257,2,0
87,258,1,0
87,259,0,0
88,31,357,0
88,32,356,0
88,33,355,0
88,34,354,0
88,35,353,0
88,36,352,0
88,37,351,0
88,38,350,0
88,39,349,0
88,40,348,0
88,41,347,0
88,42,346,0
88,43,345,0
88,44,344,0
88,45,343,0
88,46,342,0
88,47,341,0
88,48,340,0
88,49,339,0
88,50,338,0
88,51,337,0
88,52,336,0
88,53,335,0
88,54,334,0
88,55,333,0
88,56,332,0
88,57,331,0
88,58,330,0
88,59,329,0
88,60,328,0
88,61,327,0
88,62,326,0
88,63,325,0
88,64,324,0
88,65,323,0
88,66,322,0
88,67,321,0
88,68,320,0
88,69,319,0
88,70,318,0
88,71,317,0
88,72,316,0
88,73,315,0
88,74,314,-1
88,75,313,0
88,76,312,0
88,77,311,0
88,78,310,0
88,79,309,0
88,80,308,0
88,81,307,0
88,82,306,0
88,83,305,0
88,84,304,0
88,85,303,0
88,86,302,0
88,87,301,0
88,88,300,0
88,89,299,0
88,90,298,0
88,91,297,0
88,92,296,0
88,93,295,0
88,94,294,0
88,95,293,0
88,96,292,0
88,97,291,0
88,98,290,0
88,99,289,0
88,100,288,0
88,101,287,0
88,102,286,0
88,103,285,0
88,104,284,0
88,105,283,0
88,106,282,0
88,107,281,0
88,108,280,0
88,109,279,0
88,110,278,0
88,111,277,0
88,112,276,0
88,113,275,0
88,114,274,0
88,115,273,0
88,116,272,0
88,117,271,0
88,118,270,0
88,119,269,0
88,120,268,-1
88,121,267,0
88,122,266,0
88,123,265,0
88,124,264,0
88,125,263,0
88,126,262,0
88,127,261,0
88,128,260,0
88,129,259,0
88,130,258,0
88,131,257,0
88,132,256,-1
88,133,255,0
88,134,254,0
88,135,253,0
88,136,252,0
88,137,251,0
88,138,250,0
88,139,249,0
88,140,248,0
88,141,247,0
88,142,246,0
88,143,245,0
88,144,244,0
88,145,243,0
88,146,242,0
88,147,241,0
88,148,240,0
88,149,239,0
88,150,238,0
88,151,237,0
88,152,236,0
88,153,235,0
88,154,234,0
88,155,233,0
88,156,232,0
88,157,231,0
88,158,230,0
88,159,229,0
88,160,228,0
88,161,227,0
88,162,226,0
88,163,225,-1
88,164,224,0
88,165,223,0
88,166,222,0
88,167,221,0
88,168,220,0
88,169,219,0
88,170,218,0
88,171,217,0
88,172,216,-1
88,173,215,0
88,174,214,0
88,175,213,0
88,176,212,0
88,177,211,0
88,178,210,0
88,179,209,0
88,180,208,0
88,181,207,0
88,182,206,0
88,183,205,-1
88,184,204,0
88,185,203,0
88,186,202,0
88,187,201,0
88,188,200,0
88,189,199,0
88,190,198,0
88,191,197,0
88,192,196,0
88,193,195,0
88,194,194,0
88,195,193,0
88,196,192,0
88,197,191,0
88,198,190,0
88,199,189,0
88,200,188,0
88,201,187,0
88,202,186,0
88,203,185,0
88,204,184,0
88,205,183,0
88,206,182,0
88,207,181,0
88,208,180,0
88,209,179,0
88,210,178,0
88,211,177,0
88,212,176,0
88,213,175,0
88,214,174,0
88,215,173,0
88,216,172,0
88,217,171,0
88,218,170,0
88,219,169,0
88,220,168,0
88,221,167,0
88,222,166,0
88,223,165,0
88,224,164,0
88,225,163,0
88,226,162,0
88,227,161,0
88,228,160,0
88,229,159,0
88,230,158,0
88,231,157,0
88,232,156,0
88,233,155,0
88,234,154,0
88,235,153,0
88,236,152,0
88,237,151,0
88,238,150,0
88,239,149,0
88,240,148,0
88,241,147,0
88,242,146,0
88,243,145,0
88,244,144,0
88,245,143,0
88,246,142,0
88,247,141,0
88,248,140,0
88,249,139,0
88,250,138,0
88,251,137,0
88,252,136,0
88,253,135,0
88,254,134,0
88,255,133,0
88,256,132,0
88,257,131,0
88,258,130,0
88,259,129,0
88,260,128,0
88,261,127,0
88,262,126,0
88,263,125,0
88,264,124,0
88,265,123,0
88,266,122,0
88,267,121,0
88,268,120,0
88,269,119,0
88,270,118,0
88,271,117,0
88,272,116,0
88,273,115,0
88,274,114,0
88,275,113,0
88,276,112,0
88,277,111,0
88,278,110,0
88,279,109,0
88,280,108,0
88,281,107,0
88,282,106,0
88,283,105,0
88,284,104,0
88,285,103,0
88,286,102,0
88,287,101,0
88,288,100,0
88,289,99,0
88,290,98,0
88,291,97,0
88,292,96,0
88,293,95,0
88,294,94,0
88,295,93,0
88,296,92,0
88,297,91,0
88,298,90,0
88,299,89,0
88,300,88,0
88,301,87,0
88,302,86,0
88,303,85,0
88,304,84,0
88,305,83,0
88,306,82,0
88,307,81,0
88,308,80,0
88,309,79,0
88,310,78,0
88,311,77,0
88,312,76,0
88,313,75,0
88,314,74,0
88,315,73,0
88,316,72,0
88,317,71,0
88,318,70,0
88,319,69,0
88,320,68,0
88,321,67,0
88,322,66,0
88,323,65,0
88,324,64,0
88,325,63,0
88,326,62,0
88,327,61,0
88,328,60,0
88,329,59,0
88,330,58,0
88,331,57,0
88,332,56,0
88,333,55,0
88,334,54,0
88,335,53,0
88,336,52,0
88,337,51,0
88,338,50,0
88,339,49,0
88,340,48,0
88,341,47,0
88,342,46,0
88,343,45,0
88,344,44,0
88,345,43,0
88,346,42,0
88,347,41,0
88,348,40,0
88,349,39,0
88,350,38,0
88,351,37,0
88,352,36,0
88,353,35,0
88,354,34,0
88,355,33,0
88,356,32,0
88,357,31,0
88,358,30,0
88,359,29,0
88,360,28,0
88,361,27,0
88,362,26,0
88,363,25,0
88,364,24,0
88,365,23,0
88,366,22,0
88,367,21,0
88,368,20,0
88,369,19,0
88,370,18,0
88,371,17,0
88,372,16,0
88,373,15,0
88,374,14,0
88,375,13,0
88,376,12,0
88,377,11,0
88,378,10,0
88,379,9,0
88,380,8,0
88,381,7,0
88,382,6,0
88,383,5,0
88,384,4,0
88,385,3,0
88,386,2,0
88,387,1,0
88,388,0,0
89,31,137,0
89,32,136,0
89,33,135,0
89,34,134,0
89,35,133,0
89,36,132,0
89,37,131,0
89,38,130,0
89,39,129,0
89,40,128,0
89,41,127,0
89,42,126,0
89,43,125,0
89,44,124,0
89,45,123,0
89,46,122,0
89,47,121,0
89,48,120,0
89,49,119,0
89,50,118,0
89,51,117,0
89,52,116,0
89,53,115,0
89,54,114,0
89,55,113,0
89,56,112,0
89,57,111,0
89,58,110,0
89,59,109,0
89,60,108,0
89,61,107,0
89,62,106,0
89,63,105,0
89,64,104,0
89,65,103,0
89,66,102,0
89,67,101,0
89,68,100,0
89,69,99,0
89,70,98,0
89,71,97,0
89,72,96,0
89,73,95,0
89,74,94,0
89,75,93,0
89,76,92,0
89,77,91,0
89,78,90,0
89,79,89,0
89,80,88,0
89,81,87,0
89,82,86,0
89,83,85,0
89,84,84,0
89,85,83,0
89,86,82,0
89,87,81,0
89,88,80,0
89,89,79,0
89,90,78,0
89,91,77,0
89,92,76,0
89,93,75,0
89,94,74,0
89,95,73,0
89,96,72,0
89,97,71,0
89,98,70,0
89,99,69,0
89,100,68,0
89,101,67,0
89,102,66,0
89,103,65,0
89,104,64,0
89,105,63,0
89,106,62,0
89,107,61,0
89,108,60,0
89,109,59,0
89,110,58,0
89,111,57,0
89,112,56,0
89,113,55,0
89,114,54,0
89,115,53,0
89,116,52,0
89,117,51,0
89,118,50,0
89,119,49,0
89,120,48,0
89,121,47,0
89,122,46,0
89,123,45,0
89,124,44,0
89,125,43,0
89,126,42,0
89,127,41,0
89,128,40,0
89,129,39,0
89,130,38,0
89,131,37,0
89,132,36,0
89,133,35,0
89,134,34,0
89,135,33,0
89,136,32,0
89,137,31,0
89,138,30,0
89,139,29,0
89,140,28,0
89,141,27,0
89,142,26,0
89,143,25,0
89,144,24,0
89,145,23,0
89,146,22,0
89,147,21,0
89,148,20,0
89,149,19,0
89,150,18,0
89,151,17,0
89,152,16,0
89,153,15,0
89,154,14,0
89,155,13,0
89,156,12,0
89,157,11,0
89,158,10,0
89,159,9,0
89,160,8,0
89,161,7,0
89,162,6,0
89,163,5,0
89,164,4,0
89,165,3,0
89,166,2,0
89,167,1,-1
89,168,0,0
90,31,181,0
90,32,180,0
90,33,179,0
90,34,178,0
90,35,177,0
90,36,176,0
90,37,175,0
90,38,174,0
90,39,173,0
90,40,172,0
90,41,171,0
90,42,170,0
90,43,169,0
90,44,168,0
90,45,167,0
90,46,166,0
90,47,165,0
90,48,164,0
90,49,163,0
90,50,162,0
90,51,161,0
90,52,160,0
90,53,159,0
90,54,158,0
90,55,157,0
90,56,156,0
90,57,155,0
90,58,154,0
90,59,153,0
90,60,152,0
90,61,151,0
90,62,150,0
90,63,149,0
90,64,148,0
90,65,147,0
90,66,146,0
90,67,145,0
90,68,144,0
90,69,143,0
90,70,142,0
90,71,141,0
90,72,140,0
90,73,139,0
90,74,138,0
90,75,137,0
90,76,136,0
90,77,135,0
90,78,134,0
90,79,133,0
90,80,132,0
90,81,131,0
90,82,130,0
90,83,129,0
90,84,128,0
90,85,127,0
90,86,126,0
90,87,125,0
90,88,124,0
90,89,123,0
90,90,122,0
90,91,121,0
90,92,120,0
90,93,119,0
90,94,118,0
90,95,117,0
90,96,116,0
90,97,115,0
90,98,114,0
90,99,113,0
90,100,112,0
90,101,111,0
90,102,110,0
90,103,109,0
90,104,108,0
90,105,107,0
90,106,106,0
90,107,105,0
90,108,104,0
90,109,103,0
90,110,102,0
90,111,101,0
90,112,100,0
90,113,99,0
90,114,98,0
90,115,97,0
90,116,96,0
90,117,95,0
90,118,94,0
90,119,93,0
90,120,92,0
90,121,91,0
90,122,90,0
90,123,89,0
90,124,88,0
90,125,87,0
90,126,86,0
90,127,85,0
90,128,84,0
90,129,83,0
90,130,82,0
90,131,81,0
90,132,80,0
90,133,79,0
90,134,78,0
90,135,77,0
90,136,76,0
90,137,75,0
90,138,74,0
90,139,73,0
90,140,72,0
90,141,71,0
90,142,70,0
90,143,69,0
90,144,68,0
90,145,67,0
90,146,66,0
90,147,65,0
90,148,64,0
90,149,63,0
90,150,62,0
90,151,61,0
90,152,60,0
90,153,59,0
90,154,58,0
90,155,57,0
90,156,56,0
90,157,55,0
90,158,54,0
90,159,53,0
90,160,52,0
90,161,51,0
90,162,50,0
90,163,49,0
90,164,48,0
90,165,47,0
90,166,46,0
90,167,45,0
90,168,44,0
90,169,43,0
90,170,42,0
90,171,41,0
90,172,40,0
90,173,39,0
90,174,38,0
90,175,37,0
90,176,36,0
90,177,35,0
90,178,34,0
90,179,33,0
90,180,32,0
90,181,31,0
90,182,30,0
90,183,29,0
90,184,28,0
90,185,27,0
90,186,26,0
90,187,25,0
90,188,24,0
90,189,23,0
90,190,22,0
90,191,21,0
90,192,20,0
90,193,19,0
90,194,18,0
90,195,17,0
90,196,16,0
90,197,15,0
90,198,14,0
90,199,13,0
90,200,12,0
90,201,11,0
90,202,10,0
90,203,9,0
90,204,8,0
90,205,7,0
90,206,6,0
90,207,5,0
90,208,4,-1
90,209,3,-1
90,210,2,-1
90,211,1,-1
90,212,0,-1
91,31,323,0
91,32,322,0
91,33,321,0
91,34,320,0
91,35,319,0
91,36,318,0
91,37,317,0
91,38,316,0
91,39,315,0
91,40,314,0
91,41,313,0
91,42,312,0
91,43,311,0
91,44,310,0
91,45,309,0
91,46,308,0
91,47,307,0
91,48,306,0
91,49,305,0
91,50,304,0
91,51,303,0
91,52,302,0
91,53,301,0
91,54,300,0
91,55,299,0
91,56,298,0
91,57,297,0
91,58,296,0
91,59,295,0
91,60,294,0
91,61,293,0
91,62,292,0
91,63,291,0
91,64,290,0
91,65,289,0
91,66,288,0
91,67,287,0
91,68,286,0
91,69,285,0
91,70,284,0
91,71,283,0
91,72,282,0
91,73,281,0
91,74,280,0
91,75,279,0
91,76,278,0
91,77,277,0
91,78,276,0
91,79,275,0
91,80,274,0
91,81,273,0
91,82,272,0
91,83,271,0
91,84,270,0
91,85,269,0
91,86,268,0
91,87,267,0
91,88,266,0
91,89,265,0
91,90,264,0
91,91,263,0
91,92,262,0
91,93,261,0
91,94,260,0
91,95,259,0
91,96,258,0
91,97,257,0
91,98,256,0
91,99,255,0
91,100,254,0
91,101,253,0
91,102,252,0
91,103,251,0
91,104,250,0
91,105,249,0
91,106,248,0
91,107,247,0
91,108,246,0
91,109,245,0
91,110,244,0
91,111,243,0
91,112,242,0
91,113,241,0
91,114,240,0
91,115,239,0
91,116,238,0
91,117,237,0
91,118,236,0
91,119,235,0
91,120,234,0
91,121,233,0
91,122,232,0
91,123,231,0
91,124,230,0
91,125,229,0
91,126,228,0
91,127,227,0
91,128,226,0
91,129,225,0
91,130,224,0
91,131,223,0
91,132,222,0
91,133,221,0
91,134,220,0
91,135,219,0
91,136,218,0
91,137,217,0
91,138,216,0
91,139,215,0
91,140,214,0
91,141,213,0
91,142,212,0
91,143,211,0
91,144,210,0
91,145,209,0
91,146,208,0
91,147,207,0
91,148,206,0
91,149,205,0
91,150,204,0
91,151,203,0
91,152,202,0
91,153,201,0
91,154,200,0
91,155,199,0
91,156,198,0
91,157,197,0
91,158,196,0
91,159,195,0
91,160,194,0
91,161,193,0
91,162,192,0
91,163,191,0
91,164,190,0
91,165,189,0
91,166,188,0
91,167,187,0
91,168,186,0
91,169,185,0
91,170,184,0
91,171,183,0
91,172,182,0
91,173,181,0
91,174,180,0
91,175,179,0
91,176,178,0
91,177,177,0
91,178,176,0
91,179,175,0
91,180,174,0
91,181,173,0
91,182,172,0
91,183,171,0
91,184,170,0
91,185,169,0
91,186,168,0
91,187,167,0
91,188,166,0
91,189,165,0
91,190,164,0
91,191,163,0
91,192,162,0
91,193,161,0
91,194,160,0
91,195,159,0
91,196,158,0
91,197,157,0
91,198,156,0
91,199,155,0
91,200,154,0
91,201,153,0
91,202,152,0
91,203,151,0
91,204,150,0
91,205,149,0
91,206,148,0
91,207,147,0
91,208,146,0
91,209,145,0
91,210,144,0
91,211,143,0
91,212,142,0
91,213,141,0
91,214,140,0
91,215,139,0
91,216,138,0
91,217,137,0
91,218,136,0
91,219,135,0
91,220,134,0
91,221,133,0
91,222,132,0
91,223,131,0
91,224,130,0
91,225,129,0
91,226,128,0
91,227,127,0
91,228,126,0
91,229,125,0
91,230,124,0
91,231,123,0
91,232,122,0
91,233,121,0
91,234,120,0
91,235,119,0
91,236,118,0
91,237,117,0
91,238,116,0
91,239,115,0
91,240,114,0
91,241,113,0
91,242,112,0
91,243,111,0
91,244,110,0
91,245,109,0
91,246,108,0
91,247,107,0
91,248,106,0
91,249,105,0
91,250,104,0
91,251,103,0
91,252,102,0
91,253,101,0
91,254,100,0
91,255,99,0
91,256,98,0
91,257,97,0
91,258,96,0
91,259,95,0
91,260,94,0
91,261,93,0
91,262,92,0
91,263,91,0
91,264,90,0
91,265,89,0
91,266,88,0
91,267,87,0
91,268,86,0
91,269,85,0
91,270,84,0
91,271,83,0
91,272,82,0
91,273,81,0
91,274,80,0
91,275,79,0
91,276,78,0
91,277,77,0
91,278,76,0
91,279,75,0
91,280,74,0
91,281,73,0
91,282,72,0
91,283,71,0
91,284,70,0
91,285,69,0
91,286,68,0
91,287,67,0
91,288,66,0
91,289,65,0
91,290,64,0
91,291,63,0
91,292,62,0
91,293,61,0
91,294,60,0
91,295,59,0
91,296,58,0
91,297,57,0
91,298,56,0
91,299,55,0
91,300,54,0
91,301,53,0
91,302,52,0
91,303,51,0
91,304,50,0
91,305,49,0
91,306,48,0
91,307,47,0
91,308,46,0
91,309,45,0
91,310,44,0
91,311,43,0
91,312,42,0
91,313,41,0
91,314,40,0
91,315,39,0
91,316,38,0
91,317,37,0
91,318,36,0
91,319,35,0
91,320,34,0
91,321,33,0
91,322,32,0
91,323,31,0
91,324,30,0
91,325,29,0
91,326,28,0
91,327,27,0
91,328,26,0
91,329,25,0
91,330,24,0
91,331,23,0
91,332,22,0
91,333,21,0
91,334,20,0
91,335,19,0
91,336,18,0
91,337,17,0
91,338,16,0
91,339,15,0
91,340,14,0
91,341,13,0
91,342,12,0
91,343,11,0
91,344,10,0
91,345,9,0
91,346,8,0
91,347,7,0
91,348,6,0
91,349,5,0
91,350,4,0
91,351,3,0
91,352,2,0
91,353,1,0
91,354,0,0
92,31,160,0
92,32,159,0
92,33,158,0
92,34,157,0
92,35,156,0
92,36,155,0
92,37,154,0
92,38,153,0
92,39,152,0
92,40,151,0
92,41,150,0
92,42,149,0
92,43,148,0
92,44,147,0
92,45,146,0
92,46,145,0
92,47,144,0
92,48,143,0
92,49,142,0
92,50,141,0
92,51,140,0
92,52,139,0
92,53,138,0
92,54,137,0
92,55,136,0
92,56,135,0
92,57,134,0
92,58,133,0
92,59,132,0
92,60,131,0
92,61,130,0
92,62,129,0
92,63,128,0
92,64,127,0
92,65,126,0
92,66,125,0
92,67,124,0
92,68,123,0
92,69,122,0
92,70,121,0
92,71,120,0
92,72,119,0
92,73,118,0
92,74,117,0
92,75,116,0
92,76,115,0
92,77,114,0
92,78,113,0
92,79,112,0
92,80,111,0
92,81,110,0
92,82,109,0
92,83,108,0
92,84,107,0
92,85,106,0
92,86,105,0
92,87,104,0
92,88,103,0
92,89,102,0
92,90,101,0
92,91,100,0
92,92,99,0
92,93,98,0
92,94,97,0
92,95,96,0
92,96,95,0
92,97,94,0
92,98,93,0
92,99,92,0
92,100,91,0
92,101,90,0
92,102,89,0
92,103,88,0
92,104,87,0
92,105,86,0
92,106,85,0
92,107,84,0
92,108,83,0
92,109,82,0
92,110,81,0
92,111,80,0
92,112,79,0
92,113,78,0
92,114,77,0
92,115,76,0
92,116,75,0
92,117,74,0
92,118,73,0
92,119,72,0
92,120,71,0
92,121,70,0
92,122,69,0
92,123,68,0
92,124,67,0
92,125,66,0
92,126,65,0
92,127,64,0
92,128,63,0
92,129,62,0
92,130,61,0
92,131,60,0
92,132,59,0
92,133,58,0
92,134,57,0
92,135,56,0
92,136,55,0
92,137,54,0
92,138,53,0
92,139,52,0
92,140,51,0
92,141,50,0
92,142,49,0
92,143,48,0
92,144,47,0
92,145,46,0
92,146,45,0
92,147,44,0
92,148,43,0
92,149,42,0
92,150,41,0
92,151,40,0
92,152,39,0
92,153,38,0
92,154,37,0
92,155,36,0
92,156,35,0
92,157,34,0
92,158,33,0
92,159,32,0
92,160,31,0
92,161,30,0
92,162,29,0
92,163,28,0
92,164,27,0
92,165,26,0
92,166,25,0
92,167,24,0
92,168,23,0
92,169,22,0
92,170,21,0
92,171,20,0
92,172,19,0
92,173,18,0
92,174,17,0
92,175,16,0
92,176,15,0
92,177,14,0
92,178,13,0
92,179,12,0
92,180,11,0
92,181,10,0
92,182,9,0
92,183,8,0
92,184,7,0
92,185,6,0
92,186,5,0
92,187,4,0
92,188,3,0
92,189,2,0
92,190,1,0
92,191,0,0
93,31,165,0
93,32,164,0
93,33,163,0
93,34,162,0
93,35,161,0
93,36,160,0
93,37,159,0
93,38,158,0
93,39,157,0
93,40,156,0
93,41,155,0
93,42,154,0
93,43,153,0
93,44,152,0
93,45,151,0
93,46,150,0
93,47,149,0
93,48,148,0
93,49,147,0
93,50,146,0
93,51,145,0
93,52,144,0
93,53,143,0
93,54,142,0
93,55,141,0
93,56,140,0
93,57,139,0
93,58,138,0
93,59,137,0
93,60,136,0
93,61,135,0
93,62,134,0
93,63,133,0
93,64,132,0
93,65,131,0
93,66,130,0
93,67,129,0
93,68,128,0
93,69,127,0
93,70,126,0
93,71,125,0
93,72,124,0
93,73,123,0
93,74,122,0
93,75,121,0
93,76,120,0
93,77,119,0
93,78,118,0
93,79,117,0
93,80,116,0
93,81,115,0
93,82,114,0
93,83,113,0
93,84,112,0
93,85,111,0
93,86,110,0
93,87,109,0
93,88,108,0
93,89,107,0
93,90,106,0
93,91,105,0
93,92,104,0
93,93,103,0
93,94,102,0
93,95,101,0
93,96,100,0
93,97,99,0
93,98,98,0
93,99,97,0
93,100,96,0
93,101,95,0
93,102,94,0
93,103,93,0
93,104,92,0
93,105,91,0
93,106,90,0
93,107,89,0
93,108,88,0
93,109,87,0
93,110,86,0
93,111,85,0
93,112,84,0
93,113,83,0
93,114,82,0
93,115,81,0
93,116,80,0
93,117,79,0
93,118,78,0
93,119,77,0
93,120,76,0
93,121,75,0
93,122,74,0
93,123,73,0
93,124,72,0
93,125,71,0
93,126,70,0
93,127,69,0
93,128,68,0
93,129,67,0
93,130,66,0
93,131,65,0
93,132,64,0
93,133,63,0
93,134,62,0
93,135,61,0
93,136,60,0
93,137,59,0
93,138,58,0
93,139,57,0
93,140,56,0
93,141,55,0
93,142,54,0
93,143,53,0
93,144,52,0
93,145,51,0
93,146,50,0
93,147,49,0
93,148,48,0
93,149,47,0
93,150,46,0
93,151,45,0
93,152,44,0
93,153,43,0
93,154,42,0
93,155,41,0
93,156,40,0
93,157,39,0
93,158,38,0
93,159,37,0
93,160,36,0
93,161,35,0
93,162,34,0
93,163,33,0
93,164,32,0
93,165,31,0
93,166,30,0
93,167,29,0
93,168,28,0
93,169,27,0
93,170,26,0
93,171,25,0
93,172,24,0
93,173,23,0
93,174,22,0
93,175,21,0
93,176,20,0
93,177,19,0
93,178,18,0
93,179,17,0
93,180,16,0
93,181,15,0
93,182,14,0
93,183,13,0
93,184,12,0
93,185,11,0
93,186,10,0
93,187,9,0
93,188,8,0
93,189,7,0
93,190,6,0
93,191,5,0
93,192,4,0
93,193,3,0
93,194,2,0
93,195,1,0
93,196,0,0
94,31,218,0
94,32,217,0
94,33,216,0
94,34,215,0
94,35,214,0
94,36,213,0
94,37,212,0
94,38,211,0
94,39,210,0
94,40,209,0
94,41,208,0
94,42,207,0
94,43,206,0
94,44,205,0
94,45,204,0
94,46,203,0
94,47,202,0
94,48,201,0
94,49,200,0
94,50,199,0
94,51,198,0
94,52,197,0
94,53,196,0
94,54,195,0
94,55,194,0
94,56,193,0
94,57,192,0
94,58,191,0
94,59,190,0
94,60,189,0
94,61,188,0
94,62,187,0
94,63,186,0
94,64,185,0
94,65,184,0
94,66,183,0
94,67,182,0
94,68,181,0
94,69,180,0
94,70,179,0
94,71,178,0
94,72,177,0
94,73,176,0
94,74,175,0
94,75,174,0
94,76,173,0
94,77,172,0
94,78,171,0
94,79,170,0
94,80,169,0
94,81,168,0
94,82,167,0
94,83,166,0
94,84,165,0
94,85,164,0
94,86,163,0
94,87,162,0
94,88,161,0
94,89,160,0
94,90,159,0
94,91,158,0
94,92,157,0
94,93,156,0
94,94,155,0
94,95,154,0
94,96,153,0
94,97,152,0
94,98,151,0
94,99,150,0
94,100,149,0
94,101,148,0
94,102,147,0
94,103,146,0
94,104,145,0
94,105,144,0
94,106,143,0
94,107,142,0
94,108,141,0
94,109,140,0
94,110,139,0
94,111,138,0
94,112,137,0
94,113,136,0
94,114,135,0
94,115,134,0
94,116,133,0
94,117,132,0
94,118,131,0
94,119,130,0
94,120,129,0
94,121,128,0
94,122,127,0
94,123,126,0
94,124,125,0
94,125,124,0
94,126,123,0
94,127,122,0
94,128,121,0
94,129,120,0
94,130,119,0
94,131,118,0
94,132,117,0
94,133,116,0
94,134,115,0
94,135,114,0
94,136,113,0
94,137,112,0
94,138,111,0
94,139,110,0
94,140,109,0
94,141,108,0
94,142,107,0
94,143,106,0
94,144,105,0
94,145,104,0
94,146,103,0
94,147,102,0
94,148,101,0
94,149,100,0
94,150,99,0
94,151,98,0
94,152,97,0
94,153,96,0
94,154,95,0
94,155,94,0
94,156,93,0
94,157,92,0
94,158,91,0
94,159,90,0
94,160,89,0
94,161,88,0
94,162,87,0
94,163,86,0
94,164,85,0
94,165,84,0
94,166,83,0
94,167,82,0
94,168,81,0
94,169,80,0
94,170,79,0
94,171,78,0
94,172,77,0
94,173,76,0
94,174,75,0
94,175,74,0
94,176,73,0
94,177,72,0
94,178,71,0
94,179,70,0
94,180,69,0
94,181,68,0
94,182,67,0
94,183,66,0
94,184,65,0
94,185,64,0
94,186,63,0
94,187,62,0
94,188,61,0
94,189,60,0
94,190,59,0
94,191,58,0
94,192,57,0
94,193,56,0
94,194,55,0
94,195,54,0
94,196,53,0
94,197,52,0
94,198,51,0
94,199,50,0
94,200,49,0
94,201,48,0
94,202,47,0
94,203,46,0
94,204,45,0
94,205,44,0
94,206,43,0
94,207,42,0
94,208,41,0
94,209,40,0
94,210,39,0
94,211,38,0
94,212,37,0
94,213,36,0
94,214,35,0
94,215,34,0
94,216,33,0
94,217,32,0
94,218,31,0
94,219,30,0
94,220,29,0
94,221,28,0
94,222,27,0
94,223,26,0
94,224,25,0
94,225,24,0
94,226,23,0
94,227,22,0
94,228,21,0
94,229,20,0
94,230,19,0
94,231,18,0
94,232,17,0
94,233,16,0
94,234,15,0
94,235,14,0
94,236,13,0
94,237,12,0
94,238,11,0
94,239,10,0
94,240,9,0
94,241,8,0
94,242,7,0
94,243,6,0
94,244,5,0
94,245,4,0
94,246,3,0
94,247,2,0
94,248,1,0
94,249,0,0
95,31,208,0
95,32,207,0
95,33,206,0
95,34,205,0
95,35,204,0
95,36,203,0
95,37,202,0
95,38,201,0
95,39,200,0
95,40,199,0
95,41,198,0
95,42,197,0
95,43,196,0
95,44,195,0
95,45,194,0
95,46,193,0
95,47,192,0
95,48,191,0
95,49,190,0
95,50,189,0
95,51,188,0
95,52,187,0
95,53,186,0
95,54,185,0
95,55,184,0
95,56,183,0
95,57,182,0
95,58,181,0
95,59,180,0
95,60,179,0
95,61,178,0
95,62,177,0
95,63,176,0
95,64,175,0
95,65,174,0
95,66,173,0
95,67,172,0
95,68,171,0
95,69,170,0
95,70,169,0
95,71,168,0
95,72,167,0
95,73,166,0
95,74,165,0
95,75,164,0
95,76,163,0
95,77,162,0
95,78,161,0
95,79,160,0
95,80,159,0
95,81,158,0
95,82,157,0
95,83,156,0
95,84,155,0
95,85,154,0
95,86,153,0
95,87,152,0
95,88,151,0
95,89,150,0
95,90,149,0
95,91,148,0
95,92,147,0
95,93,146,0
95,94,145,0
95,95,144,0
95,96,143,0
95,97,142,0
95,98,141,0
95,99,140,0
95,100,139,0
95,101,138,0
95,102,137,0
95,103,136,0
95,104,135,0
95,105,134,0
95,106,133,0
95,107,132,0
95,108,131,0
95,109,130,0
95,110,129,0
95,111,128,0
95,112,127,0
95,113,126,0
95,114,125,0
95,115,124,0
95,116,123,0
95,117,122,0
95,118,121,0
95,119,120,0
95,120,119,0
95,121,118,0
95,122,117,0
95,123,116,0
95,124,115,0
95,125,114,0
95,126,113,0
95,127,112,0
95,128,111,0
95,129,110,0
95,130,109,0
95,131,108,0
95,132,107,0
95,133,106,0
95,134,105,0
95,135,104,0
95,136,103,0
95,137,102,0
95,138,101,0
95,139,100,0
95,140,99,0
95,141,98,0
95,142,97,0
95,143,96,0
95,144,95,0
95,145,94,0
95,146,93,0
95,147,92,0
95,148,91,0
95,149,90,0
95,150,89,0
95,151,88,0
95,152,87,0
95,153,86,0
95,154,85,0
95,155,84,0
95,156,83,0
95,157,82,0
95,158,81,0
95,159,80,0
95,160,79,0
95,161,78,0
95,162,77,0
95,163,76,0
95,164,75,0
95,165,74,0
95,166,73,0
95,167,72,0
95,168,71,0
95,169,70,0
95,170,69,0
95,171,68,0
95,172,67,0
95,173,66,0
95,174,65,0
95,175,64,0
95,176,63,0
95,177,62,0
95,178,61,0
95,179,60,0
95,180,59,0
95,181,58,0
95,182,57,0
95,183,56,0
95,184,55,0
95,185,54,0
95,186,53,0
95,187,52,0
95,188,51,0
95,189,50,0
95,190,49,0
95,191,48,0
95,192,47,0
95,193,46,0
95,194,45,0
95,195,44,0
95,196,43,0
95,197,42,0
95,198,41,0
95,199,40,0
95,200,39,0
95,201,38,0
95,202,37,0
95,203,36,0
95,204,35,0
95,205,34,0
95,206,33,0
95,207,32,0
95,208,31,0
95,209,30,0
95,210,29,0
95,211,28,0
95,212,27,0
95,213,26,0
95,214,25,0
95,215,24,0
95,216,23,0
95,217,22,0
95,218,21,0
95,219,20,0
95,220,19,0
95,221,18,0
95,222,17,0
95,223,16,0
95,224,15,0
95,225,14,0
95,226,13,0
95,227,12,0
95,228,11,0
95,229,10,0
95,230,9,0
95,231,8,0
95,232,7,0
95,233,6,0
95,234,5,0
95,235,4,0
95,236,3,0
95,237,2,0
95,238,1,0
95,239,0,0
96,31,239,0
96,32,238,0
96,33,237,0
96,34,236,0
96,35,235,0
96,36,234,0
96,37,233,0
96,38,232,0
96,39,231,0
96,40,230,0
96,41,229,0
96,42,228,0
96,43,227,0
96,44,226,0
96,45,225,0
96,46,224,0
96,47,223,0
96,48,222,0
96,49,221,0
96,50,220,0
96,51,219,0
96,52,218,0
96,53,217,0
96,54,216,0
96,55,215,0
96,56,214,0
96,57,213,0
96,58,212,0
96,59,211,0
96,60,210,0
96,61,209,0
96,62,208,0
96,63,207,0
96,64,206,0
96,65,205,0
96,66,204,0
96,67,203,0
96,68,202,0
96,69,201,0
96,70,200,0
96,71,199,0
96,72,198,0
96,73,197,0
96,74,196,0
96,75,195,0
96,76,194,0
96,77,193,0
96,78,192,0
96,79,191,0
96,80,190,0
96,81,189,0
96,82,188,0
96,83,187,0
96,84,186,0
96,85,185,0
96,86,184,0
96,87,183,0
96,88,182,0
96,89,181,0
96,90,180,0
96,91,179,0
96,92,178,0
96,93,177,0
96,94,176,0
96,95,175,0
96,96,174,0
96,97,173,0
96,98,172,0
96,99,171,0
96,100,170,0
96,101,169,0
96,102,168,0
96,103,167,0
96,104,166,0
96,105,165,0
96,106,164,0
96,107,163,0
96,108,162,0
96,109,161,0
96,110,160,0
96,111,159,0
96,112,158,0
96,113,157,0
96,114,156,0
96,115,155,0
96,116,154,0
96,117,153,0
96,118,152,0
96,119,151,0
96,120,150,0
96,121,149,0
96,122,148,0
96,123,147,0
96,124,146,0
96,125,145,0
96,126,144,0
96,127,143,0
96,128,142,0
96,129,141,0
96,130,140,0
96,131,139,0
96,132,138,0
96,133,137,0
96,134,136,0
96,135,135,0
96,136,134,0
96,137,133,0
96,138,132,0
96,139,131,0
96,140,130,0
96,141,129,0
96,142,128,0
96,143,127,0
96,144,126,0
96,145,125,0
96,146,124,0
96,147,123,0
96,148,122,0
96,149,121,0
96,150,120,0
96,151,119,0
96,152,118,0
96,153,117,0
96,154,116,0
96,155,115,0
96,156,114,0
96,157,113,0
96,158,112,0
96,159,111,0
96,160,110,0
96,161,109,0
96,162,108,0
96,163,107,0
96,164,106,0
96,165,105,0
96,166,104,0
96,167,103,0
96,168,102,0
96,169,101,0
96,170,100,0
96,171,99,0
96,172,98,0
96,173,97,0
96,174,96,0
96,175,95,0
96,176,94,0
96,177,93,0
96,178,92,0
96,179,91,0
96,180,90,0
96,181,89,0
96,182,88,0
96,183,87,0
96,184,86,0
96,185,85,0
96,186,84,0
96,187,83,0
96,188,82,0
96,189,81,0
96,190,80,0
96,191,79,0
96,192,78,0
96,193,77,0
96,194,76,0
96,195,75,0
96,196,74,0
96,197,73,0
96,198,72,0
96,199,71,0
96,200,70,0
96,201,69,0
96,202,68,0
96,203,67,0
96,204,66,0
96,205,65,0
96,206,64,0
96,207,63,0
96,208,62,0
96,209,61,0
96,210,60,0
96,211,59,0
96,212,58,0
96,213,57,0
96,214,56,0
96,215,55,0
96,216,54,0
96,217,53,0
96,218,52,0
96,219,51,0
96,220,50,0
96,221,49,0
96,222,48,0
96,223,47,0
96,224,46,0
96,225,45,0
96,226,44,0
96,227,43,0
96,228,42,0
96,229,41,0
96,230,40,0
96,231,39,0
96,232,38,0
96,233,37,0
96,234,36,0
96,235,35,0
96,236,34,0
96,237,33,0
96,238,32,0
96,239,31,0
96,240,30,0
96,241,29,0
96,242,28,0
96,243,27,0
96,244,26,0
96,245,25,0
96,246,24,0
96,247,23,0
96,248,22,0
96,249,21,0
96,250,20,0
96,251,19,0
96,252,18,0
96,253,17,0
96,254,16,0
96,255,15,0
96,256,14,0
96,257,13,0
96,258,12,0
96,259,11,0
96,260,10,0
96,261,9,0
96,262,8,0
96,263,7,0
96,264,6,0
96,265,5,0
96,266,4,0
96,267,3,0
96,268,2,0
96,269,1,0
96,270,0,0
97,31,231,0
97,32,230,0
97,33,229,0
97,34,228,0
97,35,227,0
97,36,226,0
97,37,225,0
97,38,224,0
97,39,223,0
97,40,222,0
97,41,221,0
97,42,220,0
97,43,219,0
97,44,218,0
97,45,217,0
97,46,216,0
97,47,215,0
97,48,214,0
97,49,213,0
97,50,212,0
97,51,211,0
97,52,210,0
97,53,209,0
97,54,208,0
97,55,207,0
97,56,206,0
97,57,205,0
97,58,204,0
97,59,203,0
97,60,202,0
97,61,201,0
97,62,200,0
97,63,199,0
97,64,198,0
97,65,197,0
97,66,196,0
97,67,195,0
97,68,194,0
97,69,193,0
97,70,192,0
97,71,191,0
97,72,190,0
97,73,189,0
97,74,188,0
97,75,187,0
97,76,186,0
97,77,185,0
97,78,184,0
97,79,183,0
97,80,182,0
97,81,181,0
97,82,180,0
97,83,179,0
97,84,178,0
97,85,177,0
97,86,176,0
97,87,175,0
97,88,174,0
97,89,173,0
97,90,172,0
97,91,171,0
97,92,170,0
97,93,169,0
97,94,168,0
97,95,167,0
97,96,166,0
97,97,165,0
97,98,164,0
97,99,163,0
97,100,162,0
97,101,161,0
97,102,160,0
97,103,159,0
97,104,158,0
97,105,157,0
97,106,156,0
97,107,155,0
97,108,154,0
97,109,153,0
97,110,152,0
97,111,151,0
97,112,150,0
97,113,149,0
97,114,148,0
97,115,147,0
97,116,146,0
97,117,145,0
97,118,144,0
97,119,143,0
97,120,142,0
97,121,141,0
97,122,140,0
97,123,139,0
97,124,138,0
97,125,137,0
97,126,136,0
97,127,135,0
97,128,134,0
97,129,133,0
97,130,132,0
97,131,131,0
97,132,130,0
97,133,129,0
97,134,128,0
97,135,127,0
97,136,126,0
97,137,125,0
97,138,124,0
97,139,123,0
97,140,122,0
97,141,121,0
97,142,120,0
97,143,119,0
97,144,118,0
97,145,117,0
97,146,116,0
97,147,115,0
97,148,114,0
97,149,113,0
97,150,112,0
97,151,111,0
97,152,110,0
97,153,109,0
97,154,108,0
97,155,107,0
97,156,106,0
97,157,105,0
97,158,104,0
97,159,103,0
97,160,102,0
97,161,101,0
97,162,100,0
97,163,99,0
97,164,98,0
97,165,97,0
97,166,96,0
97,167,95,0
97,168,94,0
97,169,93,0
97,170,92,0
97,171,91,0
97,172,90,0
97,173,89,0
97,174,88,0
97,175,87,0
97,176,86,0
97,177,85,0
97,178,84,0
97,179,83,0
97,180,82,0
97,181,81,0
97,182,80,0
97,183,79,0
97,184,78,0
97,185,77,0
97,186,76,0
97,187,75,0
97,188,74,0
97,189,73,0
97,190,72,0
97,191,71,0
97,192,70,0
97,193,69,0
97,194,68,0
97,195,67,0
97,196,66,0
97,197,65,0
97,198,64,0
97,199,63,0
97,200,62,0
97,201,61,0
97,202,60,0
97,203,59,0
97,204,58,0
97,205,57,0
97,206,56,0
97,207,55,0
97,208,54,0
97,209,53,0
97,210,52,0
97,211,51,0
97,212,50,0
97,213,49,0
97,214,48,0
97,215,47,0
97,216,46,0
97,217,45,0
97,218,44,0
97,219,43,0
97,220,42,0
97,221,41,0
97,222,40,0
97,223,39,0
97,224,38,0
97,225,37,0
97,226,36,0
97,227,35,0
97,228,34,0
97,229,33,0
97,230,32,0
97,231,31,0
97,232,30,0
97,233,29,0
97,234,28,0
97,235,27,0
97,236,26,0
97,237,25,0
97,238,24,0
97,239,23,0
97,240,22,0
97,241,21,0
97,242,20,0
97,243,19,0
97,244,18,0
97,245,17,0
97,246,16,0
97,247,15,0
97,248,14,0
97,249,13,0
97,250,12,0
97,251,11,0
97,252,10,0
97,253,9,0
97,254,8,0
97,255,7,0
97,256,6,0
97,257,5,0
97,258,4,0
97,259,3,0
97,260,2,0
97,261,1,0
97,262,0,0
98,31,214,0
98,32,213,0
98,33,212,0
98,34,211,0
98,35,210,0
98,36,209,0
98,37,208,0
98,38,207,0
98,39,206,0
98,40,205,0
98,41,204,0
98,42,203,0
98,43,202,0
98,44,201,0
98,45,200,0
98,46,199,0
98,47,198,0
98,48,197,0
98,49,196,0
98,50,195,0
98,51,194,0
98,52,193,0
98,53,192,0
98,54,191,0
98,55,190,0
98,56,189,0
98,57,188,0
98,58,187,0
98,59,186,0
98,60,185,0
98,61,184,0
98,62,183,0
98,63,182,0
98,64,181,0
98,65,180,0
98,66,179,0
98,67,178,0
98,68,177,0
98,69,176,0
98,70,175,0
98,71,174,0
98,72,173,0
98,73,172,0
98,74,171,0
98,75,170,0
98,76,169,0
98,77,168,0
98,78,167,0
98,79,166,0
98,80,165,0
98,81,164,0
98,82,163,0
98,83,162,0
98,84,161,0
98,85,160,0
98,86,159,0
98,87,158,0
98,88,157,0
98,89,156,0
98,90,155,0
98,91,154,0
98,92,153,0
98,93,152,0
98,94,151,0
98,95,150,0
98,96,149,0
98,97,148,0
98,98,147,0
98,99,146,0
98,100,145,0
98,101,144,0
98,102,143,0
98,103,142,0
98,104,141,0
98,105,140,0
98,106,139,0
98,107,138,0
98,108,137,0
98,109,136,0
98,110,135,0
98,111,134,0
98,112,133,0
98,113,132,0
98,114,131,0
98,115,130,0
98,116,129,0
98,117,128,0
98,118,127,0
98,119,126,0
98,120,125,0
98,121,124,0
98,122,123,0
98,123,122,0
98,124,121,0
98,125,120,0
98,126,119,0
98,127,118,0
98,128,117,0
98,129,116,0
98,130,115,0
98,131,114,0
98,132,113,0
98,133,112,0
98,134,111,0
98,135,110,0
98,136,109,0
98,137,108,0
98,138,107,0
98,139,106,0
98,140,105,0
98,141,104,0
98,142,103,0
98,143,102,0
98,144,101,0
98,145,100,0
98,146,99,0
98,147,98,0
98,148,97,0
98,149,96,0
98,150,95,0
98,151,94,0
98,152,93,0
98,153,92,0
98,154,91,0
98,155,90,0
98,156,89,0
98,157,88,0
98,158,87,0
98,159,86,0
98,160,85,0
98,161,84,0
98,162,83,0
98,163,82,0
98,164,81,0
98,165,80,0
98,166,79,0
98,167,78,0
98,168,77,0
98,169,76,0
98,170,75,0
98,171,74,0
98,172,73,0
98,173,72,0
98,174,71,0
98,175,70,0
98,176,69,0
98,177,68,0
98,178,67,0
98,179,66,0
98,180,65,0
98,181,64,0
98,182,63,0
98,183,62,0
98,184,61,0
98,185,60,0
98,186,59,0
98,187,58,0
98,188,57,0
98,189,56,0
98,190,55,0
98,191,54,0
98,192,53,0
98,193,52,0
98,194,51,0
98,195,50,0
98,196,49,0
98,197,48,0
98,198,47,0
98,199,46,0
98,200,45,0
98,201,44,0
98,202,43,0
98,203,42,0
98,204,41,0
98,205,40,0
98,206,39,0
98,207,38,0
98,208,37,0
98,209,36,0
98,210,35,0
98,211,34,0
98,212,33,0
98,213,32,0
98,214,31,0
98,215,30,0
98,216,29,0
98,217,28,0
98,218,27,0
98,219,26,0
98,220,25,0
98,221,24,0
98,222,23,0
98,223,22,0
98,224,21,0
98,225,20,-1
98,226,19,0
98,227,18,0
98,228,17,0
98,229,16,0
98,230,15,-1
98,231,14,-1
98,232,13,0
98,233,12,-1
98,234,11,0
98,235,10,-1
98,236,9,-1
98,237,8,-1
98,238,7,-1
98,239,6,-1
98,240,5,-1
98,241,4,-1
98,242,3,-1
98,243,2,-1
98,244,1,-1
98,245,0,-1
99,31,136,0
99,32,135,0
99,33,134,0
99,34,133,0
99,35,132,0
99,36,131,0
99,37,130,0
99,38,129,0
99,39,128,0
99,40,127,0
99,41,126,0
99,42,125,0
99,43,124,0
99,44,123,0
99,45,122,0
99,46,121,0
99,47,120,0
99,48,119,0
99,49,118,0
99,50,117,0
99,51,116,0
99,52,115,0
99,53,114,0
99,54,113,0
99,55,112,0
99,56,111,0
99,57,110,0
99,58,109,0
99,59,108,0
99,60,107,0
99,61,106,0
99,62,105,0
99,63,104,0
99,64,103,0
99,65,102,0
99,66,101,0
99,67,100,0
99,68,99,0
99,69,98,0
99,70,97,0
99,71,96,0
99,72,95,0
99,73,94,0
99,74,93,0
99,75,92,0
99,76,91,0
99,77,90,0
99,78,89,0
99,79,88,0
99,80,87,0
99,81,86,0
99,82,85,0
99,83,84,0
99,84,83,0
99,85,82,0
99,86,81,0
99,87,80,0
99,88,79,0
99,89,78,0
99,90,77,0
99,91,76,0
99,92,75,0
99,93,74,0
99,94,73,0
99,95,72,0
99,96,71,0
99,97,70,0
99,98,69,0
99,99,68,0
99,100,67,0
99,101,66,0
99,102,65,0
99,103,64,0
99,104,63,0
99,105,62,0
99,106,61,0
99,107,60,0
99,108,59,0
99,109,58,0
99,110,57,0
99,111,56,0
99,112,55,0
99,113,54,0
99,114,53,0
99,115,52,0
99,116,51,0
99,117,50,0
99,118,49,0
99,119,48,0
99,120,47,0
99,121,46,0
99,122,45,0
99,123,44,0
99,124,43,0
99,125,42,0
99,126,41,0
99,127,40,0
99,128,39,0
99,129,38,0
99,130,37,0
99,131,36,0
99,132,35,0
99,133,34,0
99,134,33,0
99,135,32,0
99,136,31,0
99,137,30,0
99,138,29,0
99,139,28,0
99,140,27,0
99,141,26,0
99,142,25,0
99,143,24,0
99,144,23,0
99,145,22,0
99,146,21,0
99,147,20,0
99,148,19,0
99,149,18,0
99,150,17,0
99,151,16,0
99,152,15,0
99,153,14,0
99,154,13,0
99,155,12,0
99,156,11,0
99,157,10,0
99,158,9,0
99,159,8,0
99,160,7,0
99,161,6,0
99,162,5,0
99,163,4,0
99,164,3,0
99,165,2,0
99,166,1,0
99,167,0,0
100,31,230,0
100,32,229,0
100,33,228,0
100,34,227,0
100,35,226,0
100,36,225,0
100,37,224,0
100,38,223,0
100,39,222,0
100,40,221,0
100,41,220,0
100,42,219,0
100,43,218,0
100,44,217,0
100,45,216,0
100,46,215,0
100,47,214,0
100,48,213,0
100,49,212,0
100,50,211,0
100,51,210,0
100,52,209,0
100,53,208,0
100,54,207,0
100,55,206,0
100,56,205,0
100,57,204,0
100,58,203,0
100,59,202,0
100,60,201,0
100,61,200,0
100,62,199,0
100,63,198,0
100,64,197,0
100,65,196,0
100,66,195,0
100,67,194,0
100,68,193,0
100,69,192,0
100,70,191,0
100,71,190,0
100,72,189,0
100,73,188,0
100,74,187,0
100,75,186,0
100,76,185,0
100,77,184,0
100,78,183,0
100,79,182,0
100,80,181,0
100,81,180,0
100,82,179,0
100,83,178,0
100,84,177,0
100,85,176,0
100,86,175,0
100,87,174,0
100,88,173,0
100,89,172,0
100,90,171,0
100,91,170,0
100,92,169,0
100,93,168,0
100,94,167,0
100,95,166,0
100,96,165,0
100,97,164,0
100,98,163,0
100,99,162,0
100,100,161,0
100,101,160,0
100,102,159,0
100,103,158,0
100,104,157,0
100,105,156,0
100,106,155,0
100,107,154,0
100,108,153,0
100,109,152,0
100,110,151,0
100,111,150,0
100,112,149,0
100,113,148,0
100,114,147,0
100,115,146,0
100,116,145,0
100,117,144,0
100,118,143,0
100,119,142,0
100,120,141,0
100,121,140,0
100,122,139,0
100,123,138,0
100,124,137,0
100,125,136,0
100,126,135,0
100,127,134,0
100,128,133,0
100,129,132,0
100,130,131,0
100,131,130,0
100,132,129,0
100,133,128,0
100,134,127,0
100,135,126,0
100,136,125,0
100,137,124,0
100,138,123,0
100,139,122,0
100,140,121,0
100,141,120,0
100,142,119,0
100,143,118,0
100,144,117,0
100,145,116,0
100,146,115,0
100,147,114,0
100,148,113,0
100,149,112,0
100,150,111,0
100,151,110,0
100,152,109,0
100,153,108,0
100,154,107,0
100,155,106,0
100,156,105,0
100,157,104,0
100,158,103,0
100,159,102,0
100,160,101,0
100,161,100,0
100,162,99,0
100,163,98,0
100,164,97,0
100,165,96,0
100,166,95,0
100,167,94,0
100,168,93,0
100,169,92,0
100,170,91,0
100,171,90,0
100,172,89,0
100,173,88,0
100,174,87,0
100,175,86,0
100,176,85,0
100,177,84,0
100,178,83,0
100,179,82,0
100,180,81,0
100,181,80,0
100,182,79,0
100,183,78,0
100,184,77,0
100,185,76,0
100,186,75,0
100,187,74,0
100,188,73,0
100,189,72,0
100,190,71,0
100,191,70,0
100,192,69,0
100,193,68,0
100,194,67,0
100,195,66,0
100,196,65,0
100,197,64,0
100,198,63,0
100,199,62,0
100,200,61,0
100,201,60,0
100,202,59,0
100,203,58,0
100,204,57,0
100,205,56,0
100,206,55,0
100,207,54,0
100,208,53,0
100,209,52,0
100,210,51,0
100,211,50,0
100,212,49,0
100,213,48,0
100,214,47,0
100,215,46,0
100,216,45,0
100,217,44,0
100,218,43,0
100,219,42,0
100,220,41,0
100,221,40,0
100,222,39,0
100,223,38,0
100,224,37,0
100,225,36,0
100,226,35,0
100,227,34,0
100,228,33,0
100,229,32,0
100,230,31,0
100,231,30,0
100,232,29,0
100,233,28,0
100,234,27,0
100,235,26,0
100,236,25,0
100,237,24,0
100,238,23,0
100,239,22,0
100,240,21,0
100,241,20,0
100,242,19,0
100,243,18,0
100,244,17,0
100,245,16,0
100,246,15,0
100,247,14,0
100,248,13,0
100,249,12,0
100,250,11,0
100,251,10,0
100,252,9,0
100,253,8,0
100,254,7,0
100,255,6,0
100,256,5,0
100,257,4,0
100,258,3,0
100,259,2,0
100,260,1,0
100,261,0,0
101,31,229,0
101,32,228,0
101,33,227,0
101,34,226,0
101,35,225,0
101,36,224,0
101,37,223,0
101,38,222,0
101,39,221,0
101,40,220,0
101,41,219,0
101,42,218,0
101,43,217,0
101,44,216,0
101,45,215,0
101,46,214,0
101,47,213,0
101,48,212,0
101,49,211,0
101,50,210,0
101,51,209,0
101,52,208,0
101,53,207,0
101,54,206,0
101,55,205,0
101,56,204,0
101,57,203,0
101,58,202,0
101,59,201,0
101,60,200,0
101,61,199,0
101,62,198,0
101,63,197,0
101,64,196,0
101,65,195,0
101,66,194,0
101,67,193,0
101,68,192,0
101,69,191,0
101,70,190,0
101,71,189,0
101,72,188,0
101,73,187,0
101,74,186,0
101,75,185,0
101,76,184,0
101,77,183,0
101,78,182,0
101,79,181,0
101,80,180,0
101,81,179,0
101,82,178,0
101,83,177,0
101,84,176,0
101,85,175,0
101,86,174,0
101,87,173,0
101,88,172,0
101,89,171,0
101,90,170,0
101,91,169,0
101,92,168,0
101,93,167,0
101,94,166,0
101,95,165,0
101,96,164,0
101,97,163,0
101,98,162,0
101,99,161,0
101,100,160,0
101,101,159,0
101,102,158,0
101,103,157,0
101,104,156,0
101,105,155,0
101,106,154,0
101,107,153,0
101,108,152,0
101,109,151,0
101,110,150,0
101,111,149,0
101,112,148,0
101,113,147,0
101,114,146,0
101,115,145,0
101,116,144,0
101,117,143,0
101,118,142,0
101,119,141,0
101,120,140,0
101,121,139,0
101,122,138,0
101,123,137,0
101,124,136,0
101,125,135,0
101,126,134,0
101,127,133,0
101,128,132,0
101,129,131,0
101,130,130,0
101,131,129,0
101,132,128,0
101,133,127,0
101,134,126,0
101,135,125,0
101,136,124,0
101,137,123,0
101,138,122,0
101,139,121,0
101,140,120,0
101,141,119,0
101,142,118,0
101,143,117,0
101,144,116,0
101,145,115,0
101,146,114,0
101,147,113,0
101,148,112,0
101,149,111,0
101,150,110,0
101,151,109,0
101,152,108,0
101,153,107,0
101,154,106,0
101,155,105,0
101,156,104,0
101,157,103,0
101,158,102,0
101,159,101,0
101,160,100,0
101,161,99,0
101,162,98,0
101,163,97,0
101,164,96,0
101,165,95,0
101,166,94,0
101,167,93,0
101,168,92,0
101,169,91,0
101,170,90,0
101,171,89,0
101,172,88,0
101,173,87,0
101,174,86,0
101,175,85,0
101,176,84,0
101,177,83,0
101,178,82,0
101,179,81,0
101,180,80,0
101,181,79,0
101,182,78,0
101,183,77,0
101,184,76,0
101,185,75,0
101,186,74,0
101,187,73,0
101,188,72,0
101,189,71,0
101,190,70,0
101,191,69,0
101,192,68,0
101,193,67,0
101,194,66,0
101,195,65,0
101,196,64,0
101,197,63,0
101,198,62,0
101,199,61,0
101,200,60,0
101,201,59,0
101,202,58,0
101,203,57,0
101,204,56,0
101,205,55,0
101,206,54,0
101,207,53,0
101,208,52,0
101,209,51,0
101,210,50,0
101,211,49,0
101,212,48,0
101,213,47,0
101,214,46,0
101,215,45,0
101,216,44,0
101,217,43,0
101,218,42,0
101,219,41,0
101,220,40,0
101,221,39,0
101,222,38,0
101,223,37,0
101,224,36,0
101,225,35,0
101,226,34,0
101,227,33,0
101,228,32,0
101,229,31,0
101,230,30,0
101,231,29,0
101,232,28,0
101,233,27,0
101,234,26,0
101,235,25,0
101,236,24,0
101,237,23,0
101,238,22,0
101,239,21,0
101,240,20,0
101,241,19,0
101,242,18,0
101,243,17,0
101,244,16,0
101,245,15,0
101,246,14,0
101,247,13,0
101,248,12,0
101,249,11,0
101,250,10,0
101,251,9,0
101,252,8,0
101,253,7,0
101,254,6,0
101,255,5,0
101,256,4,0
101,257,3,0
101,258,2,0
101,259,1,0
101,260,0,0
102,31,163,0
102,32,162,0
102,33,161,0
102,34,160,0
102,35,159,0
102,36,158,0
102,37,157,0
102,38,156,0
102,39,155,0
102,40,154,0
102,41,153,0
102,42,152,0
102,43,151,0
102,44,150,0
102,45,149,0
102,46,148,0
102,47,147,0
102,48,146,0
102,49,145,0
102,50,144,0
102,51,143,0
102,52,142,0
102,53,141,0
102,54,140,0
102,55,139,0
102,56,138,0
102,57,137,0
102,58,136,0
102,59,135,0
102,60,134,0
102,61,133,0
102,62,132,0
102,63,131,0
102,64,130,0
102,65,129,0
102,66,128,0
102,67,127,0
102,68,126,0
102,69,125,0
102,70,124,0
102,71,123,0
102,72,122,0
102,73,121,0
102,74,120,0
102,75,119,0
102,76,118,0
102,77,117,0
102,78,116,0
102,79,115,0
102,80,114,0
102,81,113,0
102,82,112,0
102,83,111,0
102,84,110,0
102,85,109,0
102,86,108,0
102,87,107,0
102,88,106,0
102,89,105,0
102,90,104,0
102,91,103,0
102,92,102,0
102,93,101,0
102,94,100,0
102,95,99,0
102,96,98,0
102,97,97,0
102,98,96,0
102,99,95,0
102,100,94,0
102,101,93,0
102,102,92,0
102,103,91,0
102,104,90,0
102,105,89,0
102,106,88,0
102,107,87,0
102,108,86,0
102,109,85,0
102,110,84,0
102,111,83,0
102,112,82,0
102,113,81,0
102,114,80,0
102,115,79,0
102,116,78,0
102,117,77,0
102,118,76,0
102,119,75,0
102,120,74,0
102,121,73,0
102,122,72,0
102,123,71,0
102,124,70,0
102,125,69,0
102,126,68,0
102,127,67,0
102,128,66,0
102,129,65,0
102,130,64,0
102,131,63,0
102,132,62,0
102,133,61,0
102,134,60,0
102,135,59,0
102,136,58,0
102,137,57,0
102,138,56,0
102,139,55,0
102,140,54,0
102,141,53,0
102,142,52,0
102,143,51,0
102,144,50,0
102,145,49,0
102,146,48,0
102,147,47,0
102,148,46,0
102,149,45,0
102,150,44,0
102,151,43,0
102,152,42,0
102,153,41,0
102,154,40,0
102,155,39,0
102,156,38,0
102,157,37,0
102,158,36,0
102,159,35,0
102,160,34,0
102,161,33,0
102,162,32,0
102,163,31,0
102,164,30,0
102,165,29,0
102,166,28,0
102,167,27,0
102,168,26,0
102,169,25,0
102,170,24,0
102,171,23,0
102,172,22,0
102,173,21,0
102,174,20,0
102,175,19,0
102,176,18,0
102,177,17,0
102,178,16,0
102,179,15,0
102,180,14,0
102,181,13,0
102,182,12,0
102,183,11,0
102,184,10,0
102,185,9,0
102,186,8,0
102,187,7,0
102,188,6,0
102,189,5,0
102,190,4,0
102,191,3,0
102,192,2,0
102,193,1,0
102,194,0,0
103,31,193,0
103,32,192,0
103,33,191,0
103,34,190,0
103,35,189,0
103,36,188,0
103,37,187,0
103,38,186,0
103,39,185,0
103,40,184,0
103,41,183,0
103,42,182,0
103,43,181,0
103,44,180,0
103,45,179,0
103,46,178,0
103,47,177,0
103,48,176,0
103,49,175,0
103,50,174,0
103,51,173,0
103,52,172,0
103,53,171,0
103,54,170,0
103,55,169,0
103,56,168,0
103,57,167,0
103,58,166,0
103,59,165,0
103,60,164,0
103,61,163,0
103,62,162,0
103,63,161,0
103,64,160,0
103,65,159,0
103,66,158,0
103,67,157,0
103,68,156,0
103,69,155,0
103,70,154,0
103,71,153,0
103,72,152,0
103,73,151,0
103,74,150,0
103,75,149,0
103,76,148,0
103,77,147,0
103,78,146,0
103,79,145,0
103,80,144,0
103,81,143,0
103,82,142,0
103,83,141,0
103,84,140,0
103,85,139,0
103,86,138,0
103,87,137,0
103,88,136,0
103,89,135,0
103,90,134,0
103,91,133,0
103,92,132,0
103,93,131,0
103,94,130,0
103,95,129,0
103,96,128,0
103,97,127,0
103,98,126,0
103,99,125,0
103,100,124,0
103,101,123,0
103,102,122,0
103,103,121,0
103,104,120,0
103,105,119,0
103,106,118,0
103,107,117,0
103,108,116,0
103,109,115,0
103,110,114,0
103,111,113,0
103,112,112,0
103,113,111,0
103,114,110,0
103,115,109,0
103,116,108,0
103,117,107,0
103,118,106,0
103,119,105,0
103,120,104,0
103,121,103,0
103,122,102,0
103,123,101,0
103,124,100,0
103,125,99,0
103,126,98,0
103,127,97,0
103,128,96,0
103,129,95,0
103,130,94,0
103,131,93,0
103,132,92,0
103,133,91,0
103,134,90,0
103,135,89,0
103,136,88,0
103,137,87,0
103,138,86,0
103,139,85,0
103,140,84,0
103,141,83,0
103,142,82,0
103,143,81,0
103,144,80,0
103,145,79,0
103,146,78,0
103,147,77,0
103,148,76,0
103,149,75,0
103,150,74,0
103,151,73,0
103,152,72,0
103,153,71,0
103,154,70,0
103,155,69,0
103,156,68,0
103,157,67,0
103,158,66,0
103,159,65,0
103,160,64,0
103,161,63,0
103,162,62,0
103,163,61,0
103,164,60,0
103,165,59,0
103,166,58,0
103,167,57,0
103,168,56,0
103,169,55,0
103,170,54,0
103,171,53,0
103,172,52,0
103,173,51,0
103,174,50,0
103,175,49,0
103,176,48,0
103,177,47,0
103,178,46,0
103,179,45,0
103,180,44,0
103,181,43,0
103,182,42,0
103,183,41,0
103,184,40,0
103,185,39,0
103,186,38,0
103,187,37,0
103,188,36,0
103,189,35,0
103,190,34,0
103,191,33,0
103,192,32,0
103,193,31,0
103,194,30,0
103,195,29,0
103,196,28,0
103,197,27,0
103,198,26,0
103,199,25,0
103,200,24,0
103,201,23,0
103,202,22,0
103,203,21,0
103,204,20,0
103,205,19,0
103,206,18,0
103,207,17,0
103,208,16,0
103,209,15,0
103,210,14,0
103,211,13,0
103,212,12,0
103,213,11,0
103,214,10,0
103,215,9,0
103,216,8,0
103,217,7,0
103,218,6,0
103,219,5,0
103,220,4,0
103,221,3,0
103,222,2,0
103,223,1,0
103,224,0,0
104,31,172,0
104,32,171,0
104,33,170,0
104,34,169,0
104,35,168,0
104,36,167,0
104,37,166,0
104,38,165,0
104,39,164,0
104,40,163,0
104,41,162,0
104,42,161,0
104,43,160,0
104,44,159,0
104,45,158,0
104,46,157,0
104,47,156,0
104,48,155,0
104,49,154,0
104,50,153,0
104,51,152,0
104,52,151,0
104,53,150,0
104,54,149,0
104,55,148,0
104,56,147,0
104,57,146,0
104,58,145,0
104,59,144,0
104,60,143,0
104,61,142,0
104,62,141,0
104,63,140,0
104,64,139,0
104,65,138,0
104,66,137,0
104,67,136,0
104,68,135,0
104,69,134,0
104,70,133,0
104,71,132,0
104,72,131,0
104,73,130,0
104,74,129,0
104,75,128,0
104,76,127,0
104,77,126,0
104,78,125,0
104,79,124,0
104,80,123,0
104,81,122,0
104,82,121,0
104,83,120,0
104,84,119,0
104,85,118,0
104,86,117,0
104,87,116,0
104,88,115,0
104,89,114,0
104,90,113,0
104,91,112,0
104,92,111,0
104,93,110,0
104,94,109,0
104,95,108,0
104,96,107,0
104,97,106,0
104,98,105,0
104,99,104,0
104,100,103,0
104,101,102,0
104,102,101,0
104,103,100,0
104,104,99,0
104,105,98,0
104,106,97,0
104,107,96,0
104,108,95,0
104,109,94,0
104,110,93,0
104,111,92,0
104,112,91,0
104,113,90,0
104,114,89,0
104,115,88,0
104,116,87,0
104,117,86,0
104,118,85,0
104,119,84,0
104,120,83,0
104,121,82,0
104,122,81,0
104,123,80,0
104,124,79,0
104,125,78,0
104,126,77,0
104,127,76,0
104,128,75,0
104,129,74,0
104,130,73,0
104,131,72,0
104,132,71,0
104,133,70,0
104,134,69,0
104,135,68,0
104,136,67,0
104,137,66,0
104,138,65,0
104,139,64,0
104,140,63,0
104,141,62,0
104,142,61,0
104,143,60,0
104,144,59,0
104,145,58,0
104,146,57,0
104,147,56,0
104,148,55,0
104,149,54,0
104,150,53,0
104,151,52,0
104,152,51,0
104,153,50,0
104,154,49,0
104,155,48,0
104,156,47,0
104,157,46,0
104,158,45,0
104,159,44,0
104,160,43,0
104,161,42,0
104,162,41,0
104,163,40,0
104,164,39,0
104,165,38,0
104,166,37,0
104,167,36,0
104,168,35,0
104,169,34,0
104,170,33,0
104,171,32,0
104,172,31,0
104,173,30,0
104,174,29,0
104,175,28,0
104,176,27,0
104,177,26,0
104,178,25,0
104,179,24,0
104,180,23,0
104,181,22,0
104,182,21,0
104,183,20,0
104,184,19,0
104,185,18,0
104,186,17,0
104,187,16,0
104,188,15,0
104,189,14,0
104,190,13,0
104,191,12,0
104,192,11,0
104,193,10,0
104,194,9,0
104,195,8,0
104,196,7,0
104,197,6,0
104,198,5,0
104,199,4,0
104,200,3,0
104,201,2,0
104,202,1,0
104,203,0,0
105,31,139,0
105,32,138,0
105,33,137,0
105,34,136,0
105,35,135,0
105,36,134,0
105,37,133,0
105,38,132,0
105,39,131,0
105,40,130,0
105,41,129,0
105,42,128,0
105,43,127,0
105,44,126,0
105,45,125,0
105,46,124,0
105,47,123,0
105,48,122,0
105,49,121,0
105,50,120,0
105,51,119,0
105,52,118,0
105,53,117,0
105,54,116,0
105,55,115,0
105,56,114,0
105,57,113,0
105,58,112,0
105,59,111,0
105,60,110,0
105,61,109,0
105,62,108,0
105,63,107,0
105,64,106,0
105,65,105,0
105,66,104,0
105,67,103,0
105,68,102,0
105,69,101,0
105,70,100,0
105,71,99,0
105,72,98,0
105,73,97,0
105,74,96,0
105,75,95,0
105,76,94,0
105,77,93,0
105,78,92,0
105,79,91,0
105,80,90,0
105,81,89,0
105,82,88,0
105,83,87,0
105,84,86,0
105,85,85,0
105,86,84,0
105,87,83,0
105,88,82,0
105,89,81,0
105,90,80,0
105,91,79,0
105,92,78,0
105,93,77,0
105,94,76,0
105,95,75,0
105,96,74,0
105,97,73,0
105,98,72,0
105,99,71,0
105,100,70,0
105,101,69,0
105,102,68,0
105,103,67,0
105,104,66,0
105,105,65,0
105,106,64,0
105,107,63,0
105,108,62,0
105,109,61,0
105,110,60,0
105,111,59,0
105,112,58,0
105,113,57,0
105,114,56,0
105,115,55,0
105,116,54,0
105,117,53,0
105,118,52,0
105,119,51,0
105,120,50,0
105,121,49,0
105,122,48,0
105,123,47,0
105,124,46,0
105,125,45,0
105,126,44,0
105,127,43,0
105,128,42,0
105,129,41,0
105,130,40,0
105,131,39,0
105,132,38,0
105,133,37,0
105,134,36,0
105,135,35,0
105,136,34,0
105,137,33,0
105,138,32,0
105,139,31,0
105,140,30,0
105,141,29,0
105,142,28,0
105,143,27,0
105,144,26,0
105,145,25,0
105,146,24,0
105,147,23,0
105,148,22,0
105,149,21,0
105,150,20,0
105,151,19,0
105,152,18,0
105,153,17,0
105,154,16,0
105,155,15,0
105,156,14,0
105,157,13,0
105,158,12,0
105,159,11,0
105,160,10,0
105,161,9,0
105,162,8,0
105,163,7,0
105,164,6,0
105,165,5,0
105,166,4,0
105,167,3,0
105,168,2,0
105,169,1,-1
105,170,0,-1
106,31,235,0
106,32,234,0
106,33,233,0
106,34,232,0
106,35,231,0
106,36,230,0
106,37,229,0
106,38,228,0
106,39,227,0
106,40,226,0
106,41,225,0
106,42,224,0
106,43,223,0
106,44,222,0
106,45,221,0
106,46,220,0
106,47,219,0
106,48,218,0
106,49,217,0
106,50,216,0
106,51,215,0
106,52,214,0
106,53,213,0
106,54,212,0
106,55,211,0
106,56,210,0
106,57,209,0
106,58,208,0
106,59,207,0
106,60,206,0
106,61,205,0
106,62,204,0
106,63,203,0
106,64,202,0
106,65,201,0
106,66,200,0
106,67,199,0
106,68,198,0
106,69,197,0
106,70,196,0
106,71,195,0
106,72,194,0
106,73,193,0
106,74,192,0
106,75,191,0
106,76,190,0
106,77,189,0
106,78,188,0
106,79,187,0
106,80,186,0
106,81,185,0
106,82,184,0
106,83,183,0
106,84,182,0
106,85,181,0
106,86,180,0
106,87,179,0
106,88,178,0
106,89,177,0
106,90,176,0
106,91,175,0
106,92,174,0
106,93,173,0
106,94,172,0
106,95,171,0
106,96,170,0
106,97,169,0
106,98,168,0
106,99,167,0
106,100,166,0
106,101,165,0
106,102,164,0
106,103,163,0
106,104,162,0
106,105,161,0
106,106,160,0
106,107,159,0
106,108,158,0
106,109,157,0
106,110,156,0
106,111,155,0
106,112,154,0
106,113,153,0
106,114,152,0
106,115,151,0
106,116,150,0
106,117,149,0
106,118,148,0
106,119,147,0
106,120,146,0
106,121,145,0
106,122,144,0
106,123,143,0
106,124,142,0
106,125,141,0
106,126,140,0
106,127,139,0
106,128,138,0
106,129,137,0
106,130,136,0
106,131,135,0
106,132,134,0
106,133,133,0
106,134,132,0
106,135,131,0
106,136,130,0
106,137,129,0
106,138,128,0
106,139,127,0
106,140,126,0
106,141,125,0
106,142,124,0
106,143,123,0
106,144,122,0
106,145,121,0
106,146,120,0
106,147,119,0
106,148,118,0
106,149,117,0
106,150,116,0
106,151,115,0
106,152,114,0
106,153,113,0
106,154,112,0
106,155,111,0
106,156,110,0
106,157,109,0
106,158,108,0
106,159,107,0
106,160,106,0
106,161,105,0
106,162,104,0
106,163,103,0
106,164,102,0
106,165,101,0
106,166,100,0
106,167,99,0
106,168,98,0
106,169,97,0
106,170,96,0
106,171,95,0
106,172,94,0
106,173,93,0
106,174,92,0
106,175,91,0
106,176,90,0
106,177,89,0
106,178,88,0
106,179,87,0
106,180,86,0
106,181,85,0
106,182,84,0
106,183,83,0
106,184,82,0
106,185,81,0
106,186,80,0
106,187,79,0
106,188,78,0
106,189,77,0
106,190,76,0
106,191,75,0
106,192,74,0
106,193,73,0
106,194,72,0
106,195,71,0
106,196,70,0
106,197,69,0
106,198,68,0
106,199,67,0
106,200,66,0
106,201,65,0
106,202,64,0
106,203,63,0
106,204,62,0
106,205,61,0
106,206,60,0
106,207,59,0
106,208,58,0
106,209,57,0
106,210,56,0
106,211,55,0
106,212,54,0
106,213,53,0
106,214,52,0
106,215,51,0
106,216,50,0
106,217,49,0
106,218,48,0
106,219,47,0
106,220,46,0
106,221,45,0
106,222,44,0
106,223,43,0
106,224,42,0
106,225,41,0
106,226,40,0
106,227,39,0
106,228,38,0
106,229,37,0
106,230,36,0
106,231,35,0
106,232,34,0
106,233,33,0
106,234,32,0
106,235,31,0
106,236,30,0
106,237,29,0
106,238,28,0
106,239,27,0
106,240,26,0
106,241,25,0
106,242,24,0
106,243,23,0
106,244,22,0
106,245,21,0
106,246,20,0
106,247,19,0
106,248,18,0
106,249,17,0
106,250,16,0
106,251,15,0
106,252,14,0
106,253,13,0
106,254,12,0
106,255,11,0
106,256,10,0
106,257,9,0
106,258,8,0
106,259,7,0
106,260,6,0
106,261,5,0
106,262,4,0
106,263,3,0
106,264,2,0
106,265,1,0
106,266,0,0
107,31,152,0
107,32,151,0
107,33,150,0
107,34,149,0
107,35,148,0
107,36,147,0
107,37,146,0
107,38,145,0
107,39,144,0
107,40,143,0
107,41,142,0
107,42,141,0
107,43,140,0
107,44,139,0
107,45,138,0
107,46,137,0
107,47,136,0
107,48,135,0
107,49,134,0
107,50,133,0
107,51,132,0
107,52,131,0
107,53,130,0
107,54,129,0
107,55,128,0
107,56,127,0
107,57,126,0
107,58,125,0
107,59,124,0
107,60,123,0
107,61,122,0
107,62,121,0
107,63,120,0
107,64,119,0
107,65,118,0
107,66,117,0
107,67,116,0
107,68,115,0
107,69,114,0
107,70,113,0
107,71,112,0
107,72,111,0
107,73,110,0
107,74,109,0
107,75,108,0
107,76,107,0
107,77,106,0
107,78,105,0
107,79,104,0
107,80,103,0
107,81,102,0
107,82,101,0
107,83,100,0
107,84,99,0
107,85,98,0
107,86,97,0
107,87,96,0
107,88,95,0
107,89,94,0
107,90,93,0
107,91,92,0
107,92,91,0
107,93,90,0
107,94,89,0
107,95,88,0
107,96,87,0
107,97,86,0
107,98,85,0
107,99,84,0
107,100,83,0
107,101,82,0
107,102,81,0
107,103,80,0
107,104,79,0
107,105,78,0
107,106,77,0
107,107,76,0
107,108,75,0
107,109,74,0
107,110,73,0
107,111,72,0
107,112,71,0
107,113,70,0
107,114,69,0
107,115,68,0
107,116,67,0
107,117,66,0
107,118,65,0
107,119,64,0
107,120,63,0
107,121,62,0
107,122,61,0
107,123,60,0
107,124,59,0
107,125,58,0
107,126,57,0
107,127,56,0
107,128,55,0
107,129,54,0
107,130,53,0
107,131,52,0
107,132,51,0
107,133,50,0
107,134,49,0
107,135,48,0
107,136,47,0
107,137,46,0
107,138,45,0
107,139,44,0
107,140,43,0
107,141,42,0
107,142,41,0
107,143,40,0
107,144,39,0
107,145,38,0
107,146,37,0
107,147,36,0
107,148,35,0
107,149,34,0
107,150,33,0
107,151,32,0
107,152,31,0
107,153,30,0
107,154,29,0
107,155,28,0
107,156,27,0
107,157,26,0
107,158,25,0
107,159,24,0
107,160,23,0
107,161,22,0
107,162,21,0
107,163,20,0
107,164,19,0
107,165,18,0
107,166,17,0
107,167,16,0
107,168,15,0
107,169,14,0
107,170,13,0
107,171,12,0
107,172,11,0
107,173,10,0
107,174,9,0
107,175,8,0
107,176,7,0
107,177,6,0
107,178,5,0
107,179,4,0
107,180,3,0
107,181,2,0
107,182,1,0
107,183,0,0
108,31,273,0
108,32,272,0
108,33,271,0
108,34,270,0
108,35,269,0
108,36,268,0
108,37,267,0
108,38,266,0
108,39,265,0
108,40,264,0
108,41,263,0
108,42,262,0
108,43,261,0
108,44,260,0
108,45,259,0
108,46,258,0
108,47,257,0
108,48,256,0
108,49,255,0
108,50,254,0
108,51,253,0
108,52,252,0
108,53,251,0
108,54,250,0
108,55,249,0
108,56,248,0
108,57,247,0
108,58,246,0
108,59,245,0
108,60,244,0
108,61,243,0
108,62,242,0
108,63,241,0
108,64,240,0
108,65,239,0
108,66,238,0
108,67,237,0
108,68,236,0
108,69,235,0
108,70,234,0
108,71,233,0
108,72,232,0
108,73,231,0
108,74,230,0
108,75,229,0
108,76,228,0
108,77,227,0
108,78,226,0
108,79,225,0
108,80,224,0
108,81,223,0
108,82,222,0
108,83,221,0
108,84,220,0
108,85,219,0
108,86,218,0
108,87,217,0
108,88,216,0
108,89,215,0
108,90,214,0
108,91,213,0
108,92,212,0
108,93,211,0
108,94,210,0
108,95,209,0
108,96,208,0
108,97,207,0
108,98,206,0
108,99,205,0
108,100,204,0
108,101,203,0
108,102,202,0
108,103,201,0
108,104,200,0
108,105,199,0
108,106,198,0
108,107,197,0
108,108,196,0
108,109,195,0
108,110,194,0
108,111,193,0
108,112,192,0
108,113,191,0
108,114,190,0
108,115,189,0
108,116,188,0
108,117,187,0
108,118,186,0
108,119,185,0
108,120,184,0
108,121,183,0
108,122,182,0
108,123,181,0
108,124,180,0
108,125,179,0
108,126,178,0
108,127,177,0
108,128,176,0
108,129,175,0
108,130,174,0
108,131,173,0
108,132,172,0
108,133,171,0
108,134,170,0
108,135,169,0
108,136,168,0
108,137,167,0
108,138,166,0
108,139,165,0
108,140,164,0
108,141,163,0
108,142,162,0
108,143,161,0
108,144,160,0
108,145,159,0
108,146,158,0
108,147,157,0
108,148,156,0
108,149,155,0
108,150,154,0
108,151,153,0
108,152,152,0
108,153,151,0
108,154,150,0
108,155,149,0
108,156,148,0
108,157,147,0
108,158,146,0
108,159,145,0
108,160,144,0
108,161,143,0
108,162,142,0
108,163,141,0
108,164,140,0
108,165,139,0
108,166,138,0
108,167,137,0
108,168,136,0
108,169,135,0
108,170,134,0
108,171,133,0
108,172,132,0
108,173,131,0
108,174,130,0
108,175,129,0
108,176,128,0
108,177,127,0
108,178,126,0
108,179,125,0
108,180,124,0
108,181,123,0
108,182,122,0
108,183,121,0
108,184,120,0
108,185,119,0
108,186,118,0
108,187,117,0
108,188,116,0
108,189,115,0
108,190,114,0
108,191,113,0
108,192,112,0
108,193,111,0
108,194,110,0
108,195,109,0
108,196,108,0
108,197,107,0
108,198,106,0
108,199,105,0
108,200,104,0
108,201,103,0
108,202,102,0
108,203,101,0
108,204,100,0
108,205,99,0
108,206,98,0
108,207,97,0
108,208,96,0
108,209,95,0
108,210,94,0
108,211,93,0
108,212,92,0
108,213,91,0
108,214,90,0
108,215,89,0
108,216,88,0
108,217,87,0
108,218,86,0
108,219,85,0
108,220,84,0
108,221,83,0
108,222,82,0
108,223,81,0
108,224,80,0
108,225,79,0
108,226,78,0
108,227,77,0
108,228,76,0
108,229,75,0
108,230,74,0
108,231,73,0
108,232,72,0
108,233,71,0
108,234,70,0
108,235,69,0
108,236,68,0
108,237,67,0
108,238,66,0
108,239,65,0
108,240,64,0
108,241,63,0
108,242,62,0
108,243,61,0
108,244,60,0
108,245,59,0
108,246,58,0
108,247,57,0
108,248,56,0
108,249,55,0
108,250,54,0
108,251,53,0
108,252,52,0
108,253,51,0
108,254,50,0
108,255,49,0
108,256,48,0
108,257,47,0
108,258,46,0
108,259,45,0
108,260,44,0
108,261,43,0
108,262,42,0
108,263,41,0
108,264,40,0
108,265,39,0
108,266,38,0
108,267,37,0
108,268,36,0
108,269,35,0
108,270,34,0
108,271,33,0
108,272,32,0
108,273,31,0
108,274,30,0
108,275,29,0
108,276,28,0
108,277,27,0
108,278,26,0
108,279,25,0
108,280,24,0
108,281,23,0
108,282,22,0
108,283,21,0
108,284,20,0
108,285,19,0
108,286,18,0
108,287,17,0
108,288,16,0
108,289,15,0
108,290,14,0
108,291,13,0
108,292,12,0
108,293,11,0
108,294,10,0
108,295,9,0
108,296,8,0
108,297,7,0
108,298,6,0
108,299,5,0
108,300,4,0
108,301,3,0
108,302,2,0
108,303,1,0
108,304,0,0
109,31,294,0
109,32,293,0
109,33,292,0
109,34,291,0
109,35,290,0
109,36,289,0
109,37,288,0
109,38,287,0
109,39,286,0
109,40,285,0
109,41,284,0
109,42,283,0
109,43,282,0
109,44,281,0
109,45,280,0
109,46,279,0
109,47,278,0
109,48,277,0
109,49,276,0
109,50,275,0
109,51,274,0
109,52,273,0
109,53,272,0
109,54,271,0
109,55,270,0
109,56,269,0
109,57,268,0
109,58,267,0
109,59,266,0
109,60,265,0
109,61,264,0
109,62,263,0
109,63,262,0
109,64,261,0
109,65,260,0
109,66,259,0
109,67,258,0
109,68,257,0
109,69,256,0
109,70,255,0
109,71,254,0
109,72,253,0
109,73,252,0
109,74,251,0
109,75,250,0
109,76,249,0
109,77,248,0
109,78,247,0
109,79,246,0
109,80,245,0
109,81,244,0
109,82,243,0
109,83,242,0
109,84,241,0
109,85,240,0
109,86,239,0
109,87,238,0
109,88,237,0
109,89,236,0
109,90,235,0
109,91,234,0
109,92,233,0
109,93,232,0
109,94,231,0
109,95,230,0
109,96,229,0
109,97,228,0
109,98,227,0
109,99,226,0
109,100,225,0
109,101,224,0
109,102,223,0
109,103,222,0
109,104,221,0
109,105,220,0
109,106,219,0
109,107,218,0
109,108,217,0
109,109,216,0
109,110,215,0
109,111,214,0
109,112,213,0
109,113,212,0
109,114,211,0
109,115,210,0
109,116,209,0
109,117,208,0
109,118,207,0
109,119,206,0
109,120,205,0
109,121,204,0
109,122,203,0
109,123,202,0
109,124,201,0
109,125,200,0
109,126,199,0
109,127,198,0
109,128,197,0
109,129,196,0
109,130,195,0
109,131,194,0
109,132,193,0
109,133,192,0
109,134,191,0
109,135,190,0
109,136,189,0
109,137,188,0
109,138,187,0
109,139,186,0
109,140,185,0
109,141,184,0
109,142,183,0
109,143,182,0
109,144,181,0
109,145,180,0
109,146,179,0
109,147,178,0
109,148,177,0
109,149,176,0
109,150,175,0
109,151,174,0
109,152,173,0
109,153,172,0
109,154,171,0
109,155,170,0
109,156,169,0
109,157,168,0
109,158,167,0
109,159,166,0
109,160,165,0
109,161,164,0
109,162,163,0
109,163,162,0
109,164,161,0
109,165,160,0
109,166,159,0
109,167,158,0
109,168,157,0
109,169,156,0
109,170,155,0
109,171,154,0
109,172,153,0
109,173,152,0
109,174,151,0
109,175,150,0
109,176,149,0
109,177,148,0
109,178,147,0
109,179,146,0
109,180,145,0
109,181,144,0
109,182,143,0
109,183,142,0
109,184,141,0
109,185,140,0
109,186,139,0
109,187,138,0
109,188,137,0
109,189,136,0
109,190,135,0
109,191,134,0
109,192,133,0
109,193,132,0
109,194,131,0
109,195,130,0
109,196,129,0
109,197,128,0
109,198,127,0
109,199,126,0
109,200,125,0
109,201,124,0
109,202,123,0
109,203,122,0
109,204,121,0
109,205,120,0
109,206,119,0
109,207,118,0
109,208,117,0
109,209,116,0
109,210,115,0
109,211,114,0
109,212,113,0
109,213,112,0
109,214,111,0
109,215,110,0
109,216,109,0
109,217,108,0
109,218,107,0
109,219,106,0
109,220,105,0
109,221,104,0
109,222,103,0
109,223,102,0
109,224,101,0
109,225,100,0
109,226,99,0
109,227,98,0
109,228,97,0
109,229,96,0
109,230,95,0
109,231,94,0
109,232,93,0
109,233,92,0
109,234,91,0
109,235,90,0
109,236,89,0
109,237,88,0
109,238,87,0
109,239,86,0
109,240,85,0
109,241,84,0
109,242,83,0
109,243,82,0
109,244,81,0
109,245,80,0
109,246,79,0
109,247,78,0
109,248,77,0
109,249,76,0
109,250,75,0
109,251,74,0
109,252,73,0
109,253,72,0
109,254,71,0
109,255,70,0
109,256,69,0
109,257,68,0
109,258,67,0
109,259,66,0
109,260,65,0
109,261,64,0
109,262,63,0
109,263,62,0
109,264,61,0
109,265,60,0
109,266,59,0
109,267,58,0
109,268,57,0
109,269,56,0
109,270,55,0
109,271,54,0
109,272,53,0
109,273,52,0
109,274,51,0
109,275,50,0
109,276,49,0
109,277,48,0
109,278,47,0
109,279,46,0
109,280,45,0
109,281,44,0
109,282,43,0
109,283,42,0
109,284,41,0
109,285,40,0
109,286,39,0
109,287,38,0
109,288,37,0
109,289,36,0
109,290,35,0
109,291,34,0
109,292,33,0
109,293,32,0
109,294,31,0
109,295,30,0
109,296,29,0
109,297,28,0
109,298,27,0
109,299,26,0
109,300,25,0
109,301,24,0
109,302,23,0
109,303,22,0
109,304,21,0
109,305,20,0
109,306,19,0
109,307,18,0
109,308,17,0
109,309,16,0
109,310,15,0
109,311,14,0
109,312,13,0
109,313,12,0
109,314,11,0
109,315,10,0
109,316,9,0
109,317,8,0
109,318,7,0
109,319,6,0
109,320,5,0
109,321,4,0
109,322,3,0
109,323,2,0
109,324,1,0
109,325,0,0
110,31,155,0
110,32,154,0
110,33,153,0
110,34,152,0
110,35,151,0
110,36,150,0
110,37,149,0
110,38,148,0
110,39,147,0
110,40,146,0
110,41,145,0
110,42,144,0
110,43,143,0
110,44,142,0
110,45,141,0
110,46,140,0
110,47,139,0
110,48,138,0
110,49,137,0
110,50,136,0
110,51,135,0
110,52,134,0
110,53,133,0
110,54,132,0
110,55,131,0
110,56,130,0
110,57,129,0
110,58,128,0
110,59,127,0
110,60,126,0
110,61,125,0
110,62,124,0
110,63,123,0
110,64,122,0
110,65,121,0
110,66,120,0
110,67,119,0
110,68,118,0
110,69,117,0
110,70,116,0
110,71,115,0
110,72,114,0
110,73,113,0
110,74,112,0
110,75,111,0
110,76,110,0
110,77,109,0
110,78,108,0
110,79,107,0
110,80,106,0
110,81,105,0
110,82,104,0
110,83,103,0
110,84,102,0
110,85,101,0
110,86,100,0
110,87,99,0
110,88,98,0
110,89,97,0
110,90,96,0
110,91,95,0
110,92,94,0
110,93,93,0
110,94,92,0
110,95,91,0
110,96,90,0
110,97,89,0
110,98,88,0
110,99,87,0
110,100,86,0
110,101,85,0
110,102,84,0
110,103,83,0
110,104,82,0
110,105,81,0
110,106,80,0
110,107,79,0
110,108,78,0
110,109,77,0
110,110,76,0
110,111,75,0
110,112,74,0
110,113,73,0
110,114,72,0
110,115,71,0
110,116,70,0
110,117,69,0
110,118,68,0
110,119,67,0
110,120,66,0
110,121,65,0
110,122,64,0
110,123,63,0
110,124,62,0
110,125,61,0
110,126,60,0
110,127,59,0
110,128,58,0
110,129,57,0
110,130,56,0
110,131,55,0
110,132,54,0
110,133,53,0
110,134,52,0
110,135,51,0
110,136,50,0
110,137,49,0
110,138,48,0
110,139,47,0
110,140,46,0
110,141,45,0
110,142,44,0
110,143,43,0
110,144,42,0
110,145,41,0
110,146,40,0
110,147,39,0
110,148,38,0
110,149,37,0
110,150,36,0
110,151,35,0
110,152,34,0
110,153,33,0
110,154,32,0
110,155,31,0
110,156,30,0
110,157,29,0
110,158,28,0
110,159,27,0
110,160,26,0
110,161,25,0
110,162,24,0
110,163,23,0
110,164,22,0
110,165,21,0
110,166,20,0
110,167,19,0
110,168,18,0
110,169,17,0
110,170,16,0
110,171,15,0
110,172,14,0
110,173,13,0
110,174,12,0
110,175,11,0
110,176,10,0
110,177,9,0
110,178,8,0
110,179,7,0
110,180,6,0
110,181,5,0
110,182,4,0
110,183,3,0
110,184,2,0
110,185,1,0
110,186,0,0
111,31,266,0
111,32,265,0
111,33,264,0
111,34,263,0
111,35,262,0
111,36,261,0
111,37,260,0
111,38,259,0
111,39,258,0
111,40,257,0
111,41,256,0
111,42,255,0
111,43,254,0
111,44,253,0
111,45,252,0
111,46,251,0
111,47,250,0
111,48,249,0
111,49,248,0
111,50,247,0
111,51,246,0
111,52,245,0
111,53,244,0
111,54,243,0
111,55,242,0
111,56,241,0
111,57,240,0
111,58,239,0
111,59,238,0
111,60,237,0
111,61,236,0
111,62,235,0
111,63,234,0
111,64,233,0
111,65,232,0
111,66,231,0
111,67,230,0
111,68,229,0
111,69,228,0
111,70,227,0
111,71,226,0
111,72,225,0
111,73,224,0
111,74,223,0
111,75,222,0
111,76,221,0
111,77,220,0
111,78,219,0
111,79,218,0
111,80,217,0
111,81,216,0
111,82,215,0
111,83,214,0
111,84,213,0
111,85,212,0
111,86,211,0
111,87,210,0
111,88,209,0
111,89,208,0
111,90,207,0
111,91,206,0
111,92,205,0
111,93,204,0
111,94,203,0
111,95,202,0
111,96,201,0
111,97,200,0
111,98,199,0
111,99,198,0
111,100,197,0
111,101,196,0
111,102,195,0
111,103,194,0
111,104,193,0
111,105,192,0
111,106,191,0
111,107,190,0
111,108,189,0
111,109,188,0
111,110,187,0
111,111,186,0
111,112,185,0
111,113,184,0
111,114,183,0
111,115,182,0
111,116,181,0
111,117,180,0
111,118,179,0
111,119,178,0
111,120,177,0
111,121,176,0
111,122,175,0
111,123,174,0
111,124,173,0
111,125,172,0
111,126,171,0
111,127,170,0
111,128,169,0
111,129,168,0
111,130,167,0
111,131,166,0
111,132,165,0
111,133,164,0
111,134,163,0
111,135,162,0
111,136,161,0
111,137,160,0
111,138,159,0
111,139,158,0
111,140,157,0
111,141,156,0
111,142,155,0
111,143,154,0
111,144,153,0
111,145,152,0
111,146,151,0
111,147,150,0
111,148,149,0
111,149,148,0
111,150,147,0
111,151,146,0
111,152,145,0
111,153,144,0
111,154,143,0
111,155,142,0
111,156,141,0
111,157,140,0
111,158,139,0
111,159,138,0
111,160,137,0
111,161,136,0
111,162,135,0
111,163,134,0
111,164,133,0
111,165,132,0
111,166,131,0
111,167,130,0
111,168,129,0
111,169,128,0
111,170,127,0
111,171,126,0
111,172,125,0
111,173,124,0
111,174,123,0
111,175,122,0
111,176,121,0
111,177,120,0
111,178,119,0
111,179,118,0
111,180,117,0
111,181,116,0
111,182,115,0
111,183,114,0
111,184,113,0
111,185,112,0
111,186,111,0
111,187,110,0
111,188,109,0
111,189,108,0
111,190,107,0
111,191,106,0
111,192,105,0
111,193,104,0
111,194,103,0
111,195,102,0
111,196,101,0
111,197,100,0
111,198,99,0
111,199,98,0
111,200,97,0
111,201,96,0
111,202,95,0
111,203,94,0
111,204,93,0
111,205,92,0
111,206,91,0
111,207,90,0
111,208,89,0
111,209,88,0
111,210,87,0
111,211,86,0
111,212,85,0
111,213,84,0
111,214,83,0
111,215,82,0
111,216,81,0
111,217,80,0
111,218,79,0
111,219,78,0
111,220,77,0
111,221,76,0
111,222,75,0
111,223,74,0
111,224,73,0
111,225,72,0
111,226,71,0
111,227,70,0
111,228,69,0
111,229,68,0
111,230,67,0
111,231,66,0
111,232,65,0
111,233,64,0
111,234,63,0
111,235,62,0
111,236,61,0
111,237,60,0
111,238,59,0
111,239,58,0
111,240,57,0
111,241,56,0
111,242,55,0
111,243,54,0
111,244,53,0
111,245,52,0
111,246,51,0
111,247,50,0
111,248,49,0
111,249,48,0
111,250,47,0
111,251,46,0
111,252,45,0
111,253,44,0
111,254,43,0
111,255,42,0
111,256,41,0
111,257,40,0
111,258,39,0
111,259,38,0
111,260,37,0
111,261,36,0
111,262,35,0
111,263,34,0
111,264,33,0
111,265,32,0
111,266,31,0
111,267,30,0
111,268,29,0
111,269,28,0
111,270,27,0
111,271,26,0
111,272,25,0
111,273,24,0
111,274,23,0
111,275,22,0
111,276,21,0
111,277,20,0
111,278,19,0
111,279,18,0
111,280,17,0
111,281,16,0
111,282,15,0
111,283,14,0
111,284,13,0
111,285,12,0
111,286,11,0
111,287,10,0
111,288,9,0
111,289,8,0
111,290,7,0
111,291,6,0
111,292,5,0
111,293,4,0
111,294,3,0
111,295,2,0
111,296,1,0
111,297,0,0
112,31,309,0
112,32,308,0
112,33,307,0
112,34,306,0
112,35,305,0
112,36,304,0
112,37,303,0
112,38,302,0
112,39,301,0
112,40,300,0
112,41,299,0
112,42,298,0
112,43,297,0
112,44,296,0
112,45,295,0
112,46,294,0
112,47,293,0
112,48,292,0
112,49,291,0
112,50,290,0
112,51,289,0
112,52,288,0
112,53,287,0
112,54,286,0
112,55,285,0
112,56,284,0
112,57,283,0
112,58,282,0
112,59,281,0
112,60,280,0
112,61,279,0
112,62,278,0
112,63,277,0
112,64,276,0
112,65,275,0
112,66,274,0
112,67,273,0
112,68,272,0
112,69,271,0
112,70,270,0
112,71,269,0
112,72,268,0
112,73,267,0
112,74,266,0
112,75,265,0
112,76,264,0
112,77,263,0
112,78,262,0
112,79,261,0
112,80,260,0
112,81,259,0
112,82,258,0
112,83,257,0
112,84,256,0
112,85,255,0
112,86,254,0
112,87,253,0
112,88,252,0
112,89,251,0
112,90,250,0
112,91,249,0
112,92,248,0
112,93,247,0
112,94,246,0
112,95,245,0
112,96,244,0
112,97,243,0
112,98,242,0
112,99,241,0
112,100,240,0
112,101,239,0
112,102,238,0
112,103,237,0
112,104,236,0
112,105,235,0
112,106,234,0
112,107,233,0
112,108,232,0
112,109,231,0
112,110,230,0
112,111,229,0
112,112,228,0
112,113,227,0
112,114,226,0
112,115,225,0
112,116,224,0
112,117,223,0
112,118,222,0
112,119,221,0
112,120,220,0
112,121,219,0
112,122,218,0
112,123,217,0
112,124,216,0
112,125,215,0
112,126,214,0
112,127,213,0
112,128,212,0
112,129,211,0
112,130,210,0
112,131,209,0
112,132,208,0
112,133,207,0
112,134,206,0
112,135,205,0
112,136,204,0
112,137,203,0
112,138,202,0
112,139,201,0
112,140,200,0
112,141,199,0
112,142,198,0
112,143,197,0
112,144,196,0
112,145,195,0
112,146,194,0
112,147,193,0
112,148,192,0
112,149,191,0
112,150,190,0
112,151,189,0
112,152,188,0
112,153,187,0
112,154,186,0
112,155,185,0
112,156,184,0
112,157,183,0
112,158,182,0
112,159,181,0
112,160,180,0
112,161,179,0
112,162,178,0
112,163,177,0
112,164,176,0
112,165,175,0
112,166,174,0
112,167,173,0
112,168,172,0
112,169,171,0
112,170,170,0
112,171,169,0
112,172,168,0
112,173,167,0
112,174,166,0
112,175,165,0
112,176,164,0
112,177,163,0
112,178,162,0
112,179,161,0
112,180,160,0
112,181,159,0
112,182,158,0
112,183,157,0
112,184,156,0
112,185,155,0
112,186,154,0
112,187,153,0
112,188,152,0
112,189,151,0
112,190,150,0
112,191,149,0
112,192,148,0
112,193,147,0
112,194,146,0
112,195,145,0
112,196,144,0
112,197,143,0
112,198,142,0
112,199,141,0
112,200,140,0
112,201,139,0
112,202,138,0
112,203,137,0
112,204,136,0
112,205,135,0
112,206,134,0
112,207,133,0
112,208,132,0
112,209,131,0
112,210,130,0
112,211,129,0
112,212,128,0
112,213,127,0
112,214,126,0
112,215,125,0
112,216,124,0
112,217,123,0
112,218,122,0
112,219,121,0
112,220,120,0
112,221,119,0
112,222,118,0
112,223,117,0
112,224,116,0
112,225,115,0
112,226,114,0
112,227,113,0
112,228,112,0
112,229,111,0
112,230,110,0
112,231,109,0
112,232,108,0
112,233,107,0
112,234,106,0
112,235,105,0
112,236,104,0
112,237,103,0
112,238,102,0
112,239,101,0
112,240,100,0
112,241,99,0
112,242,98,0
112,243,97,0
112,244,96,0
112,245,95,0
112,246,94,0
112,247,93,0
112,248,92,0
112,249,91,0
112,250,90,0
112,251,89,0
112,252,88,0
112,253,87,0
112,254,86,0
112,255,85,0
112,256,84,0
112,257,83,0
112,258,82,0
112,259,81,0
112,260,80,0
112,261,79,0
112,262,78,0
112,263,77,0
112,264,76,0
112,265,75,0
112,266,74,0
112,267,73,0
112,268,72,0
112,269,71,0
112,270,70,0
112,271,69,0
112,272,68,0
112,273,67,0
112,274,66,0
112,275,65,0
112,276,64,0
112,277,63,0
112,278,62,0
112,279,61,0
112,280,60,0
112,281,59,0
112,282,58,0
112,283,57,0
112,284,56,0
112,285,55,0
112,286,54,0
112,287,53,0
112,288,52,0
112,289,51,0
112,290,50,0
112,291,49,0
112,292,48,0
112,293,47,0
112,294,46,0
112,295,45,0
112,296,44,0
112,297,43,0
112,298,42,0
112,299,41,0
112,300,40,0
112,301,39,0
112,302,38,0
112,303,37,0
112,304,36,0
112,305,35,0
112,306,34,0
112,307,33,0
112,308,32,0
112,309,31,0
112,310,30,0
112,311,29,0
112,312,28,0
112,313,27,0
112,314,26,0
112,315,25,0
112,316,24,0
112,317,23,0
112,318,22,0
112,319,21,0
112,320,20,0
112,321,19,0
112,322,18,0
112,323,17,0
112,324,16,0
112,325,15,0
112,326,14,0
112,327,13,0
112,328,12,0
112,329,11,0
112,330,10,0
112,331,9,0
112,332,8,0
112,333,7,0
112,334,6,0
112,335,5,0
112,336,4,0
112,337,3,0
112,338,2,0
112,339,1,0
112,340,0,0
113,31,153,0
113,32,152,0
113,33,151,0
113,34,150,0
113,35,149,0
113,36,148,0
113,37,147,0
113,38,146,0
113,39,145,0
113,40,144,0
113,41,143,0
113,42,142,0
113,43,141,0
113,44,140,0
113,45,139,0
113,46,138,0
113,47,137,0
113,48,136,0
113,49,135,0
113,50,134,0
113,51,133,0
113,52,132,0
113,53,131,0
113,54,130,0
113,55,129,0
113,56,128,0
113,57,127,0
113,58,126,0
113,59,125,0
113,60,124,0
113,61,123,0
113,62,122,0
113,63,121,0
113,64,120,0
113,65,119,0
113,66,118,0
113,67,117,0
113,68,116,0
113,69,115,0
113,70,114,0
113,71,113,0
113,72,112,0
113,73,111,0
113,74,110,0
113,75,109,0
113,76,108,0
113,77,107,0
113,78,106,0
113,79,105,0
113,80,104,0
113,81,103,0
113,82,102,0
113,83,101,0
113,84,100,0
113,85,99,0
113,86,98,0
113,87,97,0
113,88,96,0
113,89,95,0
113,90,94,0
113,91,93,0
113,92,92,0
113,93,91,0
113,94,90,0
113,95,89,0
113,96,88,0
113,97,87,0
113,98,86,0
113,99,85,0
113,100,84,0
113,101,83,0
113,102,82,0
113,103,81,0
113,104,80,0
113,105,79,0
113,106,78,0
113,107,77,0
113,108,76,0
113,109,75,0
113,110,74,0
113,111,73,0
113,112,72,0
113,113,71,0
113,114,70,0
113,115,69,0
113,116,68,0
113,117,67,0
113,118,66,0
113,119,65,0
113,120,64,0
113,121,63,0
113,122,62,0
113,123,61,0
113,124,60,0
113,125,59,0
113,126,58,0
113,127,57,0
113,128,56,0
113,129,55,0
113,130,54,0
113,131,53,0
113,132,52,0
113,133,51,0
113,134,50,0
113,135,49,0
113,136,48,0
113,137,47,0
113,138,46,0
113,139,45,0
113,140,44,0
113,141,43,0
113,142,42,0
113,143,41,0
113,144,40,0
113,145,39,0
113,146,38,0
113,147,37,0
113,148,36,0
113,149,35,0
113,150,34,0
113,151,33,0
113,152,32,0
113,153,31,0
113,154,30,0
113,155,29,0
113,156,28,0
113,157,27,0
113,158,26,0
113,159,25,0
113,160,24,0
113,161,23,0
113,162,22,0
113,163,21,0
113,164,20,0
113,165,19,0
113,166,18,0
113,167,17,0
113,168,16,0
113,169,15,0
113,170,14,0
113,171,13,0
113,172,12,0
113,173,11,0
113,174,10,0
113,175,9,0
113,176,8,0
113,177,7,0
113,178,6,0
113,179,5,0
113,180,4,0
113,181,3,0
113,182,2,0
113,183,1,0
113,184,0,-1
114,31,130,0
114,32,129,0
114,33,128,0
114,34,127,0
114,35,126,0
114,36,125,0
114,37,124,0
114,38,123,0
114,39,122,0
114,40,121,0
114,41,120,0
114,42,119,0
114,43,118,0
114,44,117,0
114,45,116,0
114,46,115,0
114,47,114,0
114,48,113,0
114,49,112,0
114,50,111,0
114,51,110,0
114,52,109,0
114,53,108,0
114,54,107,0
114,55,106,0
114,56,105,0
114,57,104,0
114,58,103,0
114,59,102,0
114,60,101,0
114,61,100,0
114,62,99,0
114,63,98,0
114,64,97,0
114,65,96,0
114,66,95,0
114,67,94,0
114,68,93,0
114,69,92,0
114,70,91,0
114,71,90,0
114,72,89,0
114,73,88,0
114,74,87,0
114,75,86,0
114,76,85,0
114,77,84,0
114,78,83,0
114,79,82,0
114,80,81,0
114,81,80,0
114,82,79,0
114,83,78,0
114,84,77,0
114,85,76,0
114,86,75,0
114,87,74,0
114,88,73,0
114,89,72,0
114,90,71,0
114,91,70,0
114,92,69,0
114,93,68,0
114,94,67,0
114,95,66,0
114,96,65,0
114,97,64,0
114,98,63,0
114,99,62,0
114,100,61,0
114,101,60,0
114,102,59,0
114,103,58,0
114,104,57,0
114,105,56,0
114,106,55,0
114,107,54,0
114,108,53,0
114,109,52,0
114,110,51,0
114,111,50,0
114,112,49,0
114,113,48,0
114,114,47,0
114,115,46,0
114,116,45,0
114,117,44,0
114,118,43,0
114,119,42,0
114,120,41,0
114,121,40,0
114,122,39,0
114,123,38,0
114,124,37,0
114,125,36,0
114,126,35,0
114,127,34,0
114,128,33,0
114,129,32,0
114,130,31,0
114,131,30,0
114,132,29,0
114,133,28,0
114,134,27,0
114,135,26,0
114,136,25,0
114,137,24,0
114,138,23,0
114,139,22,0
114,140,21,0
114,141,20,0
114,142,19,0
114,143,18,0
114,144,17,0
114,145,16,0
114,146,15,0
114,147,14,0
114,148,13,0
114,149,12,0
114,150,11,0
114,151,10,0
114,152,9,0
114,153,8,0
114,154,7,0
114,155,6,0
114,156,5,0
114,157,4,0
114,158,3,0
114,159,2,0
114,160,1,0
114,161,0,0
115,31,100,0
115,32,99,0
115,33,98,0
115,34,97,0
115,35,96,0
115,36,95,0
115,37,94,0
115,38,93,0
115,39,92,0
115,40,91,0
115,41,90,0
115,42,89,0
115,43,88,0
115,44,87,0
115,45,86,0
115,46,85,0
115,47,84,0
115,48,83,0
115,49,82,0
115,50,81,0
115,51,80,0
115,52,79,0
115,53,78,0
115,54,77,0
115,55,76,0
115,56,75,0
115,57,74,0
115,58,73,0
115,59,72,0
115,60,71,0
115,61,70,0
115,62,69,0
115,63,68,0
115,64,67,0
115,65,66,0
115,66,65,0
115,67,64,0
115,68,63,0
115,69,62,0
115,70,61,0
115,71,60,0
115,72,59,0
115,73,58,0
115,74,57,0
115,75,56,0
115,76,55,0
115,77,54,0
115,78,53,0
115,79,52,0
115,80,51,0
115,81,50,0
115,82,49,0
115,83,48,0
115,84,47,0
115,85,46,0
115,86,45,0
115,87,44,0
115,88,43,0
115,89,42,0
115,90,41,0
115,91,40,0
115,92,39,0
115,93,38,0
115,94,37,0
115,95,36,0
115,96,35,0
115,97,34,0
115,98,33,0
115,99,32,0
115,100,31,0
115,101,30,0
115,102,29,0
115,103,28,0
115,104,27,0
115,105,26,0
115,106,25,0
115,107,24,0
115,108,23,0
115,109,22,0
115,110,21,0
115,111,20,0
115,112,19,0
115,113,18,0
115,114,17,0
115,115,16,0
115,116,15,0
115,117,14,0
115,118,13,0
115,119,12,0
115,120,11,0
115,121,10,0
115,122,9,0
115,123,8,0
115,124,7,0
115,125,6,-1
115,126,5,0
115,127,4,0
115,128,3,-1
115,129,2,0
115,130,1,0
115,131,0,-1
116,31,313,0
116,32,312,0
116,33,311,0
116,34,310,0
116,35,309,0
116,36,308,0
116,37,307,0
116,38,306,0
116,39,305,0
116,40,304,0
116,41,303,0
116,42,302,0
116,43,301,0
116,44,300,0
116,45,299,0
116,46,298,0
116,47,297,0
116,48,296,0
116,49,295,0
116,50,294,0
116,51,293,0
116,52,292,0
116,53,291,0
116,54,290,0
116,55,289,0
116,56,288,0
116,57,287,0
116,58,286,0
116,59,285,0
116,60,284,0
116,61,283,0
116,62,282,0
116,63,281,0
116,64,280,0
116,65,279,0
116,66,278,0
116,67,277,0
116,68,276,0
116,69,275,0
116,70,274,0
116,71,273,0
116,72,272,0
116,73,271,0
116,74,270,0
116,75,269,0
116,76,268,0
116,77,267,0
116,78,266,0
116,79,265,0
116,80,264,0
116,81,263,0
116,82,262,0
116,83,261,0
116,84,260,0
116,85,259,0
116,86,258,0
116,87,257,0
116,88,256,0
116,89,255,0
116,90,254,0
116,91,253,0
116,92,252,0
116,93,251,0
116,94,250,0
116,95,249,0
116,96,248,0
116,97,247,0
116,98,246,0
116,99,245,0
116,100,244,0
116,101,243,0
116,102,242,0
116,103,241,0
116,104,240,0
116,105,239,0
116,106,238,0
116,107,237,0
116,108,236,0
116,109,235,0
116,110,234,0
116,111,233,0
116,112,232,0
116,113,231,0
116,114,230,0
116,115,229,0
116,116,228,0
116,117,227,0
116,118,226,0
116,119,225,0
116,120,224,0
116,121,223,0
116,122,222,0
116,123,221,0
116,124,220,0
116,125,219,0
116,126,218,0
116,127,217,0
116,128,216,0
116,129,215,0
116,130,214,0
116,131,213,0
116,132,212,0
116,133,211,0
116,134,210,0
116,135,209,0
116,136,208,0
116,137,207,0
116,138,206,0
116,139,205,0
116,140,204,0
116,141,203,0
116,142,202,0
116,143,201,0
116,144,200,0
116,145,199,0
116,146,198,0
116,147,197,0
116,148,196,0
116,149,195,0
116,150,194,0
116,151,193,0
116,152,192,0
116,153,191,0
116,154,190,0
116,155,189,0
116,156,188,0
116,157,187,0
116,158,186,0
116,159,185,0
116,160,184,0
116,161,183,0
116,162,182,0
116,163,181,0
116,164,180,0
116,165,179,0
116,166,178,0
116,167,177,0
116,168,176,0
116,169,175,0
116,170,174,0
116,171,173,0
116,172,172,0
116,173,171,0
116,174,170,0
116,175,169,0
116,176,168,0
116,177,167,0
116,178,166,0
116,179,165,0
116,180,164,0
116,181,163,0
116,182,162,0
116,183,161,0
116,184,160,0
116,185,159,0
116,186,158,0
116,187,157,0
116,188,156,0
116,189,155,0
116,190,154,0
116,191,153,0
116,192,152,0
116,193,151,0
116,194,150,0
116,195,149,0
116,196,148,0
116,197,147,0
116,198,146,0
116,199,145,0
116,200,144,0
116,201,143,0
116,202,142,0
116,203,141,0
116,204,140,0
116,205,139,0
116,206,138,0
116,207,137,0
116,208,136,0
116,209,135,0
116,210,134,0
116,211,133,0
116,212,132,0
116,213,131,0
116,214,130,0
116,215,129,0
116,216,128,0
116,217,127,0
116,218,126,0
116,219,125,0
116,220,124,0
116,221,123,0
116,222,122,0
116,223,121,0
116,224,120,0
116,225,119,0
116,226,118,0
116,227,117,0
116,228,116,0
116,229,115,0
116,230,114,0
116,231,113,0
116,232,112,0
116,233,111,0
116,234,110,0
116,235,109,0
116,236,108,0
116,237,107,0
116,238,106,0
116,239,105,0
116,240,104,0
116,241,103,0
116,242,102,0
116,243,101,0
116,244,100,0
116,245,99,0
116,246,98,0
116,247,97,0
116,248,96,0
116,249,95,0
116,250,94,0
116,251,93,0
116,252,92,0
116,253,91,0
116,254,90,0
116,255,89,0
116,256,88,0
116,257,87,0
116,258,86,0
116,259,85,0
116,260,84,0
116,261,83,0
116,262,82,0
116,263,81,0
116,264,80,0
116,265,79,0
116,266,78,0
116,267,77,0
116,268,76,0
116,269,75,0
116,270,74,0
116,271,73,0
116,272,72,0
116,273,71,0
116,274,70,0
116,275,69,0
116,276,68,0
116,277,67,0
116,278,66,0
116,279,65,0
116,280,64,0
116,281,63,0
116,282,62,0
116,283,61,0
116,284,60,0
116,285,59,0
116,286,58,0
116,287,57,0
116,288,56,0
116,289,55,0
116,290,54,0
116,291,53,0
116,292,52,0
116,293,51,0
116,294,50,0
116,295,49,0
116,296,48,0
116,297,47,0
116,298,46,0
116,299,45,0
116,300,44,0
116,301,43,0
116,302,42,0
116,303,41,0
116,304,40,0
116,305,39,0
116,306,38,0
116,307,37,0
116,308,36,0
116,309,35,0
116,310,34,0
116,311,33,0
116,312,32,0
116,313,31,0
116,314,30,0
116,315,29,0
116,316,28,0
116,317,27,0
116,318,26,0
116,319,25,0
116,320,24,0
116,321,23,0
116,322,22,0
116,323,21,0
116,324,20,0
116,325,19,0
116,326,18,0
116,327,17,0
116,328,16,0
116,329,15,0
116,330,14,0
116,331,13,0
116,332,12,0
116,333,11,0
116,334,10,0
116,335,9,0
116,336,8,0
116,337,7,0
116,338,6,0
116,339,5,0
116,340,4,0
116,341,3,0
116,342,2,0
116,343,1,0
116,344,0,0
117,31,311,0
117,32,310,0
117,33,309,0
117,34,308,0
117,35,307,0
117,36,306,0
117,37,305,0
117,38,304,0
117,39,303,0
117,40,302,0
117,41,301,0
117,42,300,0
117,43,299,0
117,44,298,0
117,45,297,0
117,46,296,0
117,47,295,0
117,48,294,0
117,49,293,0
117,50,292,0
117,51,291,0
117,52,290,0
117,53,289,0
117,54,288,0
117,55,287,0
117,56,286,0
117,57,285,0
117,58,284,0
117,59,283,0
117,60,282,0
117,61,281,0
117,62,280,0
117,63,279,0
117,64,278,0
117,65,277,0
117,66,276,0
117,67,275,0
117,68,274,0
117,69,273,0
117,70,272,0
117,71,271,0
117,72,270,0
117,73,269,0
117,74,268,0
117,75,267,0
117,76,266,0
117,77,265,0
117,78,264,0
117,79,263,0
117,80,262,0
117,81,261,0
117,82,260,0
117,83,259,0
117,84,258,0
117,85,257,0
117,86,256,0
117,87,255,0
117,88,254,0
117,89,253,0
117,90,252,0
117,91,251,0
117,92,250,0
117,93,249,0
117,94,248,0
117,95,247,0
117,96,246,0
117,97,245,0
117,98,244,0
117,99,243,0
117,100,242,0
117,101,241,0
117,102,240,0
117,103,239,0
117,104,238,0
117,105,237,0
117,106,236,0
117,107,235,0
117,108,234,0
117,109,233,0
117,110,232,0
117,111,231,0
117,112,230,0
117,113,229,0
117,114,228,0
117,115,227,0
117,116,226,0
117,117,225,0
117,118,224,0
117,119,223,0
117,120,222,0
117,121,221,0
117,122,220,0
117,123,219,0
117,124,218,0
117,125,217,0
117,126,216,0
117,127,215,0
117,128,214,0
117,129,213,0
117,130,212,0
117,131,211,0
117,132,210,0
117,133,209,0
117,134,208,0
117,135,207,0
117,136,206,0
117,137,205,0
117,138,204,0
117,139,203,0
117,140,202,0
117,141,201,0
117,142,200,0
117,143,199,0
117,144,198,0
117,145,197,0
117,146,196,0
117,147,195,0
117,148,194,0
117,149,193,0
117,150,192,0
117,151,191,0
117,152,190,0
117,153,189,0
117,154,188,0
117,155,187,0
117,156,186,0
117,157,185,0
117,158,184,0
117,159,183,0
117,160,182,0
117,161,181,0
117,162,180,0
117,163,179,0
117,164,178,0
117,165,177,0
117,166,176,0
117,167,175,0
117,168,174,0
117,169,173,0
117,170,172,0
117,171,171,0
117,172,170,0
117,173,169,0
117,174,168,0
117,175,167,0
117,176,166,0
117,177,165,0
117,178,164,0
117,179,163,0
117,180,162,0
117,181,161,0
117,182,160,0
117,183,159,0
117,184,158,0
117,185,157,0
117,186,156,0
117,187,155,0
117,188,154,0
117,189,153,0
117,190,152,0
117,191,151,0
117,192,150,0
117,193,149,0
117,194,148,0
117,195,147,0
117,196,146,0
117,197,145,0
117,198,144,0
117,199,143,0
117,200,142,0
117,201,141,0
117,202,140,0
117,203,139,0
117,204,138,0
117,205,137,0
117,206,136,0
117,207,135,0
117,208,134,0
117,209,133,0
117,210,132,0
117,211,131,0
117,212,130,0
117,213,129,0
117,214,128,0
117,215,127,0
117,216,126,0
117,217,125,0
117,218,124,0
117,219,123,0
117,220,122,0
117,221,121,0
117,222,120,0
117,223,119,0
117,224,118,0
117,225,117,0
117,226,116,0
117,227,115,0
117,228,114,0
117,229,113,0
117,230,112,0
117,231,111,0
117,232,110,0
117,233,109,0
117,234,108,0
117,235,107,0
117,236,106,0
117,237,105,0
117,238,104,0
117,239,103,0
117,240,102,0
117,241,101,0
117,242,100,0
117,243,99,0
117,244,98,0
117,245,97,0
117,246,96,0
117,247,95,0
117,248,94,0
117,249,93,0
117,250,92,0
117,251,91,0
117,252,90,0
117,253,89,0
117,254,88,0
117,255,87,0
117,256,86,0
117,257,85,0
117,258,84,0
117,259,83,0
117,260,82,0
117,261,81,0
117,262,80,0
117,263,79,0
117,264,78,0
117,265,77,0
117,266,76,0
117,267,75,0
117,268,74,0
117,269,73,0
117,270,72,0
117,271,71,0
117,272,70,0
117,273,69,0
117,274,68,0
117,275,67,0
117,276,66,0
117,277,65,0
117,278,64,0
117,279,63,0
117,280,62,0
117,281,61,0
117,282,60,0
117,283,59,0
117,284,58,0
117,285,57,0
117,286,56,0
117,287,55,0
117,288,54,0
117,289,53,0
117,290,52,0
117,291,51,0
117,292,50,0
117,293,49,0
117,294,48,0
117,295,47,0
117,296,46,0
117,297,45,0
117,298,44,0
117,299,43,0
117,300,42,0
117,301,41,0
117,302,40,0
117,303,39,0
117,304,38,0
117,305,37,0
117,306,36,0
117,307,35,0
117,308,34,0
117,309,33,0
117,310,32,0
117,311,31,0
117,312,30,0
117,313,29,0
117,314,28,0
117,315,27,0
117,316,26,0
117,317,25,0
117,318,24,0
117,319,23,0
117,320,22,0
117,321,21,0
117,322,20,0
117,323,19,0
117,324,18,0
117,325,17,0
117,326,16,0
117,327,15,0
117,328,14,0
117,329,13,0
117,330,12,0
117,331,11,0
117,332,10,0
117,333,9,0
117,334,8,0
117,335,7,0
117,336,6,0
117,337,5,0
117,338,4,0
117,339,3,0
117,340,2,0
117,341,1,0
117,342,0,0
118,31,512,0
118,32,511,0
118,33,510,0
118,34,509,0
118,35,508,0
118,36,507,0
118,37,506,0
118,38,505,0
118,39,504,0
118,40,503,0
118,41,502,0
118,42,501,0
118,43,500,0
118,44,499,0
118,45,498,0
118,46,497,0
118,47,496,0
118,48,495,0
118,49,494,0
118,50,493,0
118,51,492,0
118,52,491,0
118,53,490,0
118,54,489,0
118,55,488,0
118,56,487,0
118,57,486,0
118,58,485,0
118,59,484,0
118,60,483,0
118,61,482,0
118,62,481,0
118,63,480,0
118,64,479,0
118,65,478,0
118,66,477,0
118,67,476,0
118,68,475,0
118,69,474,0
118,70,473,0
118,71,472,0
118,72,471,0
118,73,470,0
118,74,469,0
118,75,468,0
118,76,467,0
118,77,466,0
118,78,465,0
118,79,464,0
118,80,463,0
118,81,462,0
118,82,461,0
118,83,460,0
118,84,459,0
118,85,458,0
118,86,457,0
118,87,456,0
118,88,455,0
118,89,454,0
118,90,453,0
118,91,452,0
118,92,451,0
118,93,450,0
118,94,449,0
118,95,448,0
118,96,447,0
118,97,446,0
118,98,445,0
118,99,444,0
118,100,443,0
118,101,442,0
118,102,441,0
118,103,440,0
118,104,439,0
118,105,438,0
118,106,437,0
118,107,436,0
118,108,435,0
118,109,434,0
118,110,433,0
118,111,432,0
118,112,431,0
118,113,430,0
118,114,429,0
118,115,428,0
118,116,427,0
118,117,426,0
118,118,425,0
118,119,424,0
118,120,423,0
118,121,422,0
118,122,421,0
118,123,420,0
118,124,419,0
118,125,418,0
118,126,417,0
118,127,416,0
118,128,415,0
118,129,414,0
118,130,413,0
118,131,412,0
118,132,411,0
118,133,410,0
118,134,409,0
118,135,408,0
118,136,407,0
118,137,406,0
118,138,405,0
118,139,404,0
118,140,403,0
118,141,402,0
118,142,401,0
118,143,400,0
118,144,399,0
118,145,398,0
118,146,397,0
118,147,396,0
118,148,395,0
118,149,394,0
118,150,393,0
118,151,392,0
118,152,391,0
118,153,390,0
118,154,389,0
118,155,388,0
118,156,387,0
118,157,386,0
118,158,385,0
118,159,384,0
118,160,383,0
118,161,382,0
118,162,381,0
118,163,380,0
118,164,379,0
118,165,378,0
118,166,377,0
118,167,376,0
118,168,375,0
118,169,374,0
118,170,373,0
118,171,372,0
118,172,371,0
118,173,370,0
118,174,369,0
118,175,368,0
118,176,367,0
118,177,366,0
118,178,365,0
118,179,364,0
118,180,363,0
118,181,362,0
118,182,361,0
118,183,360,0
118,184,359,0
118,185,358,0
118,186,357,0
118,187,356,0
118,188,355,0
118,189,354,0
118,190,353,0
118,191,352,0
118,192,351,0
118,193,350,0
118,194,349,0
118,195,348,0
118,196,347,0
118,197,346,0
118,198,345,0
118,199,344,0
118,200,343,0
118,201,342,0
118,202,341,0
118,203,340,0
118,204,339,0
118,205,338,0
118,206,337,0
118,207,336,0
118,208,335,0
118,209,334,0
118,210,333,0
118,211,332,0
118,212,331,0
118,213,330,0
118,214,329,0
118,215,328,0
118,216,327,0
118,217,326,0
118,218,325,0
118,219,324,0
118,220,323,0
118,221,322,0
118,222,321,0
118,223,320,0
118,224,319,0
118,225,318,0
118,226,317,0
118,227,316,0
118,228,315,0
118,229,314,0
118,230,313,0
118,231,312,0
118,232,311,0
118,233,310,0
118,234,309,0
118,235,308,0
118,236,307,0
118,237,306,0
118,238,305,0
118,239,304,0
118,240,303,0
118,241,302,0
118,242,301,0
118,243,300,0
118,244,299,0
118,245,298,0
118,246,297,0
118,247,296,0
118,248,295,0
118,249,294,0
118,250,293,0
118,251,292,0
118,252,291,0
118,253,290,0
118,254,289,0
118,255,288,0
118,256,287,0
118,257,286,0
118,258,285,0
118,259,284,0
118,260,283,0
118,261,282,0
118,262,281,0
118,263,280,0
118,264,279,0
118,265,278,0
118,266,277,0
118,267,276,0
118,268,275,0
118,269,274,0
118,270,273,0
118,271,272,0
118,272,271,0
118,273,270,0
118,274,269,0
118,275,268,0
118,276,267,0
118,277,266,0
118,278,265,0
118,279,264,0
118,280,263,0
118,281,262,0
118,282,261,0
118,283,260,0
118,284,259,0
118,285,258,0
118,286,257,0
118,287,256,0
118,288,255,0
118,289,254,0
118,290,253,0
118,291,252,0
118,292,251,0
118,293,250,0
118,294,249,0
118,295,248,0
118,296,247,0
118,297,246,0
118,298,245,0
118,299,244,0
118,300,243,0
118,301,242,0
118,302,241,0
118,303,240,0
118,304,239,0
118,305,238,0
118,306,237,0
118,307,236,0
118,308,235,0
118,309,234,0
118,310,233,0
118,311,232,0
118,312,231,0
118,313,230,0
118,314,229,0
118,315,228,0
118,316,227,0
118,317,226,0
118,318,225,0
118,319,224,0
118,320,223,0
118,321,222,0
118,322,221,0
118,323,220,0
118,324,219,0
118,325,218,0
118,326,217,0
118,327,216,0
118,328,215,0
118,329,214,0
118,330,213,0
118,331,212,0
118,332,211,0
118,333,210,0
118,334,209,0
118,335,208,0
118,336,207,0
118,337,206,0
118,338,205,0
118,339,204,0
118,340,203,0
118,341,202,0
118,342,201,0
118,343,200,0
118,344,199,0
118,345,198,0
118,346,197,0
118,347,196,0
118,348,195,0
118,349,194,0
118,350,193,0
118,351,192,0
118,352,191,0
118,353,190,0
118,354,189,0
118,355,188,0
118,356,187,0
118,357,186,0
118,358,185,0
118,359,184,0
118,360,183,0
118,361,182,0
118,362,181,0
118,363,180,0
118,364,179,0
118,365,178,0
118,366,177,0
118,367,176,0
118,368,175,0
118,369,174,0
118,370,173,0
118,371,172,0
118,372,171,0
118,373,170,0
118,374,169,0
118,375,168,0
118,376,167,0
118,377,166,0
118,378,165,0
118,379,164,0
118,380,163,0
118,381,162,0
118,382,161,0
118,383,160,0
118,384,159,0
118,385,158,0
118,386,157,0
118,387,156,0
118,388,155,0
118,389,154,0
118,390,153,0
118,391,152,0
118,392,151,0
118,393,150,0
118,394,149,0
118,395,148,0
118,396,147,0
118,397,146,0
118,398,145,0
118,399,144,0
118,400,143,0
118,401,142,0
118,402,141,0
118,403,140,0
118,404,139,0
118,405,138,0
118,406,137,0
118,407,136,0
118,408,135,0
118,409,134,0
118,410,133,0
118,411,132,0
118,412,131,0
118,413,130,0
118,414,129,0
118,415,128,0
118,416,127,0
118,417,126,0
118,418,125,0
118,419,124,0
118,420,123,0
118,421,122,0
118,422,121,0
118,423,120,0
118,424,119,0
118,425,118,0
118,426,117,0
118,427,116,0
118,428,115,0
118,429,114,0
118,430,113,0
118,431,112,0
118,432,111,0
118,433,110,0
118,434,109,0
118,435,108,0
118,436,107,0
118,437,106,0
118,438,105,0
118,439,104,0
118,440,103,0
118,441,102,0
118,442,101,0
118,443,100,0
118,444,99,0
118,445,98,0
118,446,97,0
118,447,96,0
118,448,95,0
118,449,94,0
118,450,93,0
118,451,92,0
118,452,91,0
118,453,90,0
118,454,89,0
118,455,88,0
118,456,87,0
118,457,86,0
118,458,85,0
118,459,84,0
118,460,83,0
118,461,82,0
118,462,81,0
118,463,80,0
118,464,79,0
118,465,78,0
118,466,77,0
118,467,76,0
118,468,75,0
118,469,74,0
118,470,73,0
118,471,72,0
118,472,71,0
118,473,70,0
118,474,69,0
118,475,68,0
118,476,67,0
118,477,66,0
118,478,65,0
118,479,64,0
118,480,63,0
118,481,62,0
118,482,61,0
118,483,60,0
118,484,59,0
118,485,58,0
118,486,57,0
118,487,56,0
118,488,55,0
118,489,54,0
118,490,53,0
118,491,52,0
118,492,51,0
118,493,50,0
118,494,49,0
118,495,48,0
118,496,47,0
118,497,46,0
118,498,45,0
118,499,44,0
118,500,43,0
118,501,42,0
118,502,41,0
118,503,40,0
118,504,39,0
118,505,38,0
118,506,37,0
118,507,36,0
118,508,35,0
118,509,34,0
118,510,33,0
118,511,32,0
118,512,31,0
118,513,30,0
118,514,29,0
118,515,28,0
118,516,27,0
118,517,26,0
118,518,25,0
118,519,24,0
118,520,23,0
118,521,22,0
118,522,21,0
118,523,20,0
118,524,19,0
118,525,18,0
118,526,17,0
118,527,16,0
118,528,15,0
118,529,14,0
118,530,13,0
118,531,12,0
118,532,11,0
118,533,10,0
118,534,9,0
118,535,8,0
118,536,7,0
118,537,6,0
118,538,5,0
118,539,4,0
118,540,3,0
118,541,2,0
118,542,1,0
118,543,0,0
119,31,156,0
119,32,155,0
119,33,154,0
119,34,153,0
119,35,152,0
119,36,151,0
119,37,150,0
119,38,149,0
119,39,148,0
119,40,147,0
119,41,146,0
119,42,145,0
119,43,144,0
119,44,143,0
119,45,142,0
119,46,141,0
119,47,140,0
119,48,139,0
119,49,138,0
119,50,137,0
119,51,136,0
119,52,135,0
119,53,134,0
119,54,133,0
119,55,132,0
119,56,131,0
119,57,130,0
119,58,129,0
119,59,128,0
119,60,127,0
119,61,126,0
119,62,125,0
119,63,124,0
119,64,123,0
119,65,122,0
119,66,121,0
119,67,120,0
119,68,119,0
119,69,118,0
119,70,117,0
119,71,116,0
119,72,115,0
119,73,114,0
119,74,113,0
119,75,112,0
119,76,111,0
119,77,110,0
119,78,109,0
119,79,108,0
119,80,107,0
119,81,106,0
119,82,105,0
119,83,104,0
119,84,103,0
119,85,102,0
119,86,101,0
119,87,100,0
119,88,99,0
119,89,98,0
119,90,97,0
119,91,96,0
119,92,95,0
119,93,94,0
119,94,93,0
119,95,92,0
119,96,91,0
119,97,90,0
119,98,89,0
119,99,88,0
119,100,87,0
119,101,86,0
119,102,85,0
119,103,84,0
119,104,83,0
119,105,82,0
119,106,81,0
119,107,80,0
119,108,79,0
119,109,78,0
119,110,77,0
119,111,76,0
119,112,75,0
119,113,74,0
119,114,73,0
119,115,72,0
119,116,71,0
119,117,70,0
119,118,69,0
119,119,68,0
119,120,67,0
119,121,66,0
119,122,65,0
119,123,64,0
119,124,63,0
119,125,62,0
119,126,61,0
119,127,60,0
119,128,59,0
119,129,58,0
119,130,57,0
119,131,56,0
119,132,55,0
119,133,54,0
119,134,53,0
119,135,52,0
119,136,51,0
119,137,50,0
119,138,49,0
119,139,48,0
119,140,47,0
119,141,46,0
119,142,45,0
119,143,44,0
119,144,43,0
119,145,42,0
119,146,41,0
119,147,40,0
119,148,39,0
119,149,38,0
119,150,37,0
119,151,36,0
119,152,35,0
119,153,34,0
119,154,33,0
119,155,32,0
119,156,31,0
119,157,30,0
119,158,29,0
119,159,28,0
119,160,27,0
119,161,26,0
119,162,25,0
119,163,24,0
119,164,23,0
119,165,22,0
119,166,21,0
119,167,20,0
119,168,19,0
119,169,18,0
119,170,17,0
119,171,16,0
119,172,15,0
119,173,14,0
119,174,13,0
119,175,12,0
119,176,11,0
119,177,10,0
119,178,9,0
119,179,8,0
119,180,7,0
119,181,6,0
119,182,5,0
119,183,4,0
119,184,3,0
119,185,2,0
119,186,1,0
119,187,0,0
120,31,146,0
120,32,145,0
120,33,144,0
120,34,143,0
120,35,142,0
120,36,141,0
120,37,140,0
120,38,139,0
120,39,138,0
120,40,137,0
120,41,136,0
120,42,135,0
120,43,134,0
120,44,133,0
120,45,132,0
120,46,131,0
120,47,130,0
120,48,129,0
120,49,128,0
120,50,127,0
120,51,126,0
120,52,125,0
120,53,124,0
120,54,123,0
120,55,122,0
120,56,121,0
120,57,120,0
120,58,119,0
120,59,118,0
120,60,117,0
120,61,116,0
120,62,115,0
120,63,114,0
120,64,113,0
120,65,112,0
120,66,111,0
120,67,110,0
120,68,109,0
120,69,108,0
120,70,107,0
120,71,106,0
120,72,105,0
120,73,104,0
120,74,103,0
120,75,102,0
120,76,101,0
120,77,100,0
120,78,99,0
120,79,98,0
120,80,97,0
120,81,96,0
120,82,95,0
120,83,94,0
120,84,93,0
120,85,92,0
120,86,91,0
120,87,90,0
120,88,89,0
120,89,88,0
120,90,87,0
120,91,86,0
120,92,85,0
120,93,84,0
120,94,83,0
120,95,82,0
120,96,81,0
120,97,80,0
120,98,79,0
120,99,78,0
120,100,77,0
120,101,76,0
120,102,75,0
120,103,74,0
120,104,73,0
120,105,72,0
120,106,71,0
120,107,70,0
120,108,69,0
120,109,68,0
120,110,67,0
120,111,66,0
120,112,65,0
120,113,64,0
120,114,63,0
120,115,62,0
120,116,61,0
120,117,60,0
120,118,59,0
120,119,58,0
120,120,57,0
120,121,56,0
120,122,55,0
120,123,54,0
120,124,53,0
120,125,52,0
120,126,51,0
120,127,50,0
120,128,49,0
120,129,48,0
120,130,47,0
120,131,46,0
120,132,45,0
120,133,44,0
120,134,43,0
120,135,42,0
120,136,41,0
120,137,40,0
120,138,39,0
120,139,38,0
120,140,37,0
120,141,36,0
120,142,35,0
120,143,34,0
120,144,33,0
120,145,32,0
120,146,31,0
120,147,30,0
120,148,29,0
120,149,28,0
120,150,27,0
120,151,26,0
120,152,25,0
120,153,24,0
120,154,23,0
120,155,22,0
120,156,21,0
120,157,20,0
120,158,19,0
120,159,18,0
120,160,17,0
120,161,16,0
120,162,15,0
120,163,14,0
120,164,13,0
120,165,12,0
120,166,11,0
120,167,10,0
120,168,9,0
120,169,8,0
120,170,7,0
120,171,6,0
120,172,5,0
120,173,4,0
120,174,3,0
120,175,2,-1
120,176,1,0
120,177,0,-1
121,31,163,0
121,32,162,0
121,33,161,0
121,34,160,0
121,35,159,0
121,36,158,0
121,37,157,0
121,38,156,0
121,39,155,0
121,40,154,0
121,41,153,0
121,42,152,0
121,43,151,0
121,44,150,0
121,45,149,0
121,46,148,0
121,47,147,0
121,48,146,0
121,49,145,0
121,50,144,0
121,51,143,0
121,52,142,0
121,53,141,0
121,54,140,0
121,55,139,0
121,56,138,0
121,57,137,0
121,58,136,0
121,59,135,0
121,60,134,0
121,61,133,0
121,62,132,0
121,63,131,0
121,64,130,0
121,65,129,0
121,66,128,0
121,67,127,0
121,68,126,0
121,69,125,0
121,70,124,0
121,71,123,0
121,72,122,0
121,73,121,0
121,74,120,0
121,75,119,0
121,76,118,0
121,77,117,0
121,78,116,0
121,79,115,0
121,80,114,0
121,81,113,0
121,82,112,0
121,83,111,0
121,84,110,0
121,85,109,0
121,86,108,0
121,87,107,0
121,88,106,0
121,89,105,0
121,90,104,0
121,91,103,0
121,92,102,0
121,93,101,0
121,94,100,0
121,95,99,0
121,96,98,0
121,97,97,0
121,98,96,0
121,99,95,0
121,100,94,0
121,101,93,0
121,102,92,0
121,103,91,0
121,104,90,0
121,105,89,0
121,106,88,0
121,107,87,0
121,108,86,0
121,109,85,0
121,110,84,0
121,111,83,0
121,112,82,0
121,113,81,0
121,114,80,0
121,115,79,0
121,116,78,0
121,117,77,0
121,118,76,0
121,119,75,0
121,120,74,0
121,121,73,0
121,122,72,0
121,123,71,0
121,124,70,0
121,125,69,0
121,126,68,0
121,127,67,0
121,128,66,0
121,129,65,0
121,130,64,0
121,131,63,0
121,132,62,0
121,133,61,0
121,134,60,0
121,135,59,0
121,136,58,0
121,137,57,0
121,138,56,0
121,139,55,0
121,140,54,0
121,141,53,0
121,142,52,0
121,143,51,0
121,144,50,0
121,145,49,0
121,146,48,0
121,147,47,0
121,148,46,0
121,149,45,0
121,150,44,0
121,151,43,0
121,152,42,0
121,153,41,0
121,154,40,0
121,155,39,0
121,156,38,0
121,157,37,0
121,158,36,0
121,159,35,0
121,160,34,0
121,161,33,0
121,162,32,0
121,163,31,0
121,164,30,0
121,165,29,0
121,166,28,0
121,167,27,0
121,168,26,0
121,169,25,0
121,170,24,0
121,171,23,0
121,172,22,0
121,173,21,0
121,174,20,0
121,175,19,0
121,176,18,0
121,177,17,0
121,178,16,0
121,179,15,0
121,180,14,0
121,181,13,0
121,182,12,0
121,183,11,0
121,184,10,0
121,185,9,0
121,186,8,0
121,187,7,0
121,188,6,0
121,189,5,0
121,190,4,0
121,191,3,0
121,192,2,0
121,193,1,0
121,194,0,0
122,31,143,0
122,32,142,0
122,33,141,0
122,34,140,0
122,35,139,0
122,36,138,0
122,37,137,0
122,38,136,0
122,39,135,0
122,40,134,0
122,41,133,0
122,42,132,0
122,43,131,0
122,44,130,0
122,45,129,0
122,46,128,0
122,47,127,0
122,48,126,0
122,49,125,0
122,50,124,0
122,51,123,0
122,52,122,0
122,53,121,0
122,54,120,0
122,55,119,0
122,56,118,0
122,57,117,0
122,58,116,0
122,59,115,0
122,60,114,0
122,61,113,0
122,62,112,0
122,63,111,0
122,64,110,0
122,65,109,0
122,66,108,0
122,67,107,0
122,68,106,0
122,69,105,0
122,70,104,0
122,71,103,0
122,72,102,0
122,73,101,0
122,74,100,0
122,75,99,0
122,76,98,0
122,77,97,0
122,78,96,0
122,79,95,0
122,80,94,0
122,81,93,0
122,82,92,0
122,83,91,0
122,84,90,0
122,85,89,0
122,86,88,0
122,87,87,0
122,88,86,0
122,89,85,0
122,90,84,0
122,91,83,0
122,92,82,0
122,93,81,0
122,94,80,0
122,95,79,0
122,96,78,0
122,97,77,0
122,98,76,0
122,99,75,0
122,100,74,0
122,101,73,0
122,102,72,0
122,103,71,0
122,104,70,0
122,105,69,0
122,106,68,0
122,107,67,0
122,108,66,0
122,109,65,0
122,110,64,0
122,111,63,0
122,112,62,0
122,113,61,0
122,114,60,0
122,115,59,0
122,116,58,0
122,117,57,0
122,118,56,0
122,119,55,0
122,120,54,0
122,121,53,0
122,122,52,0
122,123,51,0
122,124,50,0
122,125,49,0
122,126,48,0
122,127,47,0
122,128,46,0
122,129,45,0
122,130,44,0
122,131,43,0
122,132,42,0
122,133,41,0
122,134,40,0
122,135,39,0
122,136,38,0
122,137,37,0
122,138,36,0
122,139,35,0
122,140,34,0
122,141,33,0
122,142,32,0
122,143,31,0
122,144,30,0
122,145,29,0
122,146,28,0
122,147,27,0
122,148,26,0
122,149,25,0
122,150,24,0
122,151,23,0
122,152,22,0
122,153,21,0
122,154,20,0
122,155,19,0
122,156,18,0
122,157,17,0
122,158,16,0
122,159,15,0
122,160,14,0
122,161,13,0
122,162,12,0
122,163,11,0
122,164,10,0
122,165,9,0
122,166,8,0
122,167,7,0
122,168,6,0
122,169,5,0
122,170,4,0
122,171,3,0
122,172,2,0
122,173,1,0
122,174,0,0
123,31,195,0
123,32,194,0
123,33,193,0
123,34,192,0
123,35,191,0
123,36,190,0
123,37,189,0
123,38,188,0
123,39,187,0
123,40,186,0
123,41,185,0
123,42,184,0
123,43,183,0
123,44,182,0
123,45,181,0
123,46,180,0
123,47,179,0
123,48,178,0
123,49,177,0
123,50,176,0
123,51,175,0
123,52,174,0
123,53,173,0
123,54,172,0
123,55,171,0
123,56,170,0
123,57,169,0
123,58,168,0
123,59,167,0
123,60,166,0
123,61,165,0
123,62,164,0
123,63,163,0
123,64,162,0
123,65,161,0
123,66,160,0
123,67,159,0
123,68,158,0
123,69,157,0
123,70,156,0
123,71,155,0
123,72,154,0
123,73,153,0
123,74,152,0
123,75,151,0
123,76,150,0
123,77,149,0
123,78,148,0
123,79,147,0
123,80,146,0
123,81,145,0
123,82,144,0
123,83,143,0
123,84,142,0
123,85,141,0
123,86,140,0
123,87,139,0
123,88,138,0
123,89,137,0
123,90,136,0
123,91,135,0
123,92,134,0
123,93,133,0
123,94,132,0
123,95,131,0
123,96,130,0
123,97,129,0
123,98,128,0
123,99,127,0
123,100,126,0
123,101,125,0
123,102,124,0
123,103,123,0
123,104,122,0
123,105,121,0
123,106,120,0
123,107,119,0
123,108,118,0
123,109,117,0
123,110,116,0
123,111,115,0
123,112,114,0
123,113,113,0
123,114,112,0
123,115,111,0
123,116,110,0
123,117,109,0
123,118,108,0
123,119,107,0
123,120,106,0
123,121,105,0
123,122,104,0
123,123,103,0
123,124,102,0
123,125,101,0
123,126,100,0
123,127,99,0
123,128,98,0
123,129,97,0
123,130,96,0
123,131,95,0
123,132,94,0
123,133,93,0
123,134,92,0
123,135,91,0
123,136,90,0
123,137,89,0
123,138,88,0
123,139,87,0
123,140,86,0
123,141,85,0
123,142,84,0
123,143,83,0
123,144,82,0
123,145,81,0
123,146,80,0
123,147,79,0
123,148,78,0
123,149,77,0
123,150,76,0
123,151,75,0
123,152,74,0
123,153,73,0
123,154,72,0
123,155,71,0
123,156,70,0
123,157,69,0
123,158,68,0
123,159,67,0
123,160,66,0
123,161,65,0
123,162,64,0
123,163,63,0
123,164,62,0
123,165,61,0
123,166,60,0
123,167,59,0
123,168,58,0
123,169,57,0
123,170,56,0
123,171,55,0
123,172,54,0
123,173,53,0
123,174,52,0
123,175,51,0
123,176,50,0
123,177,49,0
123,178,48,0
123,179,47,0
123,180,46,0
123,181,45,0
123,182,44,0
123,183,43,0
123,184,42,0
123,185,41,0
123,186,40,0
123,187,39,0
123,188,38,0
123,189,37,0
123,190,36,0
123,191,35,0
123,192,34,0
123,193,33,0
123,194,32,0
123,195,31,0
123,196,30,0
123,197,29,0
123,198,28,0
123,199,27,0
123,200,26,0
123,201,25,0
123,202,24,0
123,203,23,0
123,204,22,0
123,205,21,0
123,206,20,0
123,207,19,0
123,208,18,0
123,209,17,0
123,210,16,0
123,211,15,0
123,212,14,0
123,213,13,0
123,214,12,-1
123,215,11,0
123,216,10,-1
123,217,9,0
123,218,8,-1
123,219,7,0
123,220,6,-1
123,221,5,-1
123,222,4,-1
123,223,3,-1
123,224,2,-1
123,225,1,-1
123,226,0,-1
124,31,139,0
124,32,138,0
124,33,137,0
124,34,136,0
124,35,135,0
124,36,134,0
124,37,133,0
124,38,132,0
124,39,131,0
124,40,130,0
124,41,129,0
124,42,128,0
124,43,127,0
124,44,126,0
124,45,125,0
124,46,124,0
124,47,123,0
124,48,122,0
124,49,121,0
124,50,120,0
124,51,119,0
124,52,118,0
124,53,117,0
124,54,116,0
124,55,115,0
124,56,114,0
124,57,113,0
124,58,112,0
124,59,111,0
124,60,110,0
124,61,109,0
124,62,108,0
124,63,107,0
124,64,106,0
124,65,105,0
124,66,104,0
124,67,103,0
124,68,102,0
124,69,101,0
124,70,100,0
124,71,99,0
124,72,98,0
124,73,97,0
124,74,96,0
124,75,95,0
124,76,94,0
124,77,93,0
124,78,92,0
124,79,91,0
124,80,90,0
124,81,89,0
124,82,88,0
124,83,87,0
124,84,86,0
124,85,85,0
124,86,84,0
124,87,83,0
124,88,82,0
124,89,81,0
124,90,80,0
124,91,79,0
124,92,78,0
124,93,77,0
124,94,76,0
124,95,75,0
124,96,74,0
124,97,73,0
124,98,72,0
124,99,71,0
124,100,70,0
124,101,69,0
124,102,68,0
124,103,67,0
124,104,66,0
124,105,65,0
124,106,64,0
124,107,63,0
124,108,62,0
124,109,61,0
124,110,60,0
124,111,59,0
124,112,58,0
124,113,57,0
124,114,56,0
124,115,55,0
124,116,54,0
124,117,53,0
124,118,52,0
124,119,51,0
124,120,50,0
124,121,49,0
124,122,48,0
124,123,47,0
124,124,46,0
124,125,45,0
124,126,44,0
124,127,43,0
124,128,42,0
124,129,41,0
124,130,40,0
124,131,39,0
124,132,38,0
124,133,37,0
124,134,36,0
124,135,35,0
124,136,34,0
124,137,33,0
124,138,32,0
124,139,31,0
124,140,30,0
124,141,29,0
124,142,28,0
124,143,27,0
124,144,26,0
124,145,25,0
124,146,24,0
124,147,23,0
124,148,22,0
124,149,21,0
124,150,20,0
124,151,19,0
124,152,18,0
124,153,17,0
124,154,16,0
124,155,15,0
124,156,14,0
124,157,13,0
124,158,12,0
124,159,11,0
124,160,10,0
124,161,9,0
124,162,8,0
124,163,7,0
124,164,6,0
124,165,5,0
124,166,4,0
124,167,3,0
124,168,2,0
124,169,1,0
124,170,0,0
125,31,208,0
125,32,207,0
125,33,206,0
125,34,205,0
125,35,204,0
125,36,203,0
125,37,202,0
125,38,201,0
125,39,200,0
125,40,199,0
125,41,198,0
125,42,197,0
125,43,196,0
125,44,195,0
125,45,194,0
125,46,193,0
125,47,192,0
125,48,191,0
125,49,190,0
125,50,189,0
125,51,188,0
125,52,187,0
125,53,186,0
125,54,185,0
125,55,184,0
125,56,183,0
125,57,182,0
125,58,181,0
125,59,180,0
125,60,179,0
125,61,178,0
125,62,177,0
125,63,176,0
125,64,175,0
125,65,174,0
125,66,173,0
125,67,172,0
125,68,171,0
125,69,170,0
125,70,169,0
125,71,168,0
125,72,167,0
125,73,166,0
125,74,165,0
125,75,164,0
125,76,163,0
125,77,162,0
125,78,161,0
125,79,160,0
125,80,159,0
125,81,158,0
125,82,157,0
125,83,156,0
125,84,155,0
125,85,154,0
125,86,153,0
125,87,152,0
125,88,151,0
125,89,150,0
125,90,149,0
125,91,148,0
125,92,147,0
125,93,146,0
125,94,145,0
125,95,144,0
125,96,143,0
125,97,142,0
125,98,141,0
125,99,140,0
125,100,139,0
125,101,138,0
125,102,137,0
125,103,136,0
125,104,135,0
125,105,134,0
125,106,133,0
125,107,132,0
125,108,131,0
125,109,130,0
125,110,129,0
125,111,128,0
125,112,127,0
125,113,126,0
125,114,125,0
125,115,124,0
125,116,123,0
125,117,122,0
125,118,121,0
125,119,120,0
125,120,119,0
125,121,118,0
125,122,117,0
125,123,116,0
125,124,115,0
125,125,114,0
125,126,113,0
125,127,112,0
125,128,111,0
125,129,110,0
125,130,109,0
125,131,108,0
125,132,107,0
125,133,106,0
125,134,105,0
125,135,104,0
125,136,103,0
125,137,102,0
125,138,101,0
125,139,100,0
125,140,99,0
125,141,98,0
125,142,97,0
125,143,96,0
125,144,95,0
125,145,94,0
125,146,93,0
125,147,92,0
125,148,91,0
125,149,90,0
125,150,89,0
125,151,88,0
125,152,87,0
125,153,86,0
125,154,85,0
125,155,84,0
125,156,83,0
125,157,82,0
125,158,81,0
125,159,80,0
125,160,79,0
125,161,78,0
125,162,77,0
125,163,76,0
125,164,75,0
125,165,74,0
125,166,73,0
125,167,72,0
125,168,71,0
125,169,70,0
125,170,69,0
125,171,68,0
125,172,67,0
125,173,66,0
125,174,65,0
125,175,64,0
125,176,63,0
125,177,62,0
125,178,61,0
125,179,60,0
125,180,59,0
125,181,58,0
125,182,57,0
125,183,56,0
125,184,55,0
125,185,54,0
125,186,53,0
125,187,52,0
125,188,51,0
125,189,50,0
125,190,49,0
125,191,48,0
125,192,47,0
125,193,46,0
125,194,45,0
125,195,44,0
125,196,43,0
125,197,42,0
125,198,41,0
125,199,40,0
125,200,39,0
125,201,38,0
125,202,37,0
125,203,36,0
125,204,35,0
125,205,34,0
125,206,33,0
125,207,32,0
125,208,31,0
125,209,30,0
125,210,29,0
125,211,28,0
125,212,27,0
125,213,26,0
125,214,25,0
125,215,24,0
125,216,23,0
125,217,22,0
125,218,21,0
125,219,20,0
125,220,19,0
125,221,18,0
125,222,17,0
125,223,16,0
125,224,15,0
125,225,14,0
125,226,13,0
125,227,12,0
125,228,11,0
125,229,10,0
125,230,9,0
125,231,8,0
125,232,7,0
125,233,6,0
125,234,5,0
125,235,4,0
125,236,3,0
125,237,2,0
125,238,1,0
125,239,0,0
126,31,271,0
126,32,270,0
126,33,269,0
126,34,268,0
126,35,267,0
126,36,266,0
126,37,265,0
126,38,264,0
126,39,263,0
126,40,262,0
126,41,261,0
126,42,260,0
126,43,259,0
126,44,258,0
126,45,257,0
126,46,256,0
126,47,255,0
126,48,254,0
126,49,253,0
126,50,252,0
126,51,251,0
126,52,250,0
126,53,249,0
126,54,248,0
126,55,247,0
126,56,246,0
126,57,245,0
126,58,244,0
126,59,243,0
126,60,242,0
126,61,241,0
126,62,240,0
126,63,239,0
126,64,238,0
126,65,237,0
126,66,236,0
126,67,235,0
126,68,234,0
126,69,233,0
126,70,232,0
126,71,231,0
126,72,230,0
126,73,229,0
126,74,228,0
126,75,227,0
126,76,226,0
126,77,225,0
126,78,224,0
126,79,223,0
126,80,222,0
126,81,221,0
126,82,220,0
126,83,219,0
126,84,218,0
126,85,217,0
126,86,216,0
126,87,215,0
126,88,214,0
126,89,213,0
126,90,212,0
126,91,211,0
126,92,210,0
126,93,209,0
126,94,208,0
126,95,207,0
126,96,206,0
126,97,205,0
126,98,204,0
126,99,203,0
126,100,202,0
126,101,201,0
126,102,200,0
126,103,199,0
126,104,198,0
126,105,197,0
126,106,196,0
126,107,195,0
126,108,194,0
126,109,193,0
126,110,192,0
126,111,191,0
126,112,190,0
126,113,189,0
126,114,188,0
126,115,187,0
126,116,186,0
126,117,185,0
126,118,184,0
126,119,183,0
126,120,182,0
126,121,181,0
126,122,180,0
126,123,179,0
126,124,178,0
126,125,177,0
126,126,176,0
126,127,175,0
126,128,174,0
126,129,173,0
126,130,172,0
126,131,171,0
126,132,170,0
126,133,169,0
126,134,168,0
126,135,167,0
126,136,166,0
126,137,165,0
126,138,164,0
126,139,163,0
126,140,162,0
126,141,161,0
126,142,160,0
126,143,159,0
126,144,158,0
126,145,157,0
126,146,156,0
126,147,155,0
126,148,154,0
126,149,153,0
126,150,152,0
126,151,151,0
126,152,150,0
126,153,149,0
126,154,148,0
126,155,147,0
126,156,146,0
126,157,145,0
126,158,144,0
126,159,143,0
126,160,142,0
126,161,141,0
126,162,140,0
126,163,139,0
126,164,138,0
126,165,137,0
126,166,136,0
126,167,135,0
126,168,134,0
126,169,133,0
126,170,132,0
126,171,131,0
126,172,130,0
126,173,129,0
126,174,128,0
126,175,127,0
126,176,126,0
126,177,125,0
126,178,124,0
126,179,123,0
126,180,122,0
126,181,121,0
126,182,120,0
126,183,119,0
126,184,118,0
126,185,117,0
126,186,116,0
126,187,115,0
126,188,114,0
126,189,113,0
126,190,112,0
126,191,111,0
126,192,110,0
126,193,109,0
126,194,108,0
126,195,107,0
126,196,106,0
126,197,105,0
126,198,104,0
126,199,103,0
126,200,102,0
126,201,101,0
126,202,100,0
126,203,99,0
126,204,98,0
126,205,97,0
126,206,96,0
126,207,95,0
126,208,94,0
126,209,93,0
126,210,92,0
126,211,91,0
126,212,90,0
126,213,89,0
126,214,88,0
126,215,87,0
126,216,86,0
126,217,85,0
126,218,84,0
126,219,83,0
126,220,82,0
126,221,81,0
126,222,80,0
126,223,79,0
126,224,78,0
126,225,77,0
126,226,76,0
126,227,75,0
126,228,74,0
126,229,73,0
126,230,72,0
126,231,71,0
126,232,70,0
126,233,69,0
126,234,68,0
126,235,67,0
126,236,66,0
126,237,65,0
126,238,64,0
126,239,63,0
126,240,62,0
126,241,61,0
126,242,60,0
126,243,59,0
126,244,58,0
126,245,57,0
126,246,56,0
126,247,55,0
126,248,54,0
126,249,53,0
126,250,52,0
126,251,51,0
126,252,50,0
126,253,49,0
126,254,48,0
126,255,47,0
126,256,46,0
126,257,45,0
126,258,44,0
126,259,43,0
126,260,42,0
126,261,41,0
126,262,40,0
126,263,39,0
126,264,38,0
126,265,37,0
126,266,36,0
126,267,35,0
126,268,34,0
126,269,33,0
126,270,32,0
126,271,31,0
126,272,30,0
126,273,29,0
126,274,28,0
126,275,27,0
126,276,26,0
126,277,25,0
126,278,24,0
126,279,23,0
126,280,22,0
126,281,21,0
126,282,20,0
126,283,19,0
126,284,18,0
126,285,17,0
126,286,16,0
126,287,15,0
126,288,14,0
126,289,13,0
126,290,12,0
126,291,11,0
126,292,10,0
126,293,9,0
126,294,8,0
126,295,7,0
126,296,6,0
126,297,5,0
126,298,4,0
126,299,3,0
126,300,2,0
126,301,1,0
126,302,0,0
127,31,204,0
127,32,203,0
127,33,202,0
127,34,201,0
127,35,200,0
127,36,199,0
127,37,198,0
127,38,197,0
127,39,196,0
127,40,195,0
127,41,194,0
127,42,193,0
127,43,192,0
127,44,191,0
127,45,190,0
127,46,189,0
127,47,188,0
127,48,187,0
127,49,186,0
127,50,185,0
127,51,184,0
127,52,183,0
127,53,182,0
127,54,181,0
127,55,180,0
127,56,179,0
127,57,178,0
127,58,177,0
127,59,176,0
127,60,175,0
127,61,174,0
127,62,173,0
127,63,172,0
127,64,171,0
127,65,170,0
127,66,169,0
127,67,168,0
127,68,167,0
127,69,166,0
127,70,165,0
127,71,164,0
127,72,163,0
127,73,162,0
127,74,161,0
127,75,160,0
127,76,159,0
127,77,158,0
127,78,157,0
127,79,156,0
127,80,155,0
127,81,154,0
127,82,153,0
127,83,152,0
127,84,151,0
127,85,150,0
127,86,149,0
127,87,148,0
127,88,147,0
127,89,146,0
127,90,145,0
127,91,144,0
127,92,143,0
127,93,142,0
127,94,141,0
127,95,140,0
127,96,139,0
127,97,138,0
127,98,137,0
127,99,136,0
127,100,135,0
127,101,134,0
127,102,133,0
127,103,132,0
127,104,131,0
127,105,130,0
127,106,129,0
127,107,128,0
127,108,127,0
127,109,126,0
127,110,125,0
127,111,124,0
127,112,123,0
127,113,122,0
127,114,121,0
127,115,120,0
127,116,119,0
127,117,118,0
127,118,117,0
127,119,116,0
127,120,115,0
127,121,114,0
127,122,113,0
127,123,112,0
127,124,111,0
127,125,110,0
127,126,109,0
127,127,108,0
127,128,107,0
127,129,106,0
127,130,105,0
127,131,104,0
127,132,103,0
127,133,102,0
127,134,101,0
127,135,100,0
127,136,99,0
127,137,98,0
127,138,97,0
127,139,96,0
127,140,95,0
127,141,94,0
127,142,93,0
127,143,92,0
127,144,91,0
127,145,90,0
127,146,89,0
127,147,88,0
127,148,87,0
127,149,86,0
127,150,85,0
127,151,84,0
127,152,83,0
127,153,82,0
127,154,81,0
127,155,80,0
127,156,79,0
127,157,78,0
127,158,77,0
127,159,76,0
127,160,75,0
127,161,74,0
127,162,73,0
127,163,72,0
127,164,71,0
127,165,70,0
127,166,69,0
127,167,68,0
127,168,67,0
127,169,66,0
127,170,65,0
127,171,64,0
127,172,63,0
127,173,62,0
127,174,61,0
127,175,60,0
127,176,59,0
127,177,58,0
127,178,57,0
127,179,56,0
127,180,55,0
127,181,54,0
127,182,53,0
127,183,52,0
127,184,51,0
127,185,50,0
127,186,49,0
127,187,48,0
127,188,47,0
127,189,46,0
127,190,45,0
127,191,44,0
127,192,43,0
127,193,42,0
127,194,41,0
127,195,40,0
127,196,39,0
127,197,38,0
127,198,37,0
127,199,36,0
127,200,35,0
127,201,34,0
127,202,33,0
127,203,32,0
127,204,31,0
127,205,30,0
127,206,29,0
127,207,28,0
127,208,27,0
127,209,26,0
127,210,25,0
127,211,24,0
127,212,23,0
127,213,22,0
127,214,21,0
127,215,20,0
127,216,19,0
127,217,18,0
127,218,17,0
127,219,16,0
127,220,15,0
127,221,14,0
127,222,13,0
127,223,12,0
127,224,11,0
127,225,10,0
127,226,9,0
127,227,8,0
127,228,7,0
127,229,6,0
127,230,5,0
127,231,4,0
127,232,3,0
127,233,2,0
127,234,1,0
127,235,0,0
128,31,217,0
128,32,216,0
128,33,215,0
128,34,214,0
128,35,213,0
128,36,212,0
128,37,211,0
128,38,210,0
128,39,209,0
128,40,208,0
128,41,207,0
128,42,206,0
128,43,205,0
128,44,204,0
128,45,203,0
128,46,202,0
128,47,201,0
128,48,200,0
128,49,199,0
128,50,198,0
128,51,197,0
128,52,196,0
128,53,195,0
128,54,194,0
128,55,193,0
128,56,192,0
128,57,191,0
128,58,190,0
128,59,189,0
128,60,188,0
128,61,187,0
128,62,186,0
128,63,185,0
128,64,184,0
128,65,183,0
128,66,182,0
128,67,181,0
128,68,180,0
128,69,179,0
128,70,178,0
128,71,177,0
128,72,176,0
128,73,175,0
128,74,174,0
128,75,173,0
128,76,172,0
128,77,171,0
128,78,170,0
128,79,169,0
128,80,168,0
128,81,167,0
128,82,166,0
128,83,165,0
128,84,164,0
128,85,163,0
128,86,162,0
128,87,161,0
128,88,160,0
128,89,159,0
128,90,158,0
128,91,157,0
128,92,156,0
128,93,155,0
128,94,154,0
128,95,153,0
128,96,152,0
128,97,151,0
128,98,150,0
128,99,149,0
128,100,148,0
128,101,147,0
128,102,146,0
128,103,145,0
128,104,144,0
128,105,143,0
128,106,142,0
128,107,141,0
128,108,140,0
128,109,139,0
128,110,138,0
128,111,137,0
128,112,136,0
128,113,135,0
128,114,134,0
128,115,133,0
128,116,132,0
128,117,131,0
128,118,130,0
128,119,129,0
128,120,128,0
128,121,127,0
128,122,126,0
128,123,125,0
128,124,124,0
128,125,123,0
128,126,122,0
128,127,121,0
128,128,120,0
128,129,119,0
128,130,118,0
128,131,117,0
128,132,116,0
128,133,115,0
128,134,114,0
128,135,113,0
128,136,112,0
128,137,111,0
128,138,110,0
128,139,109,0
128,140,108,0
128,141,107,0
128,142,106,0
128,143,105,0
128,144,104,0
128,145,103,0
128,146,102,0
128,147,101,0
128,148,100,0
128,149,99,0
128,150,98,0
128,151,97,0
128,152,96,0
128,153,95,0
128,154,94,0
128,155,93,0
128,156,92,0
128,157,91,0
128,158,90,0
128,159,89,0
128,160,88,0
128,161,87,0
128,162,86,0
128,163,85,0
128,164,84,0
128,165,83,0
128,166,82,0
128,167,81,0
128,168,80,0
128,169,79,0
128,170,78,0
128,171,77,0
128,172,76,0
128,173,75,0
128,174,74,0
128,175,73,0
128,176,72,0
128,177,71,0
128,178,70,0
128,179,69,0
128,180,68,0
128,181,67,0
128,182,66,0
128,183,65,0
128,184,64,0
128,185,63,0
128,186,62,0
128,187,61,0
128,188,60,0
128,189,59,0
128,190,58,0
128,191,57,0
128,192,56,0
128,193,55,0
128,194,54,0
128,195,53,0
128,196,52,0
128,197,51,0
128,198,50,0
128,199,49,0
128,200,48,0
128,201,47,0
128,202,46,0
128,203,45,0
128,204,44,0
128,205,43,0
128,206,42,0
128,207,41,0
128,208,40,0
128,209,39,0
128,210,38,0
128,211,37,0
128,212,36,0
128,213,35,0
128,214,34,0
128,215,33,0
128,216,32,0
128,217,31,0
128,218,30,0
128,219,29,0
128,220,28,0
128,221,27,0
128,222,26,0
128,223,25,0
128,224,24,0
128,225,23,0
128,226,22,0
128,227,21,0
128,228,20,0
128,229,19,0
128,230,18,0
128,231,17,0
128,232,16,0
128,233,15,0
128,234,14,0
128,235,13,0
128,236,12,0
128,237,11,0
128,238,10,0
128,239,9,0
128,240,8,0
128,241,7,0
128,242,6,0
128,243,5,0
128,244,4,0
128,245,3,0
128,246,2,0
128,247,1,0
128,248,0,0
129,31,159,0
129,32,158,0
129,33,157,0
129,34,156,0
129,35,155,0
129,36,154,0
129,37,153,0
129,38,152,0
129,39,151,0
129,40,150,0
129,41,149,0
129,42,148,0
129,43,147,0
129,44,146,0
129,45,145,0
129,46,144,0
129,47,143,0
129,48,142,0
129,49,141,0
129,50,140,0
129,51,139,0
129,52,138,0
129,53,137,0
129,54,136,0
129,55,135,0
129,56,134,0
129,57,133,0
129,58,132,0
129,59,131,0
129,60,130,0
129,61,129,0
129,62,128,0
129,63,127,0
129,64,126,0
129,65,125,0
129,66,124,0
129,67,123,0
129,68,122,0
129,69,121,0
129,70,120,0
129,71,119,0
129,72,118,0
129,73,117,0
129,74,116,0
129,75,115,0
129,76,114,0
129,77,113,0
129,78,112,0
129,79,111,0
129,80,110,0
129,81,109,0
129,82,108,0
129,83,107,0
129,84,106,0
129,85,105,0
129,86,104,0
129,87,103,0
129,88,102,0
129,89,101,0
129,90,100,0
129,91,99,0
129,92,98,0
129,93,97,0
129,94,96,0
129,95,95,0
129,96,94,0
129,97,93,0
129,98,92,0
129,99,91,0
129,100,90,0
129,101,89,0
129,102,88,0
129,103,87,0
129,104,86,0
129,105,85,0
129,106,84,0
129,107,83,0
129,108,82,0
129,109,81,0
129,110,80,0
129,111,79,0
129,112,78,0
129,113,77,0
129,114,76,0
129,115,75,0
129,116,74,0
129,117,73,0
129,118,72,0
129,119,71,0
129,120,70,0
129,121,69,0
129,122,68,0
129,123,67,0
129,124,66,0
129,125,65,0
129,126,64,0
129,127,63,0
129,128,62,0
129,129,61,0
129,130,60,0
129,131,59,0
129,132,58,0
129,133,57,0
129,134,56,0
129,135,55,0
129,136,54,0
129,137,53,0
129,138,52,0
129,139,51,0
129,140,50,0
129,141,49,0
129,142,48,0
129,143,47,0
129,144,46,0
129,145,45,0
129,146,44,0
129,147,43,0
129,148,42,0
129,149,41,0
129,150,40,0
129,151,39,0
129,152,38,0
129,153,37,0
129,154,36,0
129,155,35,0
129,156,34,0
129,157,33,0
129,158,32,0
129,159,31,0
129,160,30,0
129,161,29,0
129,162,28,0
129,163,27,0
129,164,26,0
129,165,25,0
129,166,24,0
129,167,23,0
129,168,22,0
129,169,21,0
129,170,20,0
129,171,19,0
129,172,18,0
129,173,17,0
129,174,16,0
129,175,15,0
129,176,14,0
129,177,13,0
129,178,12,0
129,179,11,0
129,180,10,0
129,181,9,0
129,182,8,0
129,183,7,0
129,184,6,0
129,185,5,0
129,186,4,0
129,187,3,0
129,188,2,0
129,189,1,0
129,190,0,0
130,31,135,0
130,32,134,0
130,33,133,0
130,34,132,0
130,35,131,0
130,36,130,0
130,37,129,0
130,38,128,0
130,39,127,0
130,40,126,0
130,41,125,0
130,42,124,0
130,43,123,0
130,44,122,0
130,45,121,0
130,46,120,0
130,47,119,0
130,48,118,0
130,49,117,0
130,50,116,0
130,51,115,0
130,52,114,0
130,53,113,0
130,54,112,0
130,55,111,0
130,56,110,0
130,57,109,0
130,58,108,0
130,59,107,0
130,60,106,0
130,61,105,0
130,62,104,0
130,63,103,0
130,64,102,0
130,65,101,0
130,66,100,0
130,67,99,0
130,68,98,0
130,69,97,0
130,70,96,0
130,71,95,0
130,72,94,0
130,73,93,0
130,74,92,0
130,75,91,0
130,76,90,0
130,77,89,0
130,78,88,0
130,79,87,0
130,80,86,0
130,81,85,0
130,82,84,0
130,83,83,0
130,84,82,0
130,85,81,0
130,86,80,0
130,87,79,0
130,88,78,0
130,89,77,0
130,90,76,0
130,91,75,0
130,92,74,0
130,93,73,0
130,94,72,0
130,95,71,0
130,96,70,0
130,97,69,0
130,98,68,0
130,99,67,0
130,100,66,0
130,101,65,0
130,102,64,0
130,103,63,0
130,104,62,0
130,105,61,0
130,106,60,0
130,107,59,0
130,108,58,0
130,109,57,0
130,110,56,0
130,111,55,0
130,112,54,0
130,113,53,0
130,114,52,0
130,115,51,0
130,116,50,0
130,117,49,0
130,118,48,0
130,119,47,0
130,120,46,0
130,121,45,0
130,122,44,0
130,123,43,0
130,124,42,0
130,125,41,0
130,126,40,0
130,127,39,0
130,128,38,0
130,129,37,0
130,130,36,0
130,131,35,0
130,132,34,0
130,133,33,0
130,134,32,0
130,135,31,0
130,136,30,0
130,137,29,0
130,138,28,0
130,139,27,0
130,140,26,0
130,141,25,0
130,142,24,0
130,143,23,0
130,144,22,0
130,145,21,0
130,146,20,0
130,147,19,0
130,148,18,0
130,149,17,0
130,150,16,0
130,151,15,0
130,152,14,0
130,153,13,0
130,154,12,0
130,155,11,0
130,156,10,0
130,157,9,0
130,158,8,0
130,159,7,0
130,160,6,0
130,161,5,0
130,162,4,0
130,163,3,-1
130,164,2,0
130,165,1,0
130,166,0,-1
131,31,339,0
131,32,338,0
131,33,337,0
131,34,336,0
131,35,335,0
131,36,334,0
131,37,333,0
131,38,332,0
131,39,331,0
131,40,330,0
131,41,329,0
131,42,328,0
131,43,327,0
131,44,326,0
131,45,325,0
131,46,324,0
131,47,323,0
131,48,322,0
131,49,321,0
131,50,320,0
131,51,319,0
131,52,318,0
131,53,317,0
131,54,316,0
131,55,315,0
131,56,314,0
131,57,313,0
131,58,312,0
131,59,311,0
131,60,310,0
131,61,309,0
131,62,308,0
131,63,307,0
131,64,306,0
131,65,305,0
131,66,304,0
131,67,303,0
131,68,302,0
131,69,301,0
131,70,300,0
131,71,299,0
131,72,298,0
131,73,297,0
131,74,296,0
131,75,295,0
131,76,294,0
131,77,293,0
131,78,292,0
131,79,291,0
131,80,290,0
131,81,289,0
131,82,288,0
131,83,287,0
131,84,286,0
131,85,285,0
131,86,284,0
131,87,283,0
131,88,282,0
131,89,281,0
131,90,280,0
131,91,279,0
131,92,278,0
131,93,277,0
131,94,276,0
131,95,275,0
131,96,274,0
131,97,273,0
131,98,272,0
131,99,271,0
131,100,270,0
131,101,269,0
131,102,268,0
131,103,267,0
131,104,266,0
131,105,265,0
131,106,264,0
131,107,263,0
131,108,262,0
131,109,261,0
131,110,260,0
131,111,259,0
131,112,258,0
131,113,257,0
131,114,256,0
131,115,255,0
131,116,254,0
131,117,253,0
131,118,252,0
131,119,251,0
131,120,250,0
131,121,249,0
131,122,248,0
131,123,247,0
131,124,246,0
131,125,245,0
131,126,244,0
131,127,243,0
131,128,242,0
131,129,241,0
131,130,240,0
131,131,239,0
131,132,238,0
131,133,237,0
131,134,236,0
131,135,235,0
131,136,234,0
131,137,233,0
131,138,232,0
131,139,231,0
131,140,230,0
131,141,229,0
131,142,228,0
131,143,227,0
131,144,226,0
131,145,225,0
131,146,224,0
131,147,223,0
131,148,222,0
131,149,221,0
131,150,220,0
131,151,219,0
131,152,218,0
131,153,217,0
131,154,216,0
131,155,215,0
131,156,214,0
131,157,213,0
131,158,212,0
131,159,211,0
131,160,210,0
131,161,209,0
131,162,208,0
131,163,207,0
131,164,206,0
131,165,205,0
131,166,204,0
131,167,203,0
131,168,202,0
131,169,201,0
131,170,200,0
131,171,199,0
131,172,198,0
131,173,197,0
131,174,196,0
131,175,195,0
131,176,194,0
131,177,193,0
131,178,192,0
131,179,191,0
131,180,190,0
131,181,189,0
131,182,188,0
131,183,187,0
131,184,186,0
131,185,185,0
131,186,184,0
131,187,183,0
131,188,182,0
131,189,181,0
131,190,180,0
131,191,179,0
131,192,178,0
131,193,177,0
131,194,176,0
131,195,175,0
131,196,174,0
131,197,173,0
131,198,172,0
131,199,171,0
131,200,170,0
131,201,169,0
131,202,168,0
131,203,167,0
131,204,166,0
131,205,165,0
131,206,164,0
131,207,163,0
131,208,162,0
131,209,161,0
131,210,160,0
131,211,159,0
131,212,158,0
131,213,157,0
131,214,156,0
131,215,155,0
131,216,154,0
131,217,153,0
131,218,152,0
131,219,151,0
131,220,150,0
131,221,149,0
131,222,148,0
131,223,147,0
131,224,146,0
131,225,145,0
131,226,144,0
131,227,143,0
131,228,142,0
131,229,141,0
131,230,140,0
131,231,139,0
131,232,138,0
131,233,137,0
131,234,136,0
131,235,135,0
131,236,134,0
131,237,133,0
131,238,132,0
131,239,131,0
131,240,130,0
131,241,129,0
131,242,128,0
131,243,127,0
131,244,126,0
131,245,125,0
131,246,124,0
131,247,123,0
131,248,122,0
131,249,121,0
131,250,120,0
131,251,119,0
131,252,118,0
131,253,117,0
131,254,116,0
131,255,115,0
131,256,114,0
131,257,113,0
131,258,112,0
131,259,111,0
131,260,110,0
131,261,109,0
131,262,108,0
131,263,107,0
131,264,106,0
131,265,105,0
131,266,104,0
131,267,103,0
131,268,102,0
131,269,101,0
131,270,100,0
131,271,99,0
131,272,98,0
131,273,97,0
131,274,96,0
131,275,95,0
131,276,94,0
131,277,93,0
131,278,92,0
131,279,91,0
131,280,90,0
131,281,89,0
131,282,88,0
131,283,87,0
131,284,86,0
131,285,85,0
131,286,84,0
131,287,83,0
131,288,82,0
131,289,81,0
131,290,80,0
131,291,79,0
131,292,78,0
131,293,77,0
131,294,76,0
131,295,75,0
131,296,74,0
131,297,73,0
131,298,72,0
131,299,71,0
131,300,70,0
131,301,69,0
131,302,68,0
131,303,67,0
131,304,66,0
131,305,65,0
131,306,64,0
131,307,63,0
131,308,62,0
131,309,61,0
131,310,60,0
131,311,59,0
131,312,58,0
131,313,57,0
131,314,56,0
131,315,55,0
131,316,54,0
131,317,53,0
131,318,52,0
131,319,51,0
131,320,50,0
131,321,49,0
131,322,48,0
131,323,47,0
131,324,46,0
131,325,45,0
131,326,44,0
131,327,43,0
131,328,42,0
131,329,41,0
131,330,40,0
131,331,39,0
131,332,38,0
131,333,37,0
131,334,36,0
131,335,35,0
131,336,34,0
131,337,33,0
131,338,32,0
131,339,31,0
131,340,30,0
131,341,29,0
131,342,28,0
131,343,27,0
131,344,26,0
131,345,25,0
131,346,24,0
131,347,23,0
131,348,22,0
131,349,21,0
131,350,20,0
131,351,19,0
131,352,18,0
131,353,17,0
131,354,16,0
131,355,15,0
131,356,14,0
131,357,13,0
131,358,12,0
131,359,11,0
131,360,10,0
131,361,9,0
131,362,8,0
131,363,7,0
131,364,6,0
131,365,5,0
131,366,4,0
131,367,3,0
131,368,2,0
131,369,1,0
131,370,0,0
132,31,223,0
132,32,222,0
132,33,221,0
132,34,220,0
132,35,219,0
132,36,218,0
132,37,217,0
132,38,216,0
132,39,215,0
132,40,214,0
132,41,213,0
132,42,212,0
132,43,211,0
132,44,210,0
132,45,209,0
132,46,208,0
132,47,207,0
132,48,206,0
132,49,205,0
132,50,204,0
132,51,203,0
132,52,202,0
132,53,201,0
132,54,200,0
132,55,199,0
132,56,198,0
132,57,197,0
132,58,196,0
132,59,195,0
132,60,194,0
132,61,193,0
132,62,192,0
132,63,191,0
132,64,190,0
132,65,189,0
132,66,188,0
132,67,187,0
132,68,186,0
132,69,185,0
132,70,184,0
132,71,183,0
132,72,182,0
132,73,181,0
132,74,180,0
132,75,179,0
132,76,178,0
132,77,177,0
132,78,176,0
132,79,175,0
132,80,174,0
132,81,173,0
132,82,172,0
132,83,171,0
132,84,170,0
132,85,169,0
132,86,168,0
132,87,167,0
132,88,166,0
132,89,165,0
132,90,164,0
132,91,163,0
132,92,162,0
132,93,161,0
132,94,160,0
132,95,159,0
132,96,158,0
132,97,157,0
132,98,156,0
132,99,155,0
132,100,154,0
132,101,153,0
132,102,152,0
132,103,151,0
132,104,150,0
132,105,149,0
132,106,148,0
132,107,147,0
132,108,146,0
132,109,145,0
132,110,144,0
132,111,143,0
132,112,142,0
132,113,141,0
132,114,140,0
132,115,139,0
132,116,138,0
132,117,137,0
132,118,136,0
132,119,135,0
132,120,134,0
132,121,133,0
132,122,132,0
132,123,131,0
132,124,130,0
132,125,129,0
132,126,128,0
132,127,127,0
132,128,126,0
132,129,125,0
132,130,124,0
132,131,123,0
132,132,122,0
132,133,121,0
132,134,120,0
132,135,119,0
132,136,118,0
132,137,117,0
132,138,116,0
132,139,115,0
132,140,114,0
132,141,113,0
132,142,112,0
132,143,111,0
132,144,110,0
132,145,109,0
132,146,108,0
132,147,107,0
132,148,106,0
132,149,105,0
132,150,104,0
132,151,103,0
132,152,102,0
132,153,101,0
132,154,100,0
132,155,99,0
132,156,98,0
132,157,97,0
132,158,96,0
132,159,95,0
132,160,94,0
132,161,93,0
132,162,92,0
132,163,91,0
132,164,90,0
132,165,89,0
132,166,88,0
132,167,87,0
132,168,86,0
132,169,85,0
132,170,84,0
132,171,83,0
132,172,82,0
132,173,81,0
132,174,80,0
132,175,79,0
132,176,78,0
132,177,77,0
132,178,76,0
132,179,75,0
132,180,74,0
132,181,73,0
132,182,72,0
132,183,71,0
132,184,70,0
132,185,69,0
132,186,68,0
132,187,67,0
132,188,66,0
132,189,65,0
132,190,64,0
132,191,63,0
132,192,62,0
132,193,61,0
132,194,60,0
132,195,59,0
132,196,58,0
132,197,57,0
132,198,56,0
132,199,55,0
132,200,54,0
132,201,53,0
132,202,52,0
132,203,51,0
132,204,50,0
132,205,49,0
132,206,48,0
132,207,47,0
132,208,46,0
132,209,45,0
132,210,44,0
132,211,43,0
132,212,42,0
132,213,41,0
132,214,40,0
132,215,39,0
132,216,38,0
132,217,37,0
132,218,36,0
132,219,35,0
132,220,34,0
132,221,33,0
132,222,32,0
132,223,31,0
132,224,30,0
132,225,29,0
132,226,28,0
132,227,27,0
132,228,26,0
132,229,25,0
132,230,24,0
132,231,23,0
132,232,22,0
132,233,21,0
132,234,20,0
132,235,19,0
132,236,18,0
132,237,17,0
132,238,16,0
132,239,15,0
132,240,14,0
132,241,13,0
132,242,12,0
132,243,11,0
132,244,10,0
132,245,9,0
132,246,8,0
132,247,7,0
132,248,6,0
132,249,5,0
132,250,4,0
132,251,3,0
132,252,2,0
132,253,1,0
132,254,0,0
133,31,458,0
133,32,457,0
133,33,456,0
133,34,455,0
133,35,454,0
133,36,453,0
133,37,452,0
133,38,451,0
133,39,450,0
133,40,449,0
133,41,448,0
133,42,447,0
133,43,446,0
133,44,445,0
133,45,444,0
133,46,443,0
133,47,442,0
133,48,441,0
133,49,440,0
133,50,439,0
133,51,438,0
133,52,437,0
133,53,436,0
133,54,435,0
133,55,434,0
133,56,433,0
133,57,432,0
133,58,431,0
133,59,430,0
133,60,429,0
133,61,428,0
133,62,427,0
133,63,426,0
133,64,425,0
133,65,424,0
133,66,423,0
133,67,422,0
133,68,421,0
133,69,420,0
133,70,419,0
133,71,418,0
133,72,417,0
133,73,416,0
133,74,415,0
133,75,414,0
133,76,413,0
133,77,412,0
133,78,411,0
133,79,410,0
133,80,409,0
133,81,408,0
133,82,407,0
133,83,406,0
133,84,405,0
133,85,404,0
133,86,403,0
133,87,402,0
133,88,401,0
133,89,400,0
133,90,399,0
133,91,398,0
133,92,397,0
133,93,396,0
133,94,395,0
133,95,394,0
133,96,393,0
133,97,392,0
133,98,391,0
133,99,390,0
133,100,389,0
133,101,388,0
133,102,387,0
133,103,386,0
133,104,385,0
133,105,384,0
133,106,383,0
133,107,382,0
133,108,381,0
133,109,380,0
133,110,379,0
133,111,378,0
133,112,377,0
133,113,376,0
133,114,375,0
133,115,374,0
133,116,373,0
133,117,372,0
133,118,371,0
133,119,370,-1
133,120,369,0
133,121,368,0
133,122,367,0
133,123,366,0
133,124,365,0
133,125,364,0
133,126,363,0
133,127,362,0
133,128,361,0
133,129,360,0
133,130,359,0
133,131,358,0
133,132,357,0
133,133,356,0
133,134,355,0
133,135,354,0
133,136,353,0
133,137,352,0
133,138,351,0
133,139,350,0
133,140,349,0
133,141,348,0
133,142,347,0
133,143,346,0
133,144,345,0
133,145,344,0
133,146,343,0
133,147,342,0
133,148,341,0
133,149,340,0
133,150,339,0
133,151,338,0
133,152,337,0
133,153,336,0
133,154,335,0
133,155,334,0
133,156,333,0
133,157,332,0
133,158,331,0
133,159,330,0
133,160,329,0
133,161,328,0
133,162,327,0
133,163,326,0
133,164,325,0
133,165,324,0
133,166,323,0
133,167,322,0
133,168,321,0
133,169,320,0
133,170,319,0
133,171,318,0
133,172,317,0
133,173,316,0
133,174,315,0
133,175,314,0
133,176,313,0
133,177,312,0
133,178,311,0
133,179,310,0
133,180,309,0
133,181,308,0
133,182,307,0
133,183,306,0
133,184,305,0
133,185,304,0
133,186,303,0
133,187,302,0
133,188,301,0
133,189,300,0
133,190,299,0
133,191,298,0
133,192,297,0
133,193,296,0
133,194,295,0
133,195,294,0
133,196,293,0
133,197,292,0
133,198,291,0
133,199,290,0
133,200,289,0
133,201,288,0
133,202,287,0
133,203,286,0
133,204,285,0
133,205,284,0
133,206,283,0
133,207,282,0
133,208,281,0
133,209,280,0
133,210,279,0
133,211,278,0
133,212,277,0
133,213,276,0
133,214,275,0
133,215,274,0
133,216,273,0
133,217,272,0
133,218,271,0
133,219,270,0
133,220,269,0
133,221,268,0
133,222,267,0
133,223,266,0
133,224,265,0
133,225,264,0
133,226,263,0
133,227,262,0
133,228,261,0
133,229,260,0
133,230,259,0
133,231,258,0
133,232,257,0
133,233,256,0
133,234,255,0
133,235,254,0
133,236,253,0
133,237,252,0
133,238,251,0
133,239,250,0
133,240,249,0
133,241,248,0
133,242,247,0
133,243,246,0
133,244,245,0
133,245,244,0
133,246,243,0
133,247,242,0
133,248,241,0
133,249,240,0
133,250,239,0
133,251,238,0
133,252,237,0
133,253,236,0
133,254,235,0
133,255,234,0
133,256,233,0
133,257,232,0
133,258,231,0
133,259,230,0
133,260,229,0
133,261,228,0
133,262,227,0
133,263,226,0
133,264,225,0
133,265,224,0
133,266,223,0
133,267,222,0
133,268,221,0
133,269,220,0
133,270,219,0
133,271,218,0
133,272,217,0
133,273,216,0
133,274,215,0
133,275,214,0
133,276,213,0
133,277,212,0
133,278,211,0
133,279,210,0
133,280,209,0
133,281,208,0
133,282,207,0
133,283,206,0
133,284,205,0
133,285,204,0
133,286,203,0
133,287,202,0
133,288,201,0
133,289,200,0
133,290,199,0
133,291,198,0
133,292,197,0
133,293,196,0
133,294,195,0
133,295,194,0
133,296,193,0
133,297,192,0
133,298,191,0
133,299,190,0
133,300,189,0
133,301,188,0
133,302,187,0
133,303,186,0
133,304,185,0
133,305,184,0
133,306,183,0
133,307,182,0
133,308,181,0
133,309,180,0
133,310,179,0
133,311,178,0
133,312,177,0
133,313,176,0
133,314,175,0
133,315,174,0
133,316,173,0
133,317,172,0
133,318,171,0
133,319,170,0
133,320,169,0
133,321,168,0
133,322,167,0
133,323,166,0
133,324,165,0
133,325,164,0
133,326,163,0
133,327,162,0
133,328,161,0
133,329,160,0
133,330,159,0
133,331,158,0
133,332,157,0
133,333,156,0
133,334,155,0
133,335,154,0
133,336,153,0
133,337,152,0
133,338,151,0
133,339,150,0
133,340,149,0
133,341,148,0
133,342,147,0
133,343,146,0
133,344,145,0
133,345,144,0
133,346,143,0
133,347,142,0
133,348,141,0
133,349,140,0
133,350,139,0
133,351,138,0
133,352,137,0
133,353,136,0
133,354,135,0
133,355,134,0
133,356,133,0
133,357,132,0
133,358,131,0
133,359,130,0
133,360,129,0
133,361,128,0
133,362,127,0
133,363,126,0
133,364,125,0
133,365,124,0
133,366,123,0
133,367,122,0
133,368,121,0
133,369,120,0
133,370,119,0
133,371,118,0
133,372,117,0
133,373,116,0
133,374,115,0
133,375,114,0
133,376,113,0
133,377,112,0
133,378,111,0
133,379,110,0
133,380,109,0
133,381,108,0
133,382,107,0
133,383,106,0
133,384,105,0
133,385,104,0
133,386,103,0
133,387,102,0
133,388,101,0
133,389,100,0
133,390,99,0
133,391,98,0
133,392,97,0
133,393,96,0
133,394,95,0
133,395,94,0
133,396,93,0
133,397,92,0
133,398,91,0
133,399,90,0
133,400,89,0
133,401,88,0
133,402,87,0
133,403,86,0
133,404,85,0
133,405,84,0
133,406,83,0
133,407,82,0
133,408,81,0
133,409,80,0
133,410,79,0
133,411,78,0
133,412,77,0
133,413,76,0
133,414,75,0
133,415,74,0
133,416,73,0
133,417,72,0
133,418,71,0
133,419,70,0
133,420,69,0
133,421,68,0
133,422,67,0
133,423,66,0
133,424,65,0
133,425,64,0
133,426,63,0
133,427,62,0
133,428,61,0
133,429,60,0
133,430,59,0
133,431,58,0
133,432,57,0
133,433,56,0
133,434,55,0
133,435,54,0
133,436,53,0
133,437,52,0
133,438,51,0
133,439,50,0
133,440,49,0
133,441,48,0
133,442,47,0
133,443,46,0
133,444,45,0
133,445,44,0
133,446,43,0
133,447,42,0
133,448,41,0
133,449,40,0
133,450,39,0
133,451,38,0
133,452,37,0
133,453,36,0
133,454,35,0
133,455,34,0
133,456,33,0
133,457,32,0
133,458,31,0
133,459,30,0
133,460,29,0
133,461,28,0
133,462,27,0
133,463,26,0
133,464,25,0
133,465,24,0
133,466,23,0
133,467,22,0
133,468,21,0
133,469,20,0
133,470,19,0
133,471,18,0
133,472,17,0
133,473,16,0
133,474,15,0
133,475,14,0
133,476,13,0
133,477,12,0
133,478,11,0
133,479,10,0
133,480,9,0
133,481,8,0
133,482,7,0
133,483,6,0
133,484,5,0
133,485,4,0
133,486,3,0
133,487,2,0
133,488,1,-1
133,489,0,0
134,31,216,0
134,32,215,0
134,33,214,0
134,34,213,0
134,35,212,0
134,36,211,0
134,37,210,0
134,38,209,0
134,39,208,0
134,40,207,0
134,41,206,0
134,42,205,0
134,43,204,0
134,44,203,0
134,45,202,0
134,46,201,0
134,47,200,0
134,48,199,0
134,49,198,0
134,50,197,0
134,51,196,0
134,52,195,0
134,53,194,0
134,54,193,0
134,55,192,0
134,56,191,0
134,57,190,0
134,58,189,0
134,59,188,0
134,60,187,0
134,61,186,0
134,62,185,0
134,63,184,0
134,64,183,0
134,65,182,0
134,66,181,0
134,67,180,0
134,68,179,0
134,69,178,0
134,70,177,0
134,71,176,0
134,72,175,0
134,73,174,0
134,74,173,0
134,75,172,0
134,76,171,0
134,77,170,0
134,78,169,0
134,79,168,0
134,80,167,0
134,81,166,0
134,82,165,0
134,83,164,0
134,84,163,0
134,85,162,0
134,86,161,0
134,87,160,0
134,88,159,0
134,89,158,0
134,90,157,0
134,91,156,0
134,92,155,0
134,93,154,0
134,94,153,0
134,95,152,0
134,96,151,0
134,97,150,0
134,98,149,0
134,99,148,0
134,100,147,0
134,101,146,0
134,102,145,0
134,103,144,0
134,104,143,0
134,105,142,0
134,106,141,0
134,107,140,0
134,108,139,0
134,109,138,0
134,110,137,0
134,111,136,0
134,112,135,0
134,113,134,0
134,114,133,0
134,115,132,0
134,116,131,0
134,117,130,0
134,118,129,0
134,119,128,0
134,120,127,0
134,121,126,0
134,122,125,0
134,123,124,0
134,124,123,0
134,125,122,0
134,126,121,0
134,127,120,0
134,128,119,0
134,129,118,0
134,130,117,0
134,131,116,0
134,132,115,0
134,133,114,0
134,134,113,0
134,135,112,0
134,136,111,0
134,137,110,0
134,138,109,0
134,139,108,0
134,140,107,0
134,141,106,0
134,142,105,0
134,143,104,0
134,144,103,0
134,145,102,0
134,146,101,0
134,147,100,0
134,148,99,0
134,149,98,0
134,150,97,0
134,151,96,0
134,152,95,0
134,153,94,0
134,154,93,0
134,155,92,0
134,156,91,0
134,157,90,0
134,158,89,0
134,159,88,0
134,160,87,0
134,161,86,0
134,162,85,0
134,163,84,0
134,164,83,0
134,165,82,0
134,166,81,0
134,167,80,0
134,168,79,0
134,169,78,0
134,170,77,0
134,171,76,0
134,172,75,0
134,173,74,0
134,174,73,0
134,175,72,0
134,176,71,0
134,177,70,0
134,178,69,0
134,179,68,0
134,180,67,0
134,181,66,0
134,182,65,0
134,183,64,0
134,184,63,0
134,185,62,0
134,186,61,0
134,187,60,0
134,188,59,0
134,189,58,0
134,190,57,0
134,191,56,0
134,192,55,0
134,193,54,0
134,194,53,0
134,195,52,0
134,196,51,0
134,197,50,0
134,198,49,0
134,199,48,0
134,200,47,0
134,201,46,0
134,202,45,0
134,203,44,0
134,204,43,0
134,205,42,0
134,206,41,0
134,207,40,0
134,208,39,0
134,209,38,0
134,210,37,0
134,211,36,0
134,212,35,0
134,213,34,0
134,214,33,0
134,215,32,0
134,216,31,0
134,217,30,0
134,218,29,0
134,219,28,0
134,220,27,0
134,221,26,0
134,222,25,0
134,223,24,0
134,224,23,0
134,225,22,0
134,226,21,0
134,227,20,0
134,228,19,0
134,229,18,0
134,230,17,0
134,231,16,0
134,232,15,0
134,233,14,0
134,234,13,0
134,235,12,0
134,236,11,0
134,237,10,0
134,238,9,0
134,239,8,0
134,240,7,0
134,241,6,-1
134,242,5,-1
134,243,4,-1
134,244,3,0
134,245,2,0
134,246,1,0
134,247,0,-1
135,31,118,0
135,32,117,0
135,33,116,0
135,34,115,0
135,35,114,0
135,36,113,0
135,37,112,0
135,38,111,0
135,39,110,0
135,40,109,0
135,41,108,0
135,42,107,0
135,43,106,0
135,44,105,0
135,45,104,0
135,46,103,0
135,47,102,0
135,48,101,0
135,49,100,0
135,50,99,0
135,51,98,0
135,52,97,0
135,53,96,0
135,54,95,0
135,55,94,0
135,56,93,0
135,57,92,0
135,58,91,0
135,59,90,0
135,60,89,0
135,61,88,0
135,62,87,0
135,63,86,0
135,64,85,0
135,65,84,0
135,66,83,0
135,67,82,0
135,68,81,0
135,69,80,0
135,70,79,0
135,71,78,0
135,72,77,0
135,73,76,0
135,74,75,0
135,75,74,0
135,76,73,0
135,77,72,0
135,78,71,0
135,79,70,0
135,80,69,0
135,81,68,0
135,82,67,0
135,83,66,0
135,84,65,0
135,85,64,0
135,86,63,0
135,87,62,0
135,88,61,0
135,89,60,0
135,90,59,0
135,91,58,0
135,92,57,0
135,93,56,0
135,94,55,0
135,95,54,0
135,96,53,0
135,97,52,0
135,98,51,0
135,99,50,0
135,100,49,0
135,101,48,0
135,102,47,0
135,103,46,0
135,104,45,0
135,105,44,0
135,106,43,0
135,107,42,0
135,108,41,0
135,109,40,0
135,110,39,0
135,111,38,0
135,112,37,0
135,113,36,0
135,114,35,0
135,115,34,0
135,116,33,0
135,117,32,0
135,118,31,0
135,119,30,0
135,120,29,0
135,121,28,0
135,122,27,0
135,123,26,0
135,124,25,0
135,125,24,0
135,126,23,0
135,127,22,0
135,128,21,0
135,129,20,0
135,130,19,0
135,131,18,0
135,132,17,0
135,133,16,0
135,134,15,0
135,135,14,0
135,136,13,0
135,137,12,0
135,138,11,0
135,139,10,0
135,140,9,0
135,141,8,0
135,142,7,0
135,143,6,0
135,144,5,0
135,145,4,0
135,146,3,-1
135,147,2,0
135,148,1,-1
135,149,0,0
136,31,174,0
136,32,173,0
136,33,172,0
136,34,171,0
136,35,170,0
136,36,169,0
136,37,168,0
136,38,167,0
136,39,166,0
136,40,165,0
136,41,164,0
136,42,163,0
136,43,162,0
136,44,161,0
136,45,160,0
136,46,159,0
136,47,158,0
136,48,157,0
136,49,156,0
136,50,155,0
136,51,154,0
136,52,153,0
136,53,152,0
136,54,151,0
136,55,150,0
136,56,149,0
136,57,148,0
136,58,147,0
136,59,146,0
136,60,145,0
136,61,144,-1
136,62,143,0
136,63,142,0
136,64,141,0
136,65,140,0
136,66,139,0
136,67,138,0
136,68,137,0
136,69,136,0
136,70,135,0
136,71,134,0
136,72,133,0
136,73,132,0
136,74,131,0
136,75,130,0
136,76,129,0
136,77,128,0
136,78,127,0
136,79,126,0
136,80,125,0
136,81,124,0
136,82,123,0
136,83,122,0
136,84,121,0
136,85,120,0
136,86,119,0
136,87,118,0
136,88,117,0
136,89,116,0
136,90,115,0
136,91,114,0
136,92,113,0
136,93,112,0
136,94,111,0
136,95,110,0
136,96,109,0
136,97,108,0
136,98,107,0
136,99,106,0
136,100,105,0
136,101,104,0
136,102,103,0
136,103,102,0
136,104,101,0
136,105,100,0
136,106,99,0
136,107,98,0
136,108,97,0
136,109,96,0
136,110,95,0
136,111,94,0
136,112,93,0
136,113,92,0
136,114,91,0
136,115,90,0
136,116,89,0
136,117,88,0
136,118,87,0
136,119,86,0
136,120,85,0
136,121,84,0
136,122,83,0
136,123,82,0
136,124,81,0
136,125,80,0
136,126,79,0
136,127,78,0
136,128,77,0
136,129,76,0
136,130,75,0
136,131,74,0
136,132,73,0
136,133,72,0
136,134,71,0
136,135,70,0
136,136,69,0
136,137,68,0
136,138,67,0
136,139,66,0
136,140,65,0
136,141,64,0
136,142,63,0
136,143,62,0
136,144,61,0
136,145,60,0
136,146,59,0
136,147,58,0
136,148,57,0
136,149,56,0
136,150,55,0
136,151,54,0
136,152,53,0
136,153,52,0
136,154,51,0
136,155,50,0
136,156,49,0
136,157,48,0
136,158,47,0
136,159,46,0
136,160,45,0
136,161,44,0
136,162,43,0
136,163,42,0
136,164,41,0
136,165,40,0
136,166,39,0
136,167,38,0
136,168,37,0
136,169,36,0
136,170,35,0
136,171,34,0
136,172,33,0
136,173,32,0
136,174,31,0
136,175,30,0
136,176,29,0
136,177,28,0
136,178,27,0
136,179,26,0
136,180,25,0
136,181,24,0
136,182,23,0
136,183,22,0
136,184,21,0
136,185,20,0
136,186,19,0
136,187,18,0
136,188,17,0
136,189,16,0
136,190,15,0
136,191,14,0
136,192,13,0
136,193,12,0
136,194,11,0
136,195,10,0
136,196,9,0
136,197,8,0
136,198,7,0
136,199,6,0
136,200,5,0
136,201,4,0
136,202,3,0
136,203,2,0
136,204,1,0
136,205,0,0
137,31,194,0
137,32,193,0
137,33,192,0
137,34,191,0
137,35,190,0
137,36,189,0
137,37,188,0
137,38,187,0
137,39,186,0
137,40,185,0
137,41,184,0
137,42,183,0
137,43,182,0
137,44,181,0
137,45,180,0
137,46,179,0
137,47,178,0
137,48,177,0
137,49,176,0
137,50,175,0
137,51,174,0
137,52,173,0
137,53,172,0
137,54,171,0
137,55,170,0
137,56,169,0
137,57,168,0
137,58,167,0
137,59,166,0
137,60,165,0
137,61,164,0
137,62,163,0
137,63,162,0
137,64,161,0
137,65,160,0
137,66,159,0
137,67,158,0
137,68,157,0
137,69,156,0
137,70,155,0
137,71,154,0
137,72,153,0
137,73,152,0
137,74,151,0
137,75,150,0
137,76,149,0
137,77,148,0
137,78,147,0
137,79,146,0
137,80,145,0
137,81,144,0
137,82,143,0
137,83,142,0
137,84,141,0
137,85,140,0
137,86,139,0
137,87,138,0
137,88,137,0
137,89,136,0
137,90,135,0
137,91,134,0
137,92,133,0
137,93,132,0
137,94,131,0
137,95,130,0
137,96,129,0
137,97,128,0
137,98,127,0
137,99,126,0
137,100,125,0
137,101,124,0
137,102,123,0
137,103,122,0
137,104,121,0
137,105,120,0
137,106,119,0
137,107,118,0
137,108,117,0
137,109,116,0
137,110,115,0
137,111,114,0
137,112,113,0
137,113,112,0
137,114,111,0
137,115,110,0
137,116,109,0
137,117,108,0
137,118,107,0
137,119,106,0
137,120,105,0
137,121,104,0
137,122,103,0
137,123,102,0
137,124,101,0
137,125,100,0
137,126,99,0
137,127,98,0
137,128,97,0
137,129,96,0
137,130,95,0
137,131,94,0
137,132,93,0
137,133,92,0
137,134,91,0
137,135,90,0
137,136,89,0
137,137,88,0
137,138,87,0
137,139,86,0
137,140,85,0
137,141,84,0
137,142,83,0
137,143,82,0
137,144,81,0
137,145,80,0
137,146,79,0
137,147,78,0
137,148,77,0
137,149,76,0
137,150,75,0
137,151,74,0
137,152,73,0
137,153,72,0
137,154,71,0
137,155,70,0
137,156,69,0
137,157,68,0
137,158,67,0
137,159,66,0
137,160,65,0
137,161,64,0
137,162,63,0
137,163,62,0
137,164,61,0
137,165,60,0
137,166,59,0
137,167,58,0
137,168,57,0
137,169,56,0
137,170,55,0
137,171,54,0
137,172,53,0
137,173,52,0
137,174,51,0
137,175,50,0
137,176,49,0
137,177,48,0
137,178,47,0
137,179,46,0
137,180,45,0
137,181,44,0
137,182,43,0
137,183,42,0
137,184,41,0
137,185,40,0
137,186,39,0
137,187,38,0
137,188,37,0
137,189,36,0
137,190,35,0
137,191,34,0
137,192,33,0
137,193,32,0
137,194,31,0
137,195,30,0
137,196,29,0
137,197,28,0
137,198,27,0
137,199,26,0
137,200,25,0
137,201,24,0
137,202,23,0
137,203,22,0
137,204,21,0
137,205,20,0
137,206,19,0
137,207,18,0
137,208,17,0
137,209,16,0
137,210,15,0
137,211,14,0
137,212,13,0
137,213,12,0
137,214,11,0
137,215,10,0
137,216,9,0
137,217,8,0
137,218,7,0
137,219,6,0
137,220,5,0
137,221,4,0
137,222,3,0
137,223,2,0
137,224,1,0
137,225,0,0
138,31,147,0
138,32,146,0
138,33,145,0
138,34,144,0
138,35,143,0
138,36,142,0
138,37,141,0
138,38,140,0
138,39,139,0
138,40,138,0
138,41,137,0
138,42,136,0
138,43,135,0
138,44,134,0
138,45,133,0
138,46,132,0
138,47,131,0
138,48,130,0
138,49,129,0
138,50,128,0
138,51,127,0
138,52,126,0
138,53,125,0
138,54,124,0
138,55,123,0
138,56,122,0
138,57,121,0
138,58,120,0
138,59,119,0
138,60,118,0
138,61,117,0
138,62,116,0
138,63,115,0
138,64,114,0
138,65,113,0
138,66,112,0
138,67,111,0
138,68,110,0
138,69,109,0
138,70,108,0
138,71,107,0
138,72,106,0
138,73,105,0
138,74,104,0
138,75,103,0
138,76,102,0
138,77,101,0
138,78,100,0
138,79,99,0
138,80,98,0
138,81,97,0
138,82,96,0
138,83,95,0
138,84,94,0
138,85,93,0
138,86,92,0
138,87,91,0
138,88,90,0
138,89,89,0
138,90,88,0
138,91,87,0
138,92,86,0
138,93,85,0
138,94,84,0
138,95,83,0
138,96,82,0
138,97,81,0
138,98,80,0
138,99,79,0
138,100,78,0
138,101,77,0
138,102,76,0
138,103,75,0
138,104,74,0
138,105,73,0
138,106,72,0
138,107,71,0
138,108,70,0
138,109,69,0
138,110,68,0
138,111,67,0
138,112,66,0
138,113,65,0
138,114,64,0
138,115,63,0
138,116,62,0
138,117,61,0
138,118,60,0
138,119,59,0
138,120,58,0
138,121,57,0
138,122,56,0
138,123,55,0
138,124,54,0
138,125,53,0
138,126,52,0
138,127,51,0
138,128,50,0
138,129,49,0
138,130,48,0
138,131,47,0
138,132,46,0
138,133,45,0
138,134,44,0
138,135,43,0
138,136,42,0
138,137,41,0
138,138,40,0
138,139,39,0
138,140,38,0
138,141,37,0
138,142,36,0
138,143,35,0
138,144,34,0
138,145,33,0
138,146,32,0
138,147,31,0
138,148,30,0
138,149,29,0
138,150,28,0
138,151,27,0
138,152,26,0
138,153,25,0
138,154,24,0
138,155,23,0
138,156,22,0
138,157,21,0
138,158,20,0
138,159,19,0
138,160,18,0
138,161,17,0
138,162,16,0
138,163,15,0
138,164,14,0
138,165,13,0
138,166,12,0
138,167,11,0
138,168,10,0
138,169,9,0
138,170,8,0
138,171,7,0
138,172,6,0
138,173,5,0
138,174,4,0
138,175,3,0
138,176,2,0
138,177,1,0
138,178,0,0
139,31,220,0
139,32,219,0
139,33,218,0
139,34,217,0
139,35,216,0
139,36,215,0
139,37,214,0
139,38,213,0
139,39,212,0
139,40,211,0
139,41,210,0
139,42,209,0
139,43,208,0
139,44,207,0
139,45,206,0
139,46,205,0
139,47,204,0
139,48,203,0
139,49,202,0
139,50,201,0
139,51,200,0
139,52,199,0
139,53,198,0
139,54,197,0
139,55,196,0
139,56,195,0
139,57,194,0
139,58,193,0
139,59,192,0
139,60,191,0
139,61,190,0
139,62,189,0
139,63,188,0
139,64,187,0
139,65,186,0
139,66,185,0
139,67,184,0
139,68,183,0
139,69,182,0
139,70,181,0
139,71,180,0
139,72,179,0
139,73,178,0
139,74,177,0
139,75,176,0
139,76,175,0
139,77,174,0
139,78,173,0
139,79,172,0
139,80,171,0
139,81,170,0
139,82,169,0
139,83,168,0
139,84,167,0
139,85,166,0
139,86,165,0
139,87,164,0
139,88,163,0
139,89,162,0
139,90,161,0
139,91,160,0
139,92,159,0
139,93,158,0
139,94,157,0
139,95,156,0
139,96,155,0
139,97,154,0
139,98,153,0
139,99,152,0
139,100,151,0
139,101,150,0
139,102,149,0
139,103,148,0
139,104,147,0
139,105,146,0
139,106,145,0
139,107,144,0
139,108,143,0
139,109,142,0
139,110,141,0
139,111,140,0
139,112,139,0
139,113,138,0
139,114,137,0
139,115,136,0
139,116,135,0
139,117,134,0
139,118,133,0
139,119,132,0
139,120,131,0
139,121,130,0
139,122,129,0
139,123,128,0
139,124,127,0
139,125,126,0
139,126,125,0
139,127,124,0
139,128,123,0
139,129,122,0
139,130,121,0
139,131,120,0
139,132,119,0
139,133,118,0
139,134,117,0
139,135,116,0
139,136,115,0
139,137,114,0
139,138,113,0
139,139,112,0
139,140,111,0
139,141,110,0
139,142,109,0
139,143,108,0
139,144,107,0
139,145,106,0
139,146,105,0
139,147,104,0
139,148,103,0
139,149,102,0
139,150,101,0
139,151,100,0
139,152,99,0
139,153,98,0
139,154,97,0
139,155,96,0
139,156,95,0
139,157,94,0
139,158,93,0
139,159,92,0
139,160,91,0
139,161,90,0
139,162,89,0
139,163,88,0
139,164,87,0
139,165,86,0
139,166,85,0
139,167,84,0
139,168,83,0
139,169,82,0
139,170,81,0
139,171,80,0
139,172,79,0
139,173,78,0
139,174,77,0
139,175,76,0
139,176,75,0
139,177,74,0
139,178,73,0
139,179,72,0
139,180,71,0
139,181,70,0
139,182,69,0
139,183,68,0
139,184,67,0
139,185,66,0
139,186,65,0
139,187,64,0
139,188,63,0
139,189,62,0
139,190,61,0
139,191,60,0
139,192,59,0
139,193,58,0
139,194,57,0
139,195,56,0
139,196,55,0
139,197,54,0
139,198,53,0
139,199,52,0
139,200,51,0
139,201,50,0
139,202,49,0
139,203,48,0
139,204,47,0
139,205,46,0
139,206,45,0
139,207,44,0
139,208,43,0
139,209,42,0
139,210,41,0
139,211,40,0
139,212,39,0
139,213,38,0
139,214,37,0
139,215,36,0
139,216,35,0
139,217,34,0
139,218,33,0
139,219,32,0
139,220,31,0
139,221,30,0
139,222,29,0
139,223,28,0
139,224,27,0
139,225,26,0
139,226,25,0
139,227,24,0
139,228,23,0
139,229,22,0
139,230,21,0
139,231,20,0
139,232,19,0
139,233,18,0
139,234,17,0
139,235,16,0
139,236,15,0
139,237,14,0
139,238,13,0
139,239,12,0
139,240,11,-1
139,241,10,-1
139,242,9,0
139,243,8,0
139,244,7,-1
139,245,6,-1
139,246,5,0
139,247,4,-1
139,248,3,-1
139,249,2,0
139,250,1,-1
139,251,0,-1
140,31,267,0
140,32,266,0
140,33,265,0
140,34,264,0
140,35,263,0
140,36,262,0
140,37,261,0
140,38,260,0
140,39,259,0
140,40,258,0
140,41,257,0
140,42,256,0
140,43,255,0
140,44,254,0
140,45,253,0
140,46,252,0
140,47,251,0
140,48,250,0
140,49,249,0
140,50,248,0
140,51,247,0
140,52,246,0
140,53,245,0
140,54,244,0
140,55,243,0
140,56,242,0
140,57,241,0
140,58,240,0
140,59,239,0
140,60,238,0
140,61,237,0
140,62,236,0
140,63,235,0
140,64,234,0
140,65,233,0
140,66,232,0
140,67,231,0
140,68,230,0
140,69,229,0
140,70,228,0
140,71,227,0
140,72,226,0
140,73,225,0
140,74,224,0
140,75,223,0
140,76,222,0
140,77,221,0
140,78,220,0
140,79,219,0
140,80,218,0
140,81,217,0
140,82,216,0
140,83,215,0
140,84,214,0
140,85,213,0
140,86,212,0
140,87,211,0
140,88,210,0
140,89,209,0
140,90,208,0
140,91,207,0
140,92,206,0
140,93,205,0
140,94,204,0
140,95,203,0
140,96,202,0
140,97,201,0
140,98,200,0
140,99,199,0
140,100,198,0
140,101,197,0
140,102,196,0
140,103,195,0
140,104,194,0
140,105,193,0
140,106,192,0
140,107,191,0
140,108,190,0
140,109,189,0
140,110,188,0
140,111,187,0
140,112,186,0
140,113,185,0
140,114,184,0
140,115,183,0
140,116,182,0
140,117,181,0
140,118,180,0
140,119,179,0
140,120,178,0
140,121,177,0
140,122,176,0
140,123,175,0
140,124,174,0
140,125,173,0
140,126,172,0
140,127,171,0
140,128,170,0
140,129,169,0
140,130,168,0
140,131,167,0
140,132,166,0
140,133,165,0
140,134,164,0
140,135,163,0
140,136,162,0
140,137,161,0
140,138,160,0
140,139,159,0
140,140,158,0
140,141,157,0
140,142,156,0
140,143,155,0
140,144,154,0
140,145,153,0
140,146,152,0
140,147,151,0
140,148,150,0
140,149,149,0
140,150,148,0
140,151,147,0
140,152,146,0
140,153,145,0
140,154,144,0
140,155,143,0
140,156,142,0
140,157,141,0
140,158,140,0
140,159,139,0
140,160,138,0
140,161,137,0
140,162,136,0
140,163,135,0
140,164,134,0
140,165,133,0
140,166,132,0
140,167,131,0
140,168,130,0
140,169,129,0
140,170,128,0
140,171,127,0
140,172,126,0
140,173,125,0
140,174,124,0
140,175,123,0
140,176,122,0
140,177,121,0
140,178,120,0
140,179,119,0
140,180,118,0
140,181,117,0
140,182,116,0
140,183,115,0
140,184,114,0
140,185,113,0
140,186,112,0
140,187,111,0
140,188,110,0
140,189,109,0
140,190,108,0
140,191,107,0
140,192,106,0
140,193,105,0
140,194,104,0
140,195,103,0
140,196,102,0
140,197,101,0
140,198,100,0
140,199,99,0
140,200,98,0
140,201,97,0
140,202,96,0
140,203,95,0
140,204,94,0
140,205,93,0
140,206,92,0
140,207,91,0
140,208,90,0
140,209,89,0
140,210,88,0
140,211,87,0
140,212,86,0
140,213,85,0
140,214,84,0
140,215,83,0
140,216,82,0
140,217,81,0
140,218,80,0
140,219,79,0
140,220,78,0
140,221,77,0
140,222,76,0
140,223,75,0
140,224,74,0
140,225,73,0
140,226,72,0
140,227,71,0
140,228,70,0
140,229,69,0
140,230,68,0
140,231,67,0
140,232,66,0
140,233,65,0
140,234,64,0
140,235,63,0
140,236,62,0
140,237,61,0
140,238,60,0
140,239,59,0
140,240,58,0
140,241,57,0
140,242,56,0
140,243,55,0
140,244,54,0
140,245,53,0
140,246,52,0
140,247,51,0
140,248,50,0
140,249,49,0
140,250,48,0
140,251,47,0
140,252,46,0
140,253,45,0
140,254,44,0
140,255,43,0
140,256,42,0
140,257,41,0
140,258,40,0
140,259,39,0
140,260,38,0
140,261,37,0
140,262,36,0
140,263,35,0
140,264,34,0
140,265,33,0
140,266,32,0
140,267,31,0
140,268,30,0
140,269,29,0
140,270,28,0
140,271,27,0
140,272,26,0
140,273,25,0
140,274,24,0
140,275,23,0
140,276,22,0
140,277,21,-1
140,278,20,-1
140,279,19,-1
140,280,18,-1
140,281,17,-1
140,282,16,-1
140,283,15,-1
140,284,14,-1
140,285,13,-1
140,286,12,0
140,287,11,0
140,288,10,0
140,289,9,0
140,290,8,0
140,291,7,0
140,292,6,0
140,293,5,0
140,294,4,0
140,295,3,0
140,296,2,0
140,297,1,0
140,298,0,0
141,31,168,0
141,32,167,0
141,33,166,0
141,34,165,0
141,35,164,0
141,36,163,0
141,37,162,0
141,38,161,0
141,39,160,0
141,40,159,0
141,41,158,0
141,42,157,0
141,43,156,0
141,44,155,0
141,45,154,0
141,46,153,0
141,47,152,0
141,48,151,0
141,49,150,0
141,50,149,0
141,51,148,0
141,52,147,0
141,53,146,0
141,54,145,0
141,55,144,0
141,56,143,0
141,57,142,0
141,58,141,0
141,59,140,0
141,60,139,0
141,61,138,0
141,62,137,0
141,63,136,0
141,64,135,0
141,65,134,0
141,66,133,0
141,67,132,0
141,68,131,0
141,69,130,0
141,70,129,0
141,71,128,0
141,72,127,0
141,73,126,0
141,74,125,0
141,75,124,0
141,76,123,0
141,77,122,0
141,78,121,0
141,79,120,0
141,80,119,0
141,81,118,0
141,82,117,0
141,83,116,0
141,84,115,0
141,85,114,0
141,86,113,0
141,87,112,0
141,88,111,0
141,89,110,0
141,90,109,0
141,91,108,0
141,92,107,0
141,93,106,0
141,94,105,0
141,95,104,0
141,96,103,0
141,97,102,0
141,98,101,0
141,99,100,0
141,100,99,0
141,101,98,0
141,102,97,0
141,103,96,0
141,104,95,0
141,105,94,0
141,106,93,0
141,107,92,0
141,108,91,0
141,109,90,0
141,110,89,0
141,111,88,0
141,112,87,0
141,113,86,0
141,114,85,0
141,115,84,0
141,116,83,0
141,117,82,0
141,118,81,0
141,119,80,0
141,120,79,0
141,121,78,0
141,122,77,0
141,123,76,0
141,124,75,0
141,125,74,0
141,126,73,0
141,127,72,0
141,128,71,0
141,129,70,0
141,130,69,0
141,131,68,0
141,132,67,0
141,133,66,0
141,134,65,0
141,135,64,0
141,136,63,0
141,137,62,0
141,138,61,0
141,139,60,0
141,140,59,0
141,141,58,0
141,142,57,0
141,143,56,0
141,144,55,0
141,145,54,0
141,146,53,0
141,147,52,0
141,148,51,0
141,149,50,0
141,150,49,0
141,151,48,0
141,152,47,0
141,153,46,0
141,154,45,0
141,155,44,0
141,156,43,0
141,157,42,0
141,158,41,0
141,159,40,0
141,160,39,0
141,161,38,0
141,162,37,0
141,163,36,0
141,164,35,0
141,165,34,0
141,166,33,0
141,167,32,0
141,168,31,0
141,169,30,0
141,170,29,0
141,171,28,0
141,172,27,0
141,173,26,0
141,174,25,0
141,175,24,0
141,176,23,0
141,177,22,0
141,178,21,0
141,179,20,0
141,180,19,0
141,181,18,0
141,182,17,0
141,183,16,0
141,184,15,0
141,185,14,0
141,186,13,0
141,187,12,0
141,188,11,0
141,189,10,0
141,190,9,0
141,191,8,0
141,192,7,0
141,193,6,0
141,194,5,0
141,195,4,0
141,196,3,0
141,197,2,0
141,198,1,0
141,199,0,0
142,31,178,0
142,32,177,0
142,33,176,0
142,34,175,0
142,35,174,0
142,36,173,0
142,37,172,0
142,38,171,0
142,39,170,0
142,40,169,0
142,41,168,0
142,42,167,0
142,43,166,0
142,44,165,0
142,45,164,0
142,46,163,0
142,47,162,0
142,48,161,0
142,49,160,0
142,50,159,0
142,51,158,0
142,52,157,0
142,53,156,0
142,54,155,0
142,55,154,0
142,56,153,0
142,57,152,0
142,58,151,0
142,59,150,0
142,60,149,0
142,61,148,0
142,62,147,0
142,63,146,0
142,64,145,0
142,65,144,0
142,66,143,0
142,67,142,0
142,68,141,0
142,69,140,0
142,70,139,0
142,71,138,0
142,72,137,0
142,73,136,0
142,74,135,0
142,75,134,0
142,76,133,0
142,77,132,0
142,78,131,0
142,79,130,0
142,80,129,0
142,81,128,0
142,82,127,0
142,83,126,0
142,84,125,0
142,85,124,0
142,86,123,0
142,87,122,0
142,88,121,0
142,89,120,0
142,90,119,0
142,91,118,0
142,92,117,0
142,93,116,0
142,94,115,0
142,95,114,0
142,96,113,0
142,97,112,0
142,98,111,0
142,99,110,0
142,100,109,0
142,101,108,0
142,102,107,0
142,103,106,0
142,104,105,0
142,105,104,0
142,106,103,0
142,107,102,0
142,108,101,0
142,109,100,0
142,110,99,0
142,111,98,0
142,112,97,0
142,113,96,0
142,114,95,0
142,115,94,0
142,116,93,0
142,117,92,0
142,118,91,0
142,119,90,0
142,120,89,0
142,121,88,0
142,122,87,0
142,123,86,0
142,124,85,0
142,125,84,0
142,126,83,0
142,127,82,0
142,128,81,0
142,129,80,0
142,130,79,0
142,131,78,0
142,132,77,0
142,133,76,0
142,134,75,0
142,135,74,0
142,136,73,0
142,137,72,0
142,138,71,0
142,139,70,0
142,140,69,0
142,141,68,0
142,142,67,0
142,143,66,0
142,144,65,0
142,145,64,0
142,146,63,0
142,147,62,0
142,148,61,0
142,149,60,0
142,150,59,0
142,151,58,0
142,152,57,0
142,153,56,0
142,154,55,0
142,155,54,0
142,156,53,0
142,157,52,0
142,158,51,0
142,159,50,0
142,160,49,0
142,161,48,0
142,162,47,0
142,163,46,0
142,164,45,0
142,165,44,0
142,166,43,0
142,167,42,0
142,168,41,0
142,169,40,0
142,170,39,0
142,171,38,0
142,172,37,0
142,173,36,0
142,174,35,0
142,175,34,0
142,176,33,0
142,177,32,0
142,178,31,0
142,179,30,0
142,180,29,0
142,181,28,0
142,182,27,0
142,183,26,0
142,184,25,0
142,185,24,0
142,186,23,0
142,187,22,0
142,188,21,0
142,189,20,0
142,190,19,0
142,191,18,0
142,192,17,0
142,193,16,0
142,194,15,0
142,195,14,0
142,196,13,0
142,197,12,0
142,198,11,0
142,199,10,0
142,200,9,0
142,201,8,0
142,202,7,0
142,203,6,0
142,204,5,0
142,205,4,0
142,206,3,0
142,207,2,0
142,208,1,0
142,209,0,0
143,31,153,0
143,32,152,0
143,33,151,0
143,34,150,0
143,35,149,0
143,36,148,0
143,37,147,0
143,38,146,0
143,39,145,0
143,40,144,0
143,41,143,0
143,42,142,0
143,43,141,0
143,44,140,0
143,45,139,0
143,46,138,0
143,47,137,0
143,48,136,0
143,49,135,0
143,50,134,0
143,51,133,0
143,52,132,0
143,53,131,0
143,54,130,0
143,55,129,0
143,56,128,0
143,57,127,0
143,58,126,0
143,59,125,0
143,60,124,0
143,61,123,0
143,62,122,0
143,63,121,0
143,64,120,0
143,65,119,0
143,66,118,0
143,67,117,0
143,68,116,0
143,69,115,0
143,70,114,0
143,71,113,0
143,72,112,0
143,73,111,0
143,74,110,0
143,75,109,0
143,76,108,0
143,77,107,0
143,78,106,0
143,79,105,0
143,80,104,0
143,81,103,0
143,82,102,0
143,83,101,0
143,84,100,0
143,85,99,0
143,86,98,0
143,87,97,0
143,88,96,0
143,89,95,0
143,90,94,0
143,91,93,0
143,92,92,0
143,93,91,0
143,94,90,0
143,95,89,0
143,96,88,0
143,97,87,0
143,98,86,0
143,99,85,0
143,100,84,0
143,101,83,0
143,102,82,0
143,103,81,0
143,104,80,0
143,105,79,0
143,106,78,0
143,107,77,0
143,108,76,0
143,109,75,0
143,110,74,0
143,111,73,0
143,112,72,0
143,113,71,0
143,114,70,0
143,115,69,0
143,116,68,0
143,117,67,0
143,118,66,0
143,119,65,0
143,120,64,0
143,121,63,0
143,122,62,0
143,123,61,0
143,124,60,0
143,125,59,0
143,126,58,0
143,127,57,0
143,128,56,0
143,129,55,0
143,130,54,0
143,131,53,0
143,132,52,0
143,133,51,0
143,134,50,0
143,135,49,0
143,136,48,0
143,137,47,0
143,138,46,0
143,139,45,0
143,140,44,0
143,141,43,0
143,142,42,0
143,143,41,0
143,144,40,0
143,145,39,0
143,146,38,0
143,147,37,0
143,148,36,0
143,149,35,0
143,150,34,0
143,151,33,0
143,152,32,0
143,153,31,0
143,154,30,0
143,155,29,0
143,156,28,0
143,157,27,0
143,158,26,0
143,159,25,0
143,160,24,0
143,161,23,0
143,162,22,0
143,163,21,0
143,164,20,0
143,165,19,0
143,166,18,0
143,167,17,0
143,168,16,0
143,169,15,0
143,170,14,0
143,171,13,0
143,172,12,0
143,173,11,0
143,174,10,0
143,175,9,0
143,176,8,0
143,177,7,0
143,178,6,0
143,179,5,0
143,180,4,0
143,181,3,0
143,182,2,0
143,183,1,-1
143,184,0,0
144,31,266,0
144,32,265,0
144,33,264,0
144,34,263,0
144,35,262,0
144,36,261,0
144,37,260,0
144,38,259,0
144,39,258,0
144,40,257,0
144,41,256,0
144,42,255,0
144,43,254,0
144,44,253,0
144,45,252,0
144,46,251,0
144,47,250,0
144,48,249,0
144,49,248,0
144,50,247,0
144,51,246,0
144,52,245,0
144,53,244,0
144,54,243,0
144,55,242,0
144,56,241,0
144,57,240,0
144,58,239,0
144,59,238,0
144,60,237,0
144,61,236,0
144,62,235,0
144,63,234,0
144,64,233,0
144,65,232,0
144,66,231,0
144,67,230,0
144,68,229,0
144,69,228,0
144,70,227,0
144,71,226,0
144,72,225,0
144,73,224,0
144,74,223,0
144,75,222,0
144,76,221,0
144,77,220,0
144,78,219,0
144,79,218,0
144,80,217,0
144,81,216,0
144,82,215,0
144,83,214,0
144,84,213,0
144,85,212,0
144,86,211,0
144,87,210,0
144,88,209,0
144,89,208,0
144,90,207,0
144,91,206,0
144,92,205,0
144,93,204,0
144,94,203,0
144,95,202,0
144,96,201,0
144,97,200,0
144,98,199,0
144,99,198,0
144,100,197,0
144,101,196,0
144,102,195,0
144,103,194,0
144,104,193,0
144,105,192,0
144,106,191,0
144,107,190,0
144,108,189,0
144,109,188,0
144,110,187,0
144,111,186,0
144,112,185,0
144,113,184,0
144,114,183,0
144,115,182,0
144,116,181,0
144,117,180,0
144,118,179,0
144,119,178,0
144,120,177,0
144,121,176,0
144,122,175,0
144,123,174,0
144,124,173,0
144,125,172,0
144,126,171,0
144,127,170,0
144,128,169,0
144,129,168,0
144,130,167,0
144,131,166,0
144,132,165,0
144,133,164,0
144,134,163,0
144,135,162,0
144,136,161,0
144,137,160,0
144,138,159,0
144,139,158,0
144,140,157,0
144,141,156,0
144,142,155,0
144,143,154,0
144,144,153,0
144,145,152,0
144,146,151,0
144,147,150,0
144,148,149,0
144,149,148,0
144,150,147,0
144,151,146,0
144,152,145,0
144,153,144,0
144,154,143,0
144,155,142,0
144,156,141,0
144,157,140,0
144,158,139,0
144,159,138,0
144,160,137,0
144,161,136,0
144,162,135,0
144,163,134,0
144,164,133,0
144,165,132,0
144,166,131,0
144,167,130,0
144,168,129,0
144,169,128,0
144,170,127,0
144,171,126,0
144,172,125,0
144,173,124,0
144,174,123,0
144,175,122,0
144,176,121,0
144,177,120,0
144,178,119,0
144,179,118,0
144,180,117,0
144,181,116,0
144,182,115,0
144,183,114,0
144,184,113,0
144,185,112,0
144,186,111,0
144,187,110,0
144,188,109,0
144,189,108,0
144,190,107,0
144,191,106,0
144,192,105,0
144,193,104,0
144,194,103,0
144,195,102,0
144,196,101,0
144,197,100,0
144,198,99,0
144,199,98,0
144,200,97,0
144,201,96,0
144,202,95,0
144,203,94,0
144,204,93,0
144,205,92,0
144,206,91,0
144,207,90,0
144,208,89,0
144,209,88,0
144,210,87,0
144,211,86,0
144,212,85,0
144,213,84,0
144,214,83,0
144,215,82,0
144,216,81,0
144,217,80,0
144,218,79,0
144,219,78,0
144,220,77,0
144,221,76,0
144,222,75,0
144,223,74,0
144,224,73,0
144,225,72,0
144,226,71,0
144,227,70,0
144,228,69,0
144,229,68,0
144,230,67,0
144,231,66,0
144,232,65,0
144,233,64,0
144,234,63,0
144,235,62,0
144,236,61,0
144,237,60,0
144,238,59,0
144,239,58,0
144,240,57,0
144,241,56,0
144,242,55,0
144,243,54,0
144,244,53,0
144,245,52,0
144,246,51,0
144,247,50,0
144,248,49,0
144,249,48,0
144,250,47,0
144,251,46,0
144,252,45,0
144,253,44,0
144,254,43,0
144,255,42,0
144,256,41,0
144,257,40,0
144,258,39,0
144,259,38,0
144,260,37,0
144,261,36,0
144,262,35,0
144,263,34,0
144,264,33,0
144,265,32,0
144,266,31,0
144,267,30,0
144,268,29,0
144,269,28,0
144,270,27,0
144,271,26,0
144,272,25,0
144,273,24,0
144,274,23,0
144,275,22,0
144,276,21,0
144,277,20,0
144,278,19,0
144,279,18,0
144,280,17,0
144,281,16,0
144,282,15,0
144,283,14,0
144,284,13,0
144,285,12,0
144,286,11,0
144,287,10,0
144,288,9,0
144,289,8,0
144,290,7,0
144,291,6,0
144,292,5,0
144,293,4,0
144,294,3,0
144,295,2,0
144,296,1,0
144,297,0,0
145,31,197,0
145,32,196,0
145,33,195,0
145,34,194,0
145,35,193,0
145,36,192,0
145,37,191,0
145,38,190,0
145,39,189,0
145,40,188,0
145,41,187,0
145,42,186,0
145,43,185,0
145,44,184,0
145,45,183,0
145,46,182,0
145,47,181,0
145,48,180,0
145,49,179,0
145,50,178,0
145,51,177,0
145,52,176,0
145,53,175,0
145,54,174,0
145,55,173,0
145,56,172,0
145,57,171,0
145,58,170,0
145,59,169,0
145,60,168,0
145,61,167,0
145,62,166,0
145,63,165,0
145,64,164,0
145,65,163,0
145,66,162,0
145,67,161,0
145,68,160,0
145,69,159,0
145,70,158,0
145,71,157,0
145,72,156,0
145,73,155,0
145,74,154,0
145,75,153,0
145,76,152,0
145,77,151,0
145,78,150,0
145,79,149,0
145,80,148,0
145,81,147,0
145,82,146,0
145,83,145,0
145,84,144,0
145,85,143,0
145,86,142,0
145,87,141,0
145,88,140,0
145,89,139,0
145,90,138,0
145,91,137,0
145,92,136,0
145,93,135,0
145,94,134,0
145,95,133,0
145,96,132,0
145,97,131,0
145,98,130,0
145,99,129,0
145,100,128,0
145,101,127,0
145,102,126,0
145,103,125,0
145,104,124,0
145,105,123,0
145,106,122,0
145,107,121,0
145,108,120,0
145,109,119,0
145,110,118,0
145,111,117,0
145,112,116,0
145,113,115,0
145,114,114,0
145,115,113,0
145,116,112,0
145,117,111,0
145,118,110,0
145,119,109,0
145,120,108,0
145,121,107,0
145,122,106,0
145,123,105,0
145,124,104,0
145,125,103,0
145,126,102,0
145,127,101,0
145,128,100,0
145,129,99,0
145,130,98,0
145,131,97,0
145,132,96,0
145,133,95,0
145,134,94,0
145,135,93,0
145,136,92,0
145,137,91,0
145,138,90,0
145,139,89,0
145,140,88,0
145,141,87,0
145,142,86,0
145,143,85,0
145,144,84,0
145,145,83,0
145,146,82,0
145,147,81,0
145,148,80,0
145,149,79,0
145,150,78,0
145,151,77,0
145,152,76,0
145,153,75,0
145,154,74,0
145,155,73,0
145,156,72,0
145,157,71,0
145,158,70,0
145,159,69,0
145,160,68,0
145,161,67,0
145,162,66,0
145,163,65,0
145,164,64,0
145,165,63,0
145,166,62,0
145,167,61,0
145,168,60,0
145,169,59,0
145,170,58,0
145,171,57,0
145,172,56,0
145,173,55,0
145,174,54,0
145,175,53,0
145,176,52,0
145,177,51,0
145,178,50,0
145,179,49,0
145,180,48,0
145,181,47,0
145,182,46,0
145,183,45,0
145,184,44,0
145,185,43,0
145,186,42,0
145,187,41,0
145,188,40,0
145,189,39,0
145,190,38,0
145,191,37,0
145,192,36,0
145,193,35,0
145,194,34,0
145,195,33,0
145,196,32,0
145,197,31,0
145,198,30,0
145,199,29,0
145,200,28,0
145,201,27,0
145,202,26,0
145,203,25,0
145,204,24,0
145,205,23,0
145,206,22,0
145,207,21,0
145,208,20,0
145,209,19,0
145,210,18,0
145,211,17,0
145,212,16,0
145,213,15,0
145,214,14,0
145,215,13,0
145,216,12,0
145,217,11,0
145,218,10,0
145,219,9,0
145,220,8,-1
145,221,7,0
145,222,6,0
145,223,5,0
145,224,4,0
145,225,3,0
145,226,2,0
145,227,1,0
145,228,0,0
146,31,272,0
146,32,271,0
146,33,270,0
146,34,269,0
146,35,268,0
146,36,267,0
146,37,266,0
146,38,265,0
146,39,264,0
146,40,263,0
146,41,262,0
146,42,261,0
146,43,260,0
146,44,259,0
146,45,258,0
146,46,257,0
146,47,256,0
146,48,255,0
146,49,254,0
146,50,253,0
146,51,252,0
146,52,251,0
146,53,250,0
146,54,249,0
146,55,248,0
146,56,247,0
146,57,246,0
146,58,245,0
146,59,244,0
146,60,243,0
146,61,242,0
146,62,241,0
146,63,240,0
146,64,239,0
146,65,238,0
146,66,237,0
146,67,236,0
146,68,235,0
146,69,234,0
146,70,233,0
146,71,232,0
146,72,231,0
146,73,230,0
146,74,229,0
146,75,228,0
146,76,227,0
146,77,226,0
146,78,225,0
146,79,224,0
146,80,223,0
146,81,222,0
146,82,221,0
146,83,220,0
146,84,219,0
146,85,218,0
146,86,217,0
146,87,216,0
146,88,215,0
146,89,214,0
146,90,213,0
146,91,212,0
146,92,211,0
146,93,210,0
146,94,209,0
146,95,208,0
146,96,207,0
146,97,206,0
146,98,205,0
146,99,204,0
146,100,203,0
146,101,202,0
146,102,201,0
146,103,200,0
146,104,199,0
146,105,198,0
146,106,197,0
146,107,196,0
146,108,195,0
146,109,194,0
146,110,193,0
146,111,192,0
146,112,191,0
146,113,190,0
146,114,189,0
146,115,188,0
146,116,187,0
146,117,186,0
146,118,185,0
146,119,184,0
146,120,183,0
146,121,182,0
146,122,181,0
146,123,180,0
146,124,179,0
146,125,178,0
146,126,177,0
146,127,176,0
146,128,175,0
146,129,174,0
146,130,173,0
146,131,172,0
146,132,171,0
146,133,170,0
146,134,169,0
146,135,168,0
146,136,167,0
146,137,166,0
146,138,165,0
146,139,164,0
146,140,163,0
146,141,162,0
146,142,161,0
146,143,160,0
146,144,159,0
146,145,158,0
146,146,157,0
146,147,156,0
146,148,155,0
146,149,154,0
146,150,153,0
146,151,152,0
146,152,151,0
146,153,150,0
146,154,149,0
146,155,148,0
146,156,147,0
146,157,146,0
146,158,145,0
146,159,144,0
146,160,143,0
146,161,142,0
146,162,141,0
146,163,140,0
146,164,139,0
146,165,138,0
146,166,137,0
146,167,136,0
146,168,135,0
146,169,134,0
146,170,133,0
146,171,132,0
146,172,131,0
146,173,130,0
146,174,129,0
146,175,128,0
146,176,127,0
146,177,126,0
146,178,125,0
146,179,124,0
146,180,123,0
146,181,122,0
146,182,121,0
146,183,120,0
146,184,119,0
146,185,118,0
146,186,117,0
146,187,116,0
146,188,115,0
146,189,114,0
146,190,113,0
146,191,112,0
146,192,111,0
146,193,110,0
146,194,109,0
146,195,108,0
146,196,107,0
146,197,106,0
146,198,105,0
146,199,104,0
146,200,103,0
146,201,102,0
146,202,101,0
146,203,100,0
146,204,99,0
146,205,98,0
146,206,97,0
146,207,96,0
146,208,95,0
146,209,94,0
146,210,93,0
146,211,92,0
146,212,91,0
146,213,90,0
146,214,89,0
146,215,88,0
146,216,87,0
146,217,86,0
146,218,85,0
146,219,84,0
146,220,83,0
146,221,82,0
146,222,81,0
146,223,80,0
146,224,79,0
146,225,78,0
146,226,77,0
146,227,76,0
146,228,75,0
146,229,74,0
146,230,73,0
146,231,72,0
146,232,71,0
146,233,70,0
146,234,69,0
146,235,68,0
146,236,67,0
146,237,66,0
146,238,65,0
146,239,64,0
146,240,63,0
146,241,62,0
146,242,61,0
146,243,60,0
146,244,59,0
146,245,58,0
146,246,57,0
146,247,56,0
146,248,55,0
146,249,54,0
146,250,53,0
146,251,52,0
146,252,51,0
146,253,50,0
146,254,49,0
146,255,48,0
146,256,47,0
146,257,46,0
146,258,45,0
146,259,44,0
146,260,43,0
146,261,42,0
146,262,41,0
146,263,40,0
146,264,39,0
146,265,38,0
146,266,37,0
146,267,36,0
146,268,35,0
146,269,34,0
146,270,33,0
146,271,32,0
146,272,31,0
146,273,30,0
146,274,29,0
146,275,28,0
146,276,27,0
146,277,26,0
146,278,25,0
146,279,24,0
146,280,23,0
146,281,22,0
146,282,21,0
146,283,20,0
146,284,19,0
146,285,18,0
146,286,17,0
146,287,16,0
146,288,15,0
146,289,14,0
146,290,13,0
146,291,12,0
146,292,11,0
146,293,10,0
146,294,9,0
146,295,8,0
146,296,7,0
146,297,6,0
146,298,5,0
146,299,4,0
146,300,3,0
146,301,2,0
146,302,1,0
146,303,0,0
147,31,203,0
147,32,202,0
147,33,201,0
147,34,200,0
147,35,199,0
147,36,198,0
147,37,197,0
147,38,196,0
147,39,195,0
147,40,194,0
147,41,193,0
147,42,192,0
147,43,191,0
147,44,190,0
147,45,189,0
147,46,188,0
147,47,187,0
147,48,186,0
147,49,185,0
147,50,184,0
147,51,183,0
147,52,182,0
147,53,181,0
147,54,180,0
147,55,179,0
147,56,178,0
147,57,177,0
147,58,176,0
147,59,175,0
147,60,174,0
147,61,173,0
147,62,172,0
147,63,171,0
147,64,170,0
147,65,169,0
147,66,168,0
147,67,167,0
147,68,166,0
147,69,165,0
147,70,164,0
147,71,163,0
147,72,162,0
147,73,161,0
147,74,160,0
147,75,159,0
147,76,158,0
147,77,157,0
147,78,156,0
147,79,155,0
147,80,154,0
147,81,153,0
147,82,152,0
147,83,151,0
147,84,150,0
147,85,149,0
147,86,148,0
147,87,147,0
147,88,146,0
147,89,145,0
147,90,144,0
147,91,143,0
147,92,142,0
147,93,141,0
147,94,140,0
147,95,139,0
147,96,138,0
147,97,137,0
147,98,136,0
147,99,135,0
147,100,134,0
147,101,133,0
147,102,132,0
147,103,131,0
147,104,130,0
147,105,129,0
147,106,128,0
147,107,127,0
147,108,126,0
147,109,125,0
147,110,124,0
147,111,123,0
147,112,122,0
147,113,121,0
147,114,120,0
147,115,119,0
147,116,118,0
147,117,117,0
147,118,116,0
147,119,115,0
147,120,114,0
147,121,113,0
147,122,112,0
147,123,111,0
147,124,110,0
147,125,109,0
147,126,108,0
147,127,107,0
147,128,106,0
147,129,105,0
147,130,104,0
147,131,103,0
147,132,102,0
147,133,101,0
147,134,100,0
147,135,99,0
147,136,98,0
147,137,97,0
147,138,96,0
147,139,95,0
147,140,94,0
147,141,93,0
147,142,92,0
147,143,91,0
147,144,90,0
147,145,89,0
147,146,88,0
147,147,87,0
147,148,86,0
147,149,85,0
147,150,84,0
147,151,83,0
147,152,82,0
147,153,81,0
147,154,80,0
147,155,79,0
147,156,78,0
147,157,77,0
147,158,76,0
147,159,75,0
147,160,74,0
147,161,73,0
147,162,72,0
147,163,71,0
147,164,70,0
147,165,69,0
147,166,68,0
147,167,67,0
147,168,66,0
147,169,65,0
147,170,64,0
147,171,63,0
147,172,62,0
147,173,61,0
147,174,60,0
147,175,59,0
147,176,58,0
147,177,57,0
147,178,56,0
147,179,55,0
147,180,54,0
147,181,53,0
147,182,52,0
147,183,51,0
147,184,50,0
147,185,49,0
147,186,48,0
147,187,47,0
147,188,46,0
147,189,45,0
147,190,44,0
147,191,43,0
147,192,42,0
147,193,41,0
147,194,40,0
147,195,39,0
147,196,38,0
147,197,37,0
147,198,36,0
147,199,35,0
147,200,34,0
147,201,33,0
147,202,32,0
147,203,31,0
147,204,30,0
147,205,29,0
147,206,28,0
147,207,27,0
147,208,26,0
147,209,25,0
147,210,24,0
147,211,23,0
147,212,22,0
147,213,21,0
147,214,20,0
147,215,19,0
147,216,18,0
147,217,17,0
147,218,16,0
147,219,15,0
147,220,14,0
147,221,13,0
147,222,12,0
147,223,11,0
147,224,10,0
147,225,9,0
147,226,8,0
147,227,7,0
147,228,6,0
147,229,5,0
147,230,4,0
147,231,3,0
147,232,2,0
147,233,1,0
147,234,0,0
148,31,162,0
148,32,161,0
148,33,160,0
148,34,159,0
148,35,158,0
148,36,157,0
148,37,156,0
148,38,155,0
148,39,154,0
148,40,153,0
148,41,152,0
148,42,151,0
148,43,150,0
148,44,149,0
148,45,148,0
148,46,147,0
148,47,146,0
148,48,145,0
148,49,144,0
148,50,143,0
148,51,142,0
148,52,141,0
148,53,140,0
148,54,139,0
148,55,138,0
148,56,137,0
148,57,136,0
148,58,135,0
148,59,134,0
148,60,133,0
148,61,132,0
148,62,131,0
148,63,130,0
148,64,129,0
148,65,128,0
148,66,127,0
148,67,126,0
148,68,125,0
148,69,124,0
148,70,123,0
148,71,122,0
148,72,121,0
148,73,120,0
148,74,119,0
148,75,118,0
148,76,117,0
148,77,116,0
148,78,115,0
148,79,114,0
148,80,113,0
148,81,112,0
148,82,111,0
148,83,110,0
148,84,109,0
148,85,108,0
148,86,107,0
148,87,106,0
148,88,105,0
148,89,104,0
148,90,103,0
148,91,102,0
148,92,101,0
148,93,100,0
148,94,99,0
148,95,98,0
148,96,97,0
148,97,96,0
148,98,95,0
148,99,94,0
148,100,93,0
148,101,92,0
148,102,91,0
148,103,90,0
148,104,89,0
148,105,88,0
148,106,87,0
148,107,86,0
148,108,85,0
148,109,84,0
148,110,83,0
148,111,82,0
148,112,81,0
148,113,80,0
148,114,79,0
148,115,78,0
148,116,77,0
148,117,76,0
148,118,75,0
148,119,74,0
148,120,73,0
148,121,72,0
148,122,71,0
148,123,70,0
148,124,69,0
148,125,68,0
148,126,67,0
148,127,66,0
148,128,65,0
148,129,64,0
148,130,63,0
148,131,62,0
148,132,61,0
148,133,60,0
148,134,59,0
148,135,58,0
148,136,57,0
148,137,56,0
148,138,55,0
148,139,54,0
148,140,53,0
148,141,52,0
148,142,51,0
148,143,50,0
148,144,49,0
148,145,48,0
148,146,47,0
148,147,46,0
148,148,45,0
148,149,44,0
148,150,43,0
148,151,42,0
148,152,41,0
148,153,40,0
148,154,39,0
148,155,38,0
148,156,37,0
148,157,36,0
148,158,35,0
148,159,34,0
148,160,33,0
148,161,32,0
148,162,31,0
148,163,30,0
148,164,29,0
148,165,28,0
148,166,27,0
148,167,26,0
148,168,25,0
148,169,24,0
148,170,23,0
148,171,22,0
148,172,21,0
148,173,20,0
148,174,19,0
148,175,18,0
148,176,17,0
148,177,16,0
148,178,15,0
148,179,14,0
148,180,13,0
148,181,12,0
148,182,11,0
148,183,10,0
148,184,9,0
148,185,8,0
148,186,7,0
148,187,6,0
148,188,5,0
148,189,4,0
148,190,3,0
148,191,2,0
148,192,1,0
148,193,0,0
149,31,230,0
149,32,229,0
149,33,228,0
149,34,227,0
149,35,226,0
149,36,225,0
149,37,224,0
149,38,223,0
149,39,222,0
149,40,221,0
149,41,220,0
149,42,219,0
149,43,218,0
149,44,217,0
149,45,216,0
149,46,215,0
149,47,214,0
149,48,213,0
149,49,212,0
149,50,211,0
149,51,210,0
149,52,209,0
149,53,208,0
149,54,207,0
149,55,206,0
149,56,205,0
149,57,204,0
149,58,203,0
149,59,202,0
149,60,201,0
149,61,200,0
149,62,199,0
149,63,198,0
149,64,197,0
149,65,196,0
149,66,195,0
149,67,194,0
149,68,193,0
149,69,192,0
149,70,191,0
149,71,190,0
149,72,189,0
149,73,188,0
149,74,187,0
149,75,186,0
149,76,185,0
149,77,184,0
149,78,183,0
149,79,182,0
149,80,181,0
149,81,180,0
149,82,179,0
149,83,178,0
149,84,177,0
149,85,176,0
149,86,175,0
149,87,174,0
149,88,173,0
149,89,172,0
149,90,171,0
149,91,170,0
149,92,169,0
149,93,168,0
149,94,167,0
149,95,166,0
149,96,165,0
149,97,164,0
149,98,163,0
149,99,162,0
149,100,161,0
149,101,160,0
149,102,159,0
149,103,158,0
149,104,157,0
149,105,156,0
149,106,155,0
149,107,154,0
149,108,153,0
149,109,152,0
149,110,151,0
149,111,150,0
149,112,149,0
149,113,148,0
149,114,147,0
149,115,146,0
149,116,145,0
149,117,144,0
149,118,143,0
149,119,142,0
149,120,141,0
149,121,140,0
149,122,139,0
149,123,138,0
149,124,137,0
149,125,136,0
149,126,135,0
149,127,134,0
149,128,133,0
149,129,132,0
149,130,131,0
149,131,130,0
149,132,129,0
149,133,128,0
149,134,127,0
149,135,126,0
149,136,125,0
149,137,124,0
149,138,123,0
149,139,122,0
149,140,121,0
149,141,120,0
149,142,119,0
149,143,118,0
149,144,117,0
149,145,116,0
149,146,115,0
149,147,114,0
149,148,113,0
149,149,112,0
149,150,111,0
149,151,110,0
149,152,109,0
149,153,108,0
149,154,107,0
149,155,106,0
149,156,105,0
149,157,104,0
149,158,103,0
149,159,102,0
149,160,101,0
149,161,100,0
149,162,99,0
149,163,98,0
149,164,97,0
149,165,96,0
149,166,95,0
149,167,94,0
149,168,93,0
149,169,92,0
149,170,91,0
149,171,90,0
149,172,89,0
149,173,88,0
149,174,87,0
149,175,86,0
149,176,85,0
149,177,84,0
149,178,83,0
149,179,82,0
149,180,81,0
149,181,80,0
149,182,79,0
149,183,78,0
149,184,77,0
149,185,76,0
149,186,75,0
149,187,74,0
149,188,73,0
149,189,72,0
149,190,71,0
149,191,70,0
149,192,69,0
149,193,68,0
149,194,67,0
149,195,66,0
149,196,65,0
149,197,64,0
149,198,63,0
149,199,62,0
149,200,61,0
149,201,60,0
149,202,59,0
149,203,58,0
149,204,57,0
149,205,56,0
149,206,55,0
149,207,54,0
149,208,53,0
149,209,52,0
149,210,51,0
149,211,50,0
149,212,49,0
149,213,48,0
149,214,47,0
149,215,46,0
149,216,45,0
149,217,44,0
149,218,43,0
149,219,42,0
149,220,41,0
149,221,40,0
149,222,39,0
149,223,38,0
149,224,37,0
149,225,36,0
149,226,35,0
149,227,34,0
149,228,33,0
149,229,32,0
149,230,31,0
149,231,30,0
149,232,29,0
149,233,28,0
149,234,27,0
149,235,26,0
149,236,25,0
149,237,24,0
149,238,23,0
149,239,22,0
149,240,21,0
149,241,20,0
149,242,19,0
149,243,18,0
149,244,17,0
149,245,16,0
149,246,15,0
149,247,14,0
149,248,13,0
149,249,12,0
149,250,11,0
149,251,10,0
149,252,9,0
149,253,8,0
149,254,7,0
149,255,6,0
149,256,5,0
149,257,4,0
149,258,3,0
149,259,2,0
149,260,1,0
149,261,0,0
150,31,118,0
150,32,117,0
150,33,116,0
150,34,115,0
150,35,114,0
150,36,113,0
150,37,112,0
150,38,111,0
150,39,110,0
150,40,109,0
150,41,108,0
150,42,107,0
150,43,106,0
150,44,105,0
150,45,104,0
150,46,103,0
150,47,102,0
150,48,101,0
150,49,100,0
150,50,99,0
150,51,98,0
150,52,97,0
150,53,96,0
150,54,95,0
150,55,94,0
150,56,93,0
150,57,92,0
150,58,91,0
150,59,90,0
150,60,89,0
150,61,88,0
150,62,87,0
150,63,86,0
150,64,85,0
150,65,84,0
150,66,83,0
150,67,82,0
150,68,81,0
150,69,80,0
150,70,79,0
150,71,78,0
150,72,77,0
150,73,76,0
150,74,75,0
150,75,74,0
150,76,73,0
150,77,72,0
150,78,71,0
150,79,70,0
150,80,69,0
150,81,68,0
150,82,67,0
150,83,66,0
150,84,65,0
150,85,64,0
150,86,63,0
150,87,62,0
150,88,61,0
150,89,60,0
150,90,59,0
150,91,58,0
150,92,57,0
150,93,56,0
150,94,55,0
150,95,54,0
150,96,53,0
150,97,52,0
150,98,51,0
150,99,50,0
150,100,49,0
150,101,48,0
150,102,47,0
150,103,46,0
150,104,45,0
150,105,44,0
150,106,43,0
150,107,42,0
150,108,41,0
150,109,40,0
150,110,39,0
150,111,38,0
150,112,37,0
150,113,36,0
150,114,35,0
150,115,34,0
150,116,33,0
150,117,32,0
150,118,31,0
150,119,30,0
150,120,29,0
150,121,28,0
150,122,27,0
150,123,26,0
150,124,25,0
150,125,24,0
150,126,23,0
150,127,22,0
150,128,21,0
150,129,20,0
150,130,19,0
150,131,18,0
150,132,17,0
150,133,16,0
150,134,15,0
150,135,14,0
150,136,13,0
150,137,12,0
150,138,11,0
150,139,10,0
150,140,9,0
150,141,8,0
150,142,7,0
150,143,6,0
150,144,5,0
150,145,4,0
150,146,3,0
150,147,2,0
150,148,1,0
150,149,0,0
151,31,320,0
151,32,319,0
151,33,318,0
151,34,317,0
151,35,316,0
151,36,315,0
151,37,314,0
151,38,313,0
151,39,312,0
151,40,311,0
151,41,310,0
151,42,309,0
151,43,308,0
151,44,307,0
151,45,306,0
151,46,305,0
151,47,304,0
151,48,303,0
151,49,302,0
151,50,301,0
151,51,300,0
151,52,299,0
151,53,298,0
151,54,297,0
151,55,296,0
151,56,295,0
151,57,294,0
151,58,293,0
151,59,292,0
151,60,291,0
151,61,290,0
151,62,289,0
151,63,288,0
151,64,287,0
151,65,286,0
151,66,285,0
151,67,284,0
151,68,283,0
151,69,282,0
151,70,281,0
151,71,280,0
151,72,279,0
151,73,278,0
151,74,277,0
151,75,276,0
151,76,275,0
151,77,274,0
151,78,273,0
151,79,272,0
151,80,271,0
151,81,270,0
151,82,269,0
151,83,268,0
151,84,267,0
151,85,266,0
151,86,265,0
151,87,264,0
151,88,263,0
151,89,262,0
151,90,261,0
151,91,260,0
151,92,259,0
151,93,258,0
151,94,257,0
151,95,256,0
151,96,255,0
151,97,254,0
151,98,253,0
151,99,252,0
151,100,251,0
151,101,250,0
151,102,249,0
151,103,248,0
151,104,247,0
151,105,246,0
151,106,245,0
151,107,244,0
151,108,243,0
151,109,242,0
151,110,241,0
151,111,240,0
151,112,239,0
151,113,238,0
151,114,237,0
151,115,236,0
151,116,235,0
151,117,234,0
151,118,233,0
151,119,232,0
151,120,231,0
151,121,230,0
151,122,229,0
151,123,228,0
151,124,227,0
151,125,226,0
151,126,225,0
151,127,224,0
151,128,223,0
151,129,222,0
151,130,221,0
151,131,220,0
151,132,219,0
151,133,218,0
151,134,217,0
151,135,216,0
151,136,215,0
151,137,214,0
151,138,213,0
151,139,212,0
151,140,211,0
151,141,210,0
151,142,209,0
151,143,208,0
151,144,207,0
151,145,206,0
151,146,205,0
151,147,204,0
151,148,203,0
151,149,202,0
151,150,201,0
151,151,200,0
151,152,199,0
151,153,198,0
151,154,197,0
151,155,196,0
151,156,195,0
151,157,194,0
151,158,193,0
151,159,192,0
151,160,191,0
151,161,190,0
151,162,189,0
151,163,188,0
151,164,187,0
151,165,186,0
151,166,185,0
151,167,184,0
151,168,183,0
151,169,182,0
151,170,181,0
151,171,180,0
151,172,179,0
151,173,178,0
151,174,177,0
151,175,176,0
151,176,175,0
151,177,174,0
151,178,173,0
151,179,172,0
151,180,171,0
151,181,170,0
151,182,169,0
151,183,168,0
151,184,167,0
151,185,166,0
151,186,165,0
151,187,164,0
151,188,163,0
151,189,162,0
151,190,161,0
151,191,160,0
151,192,159,0
151,193,158,0
151,194,157,0
151,195,156,0
151,196,155,0
151,197,154,0
151,198,153,0
151,199,152,0
151,200,151,0
151,201,150,0
151,202,149,0
151,203,148,0
151,204,147,0
151,205,146,0
151,206,145,0
151,207,144,0
151,208,143,0
151,209,142,0
151,210,141,0
151,211,140,0
151,212,139,0
151,213,138,0
151,214,137,0
151,215,136,0
151,216,135,0
151,217,134,0
151,218,133,0
151,219,132,0
151,220,131,0
151,221,130,0
151,222,129,0
151,223,128,0
151,224,127,0
151,225,126,0
151,226,125,0
151,227,124,0
151,228,123,0
151,229,122,0
151,230,121,0
151,231,120,0
151,232,119,0
151,233,118,0
151,234,117,0
151,235,116,0
151,236,115,0
151,237,114,0
151,238,113,0
151,239,112,0
151,240,111,0
151,241,110,0
151,242,109,0
151,243,108,0
151,244,107,0
151,245,106,0
151,246,105,0
151,247,104,0
151,248,103,0
151,249,102,0
151,250,101,0
151,251,100,0
151,252,99,0
151,253,98,0
151,254,97,0
151,255,96,0
151,256,95,0
151,257,94,0
151,258,93,0
151,259,92,0
151,260,91,0
151,261,90,0
151,262,89,0
151,263,88,0
151,264,87,0
151,265,86,0
151,266,85,0
151,267,84,0
151,268,83,0
151,269,82,0
151,270,81,0
151,271,80,0
151,272,79,0
151,273,78,0
151,274,77,0
151,275,76,0
151,276,75,0
151,277,74,0
151,278,73,0
151,279,72,0
151,280,71,0
151,281,70,0
151,282,69,0
151,283,68,0
151,284,67,0
151,285,66,0
151,286,65,0
151,287,64,0
151,288,63,0
151,289,62,0
151,290,61,0
151,291,60,0
151,292,59,0
151,293,58,0
151,294,57,0
151,295,56,0
151,296,55,0
151,297,54,0
151,298,53,0
151,299,52,0
151,300,51,0
151,301,50,0
151,302,49,0
151,303,48,0
151,304,47,0
151,305,46,0
151,306,45,0
151,307,44,0
151,308,43,0
151,309,42,0
151,310,41,0
151,311,40,0
151,312,39,0
151,313,38,0
151,314,37,0
151,315,36,0
151,316,35,0
151,317,34,0
151,318,33,0
151,319,32,0
151,320,31,0
151,321,30,0
151,322,29,0
151,323,28,0
151,324,27,0
151,325,26,0
151,326,25,0
151,327,24,0
151,328,23,0
151,329,22,0
151,330,21,0
151,331,20,0
151,332,19,0
151,333,18,0
151,334,17,0
151,335,16,0
151,336,15,0
151,337,14,0
151,338,13,0
151,339,12,0
151,340,11,0
151,341,10,0
151,342,9,0
151,343,8,0
151,344,7,0
151,345,6,0
151,346,5,0
151,347,4,0
151,348,3,0
151,349,2,0
151,350,1,0
151,351,0,0
152,31,231,0
152,32,230,0
152,33,229,0
152,34,228,0
152,35,227,0
152,36,226,0
152,37,225,0
152,38,224,0
152,39,223,0
152,40,222,0
152,41,221,0
152,42,220,0
152,43,219,0
152,44,218,0
152,45,217,0
152,46,216,0
152,47,215,0
152,48,214,0
152,49,213,0
152,50,212,0
152,51,211,0
152,52,210,0
152,53,209,0
152,54,208,0
152,55,207,0
152,56,206,0
152,57,205,0
152,58,204,0
152,59,203,0
152,60,202,0
152,61,201,0
152,62,200,0
152,63,199,0
152,64,198,0
152,65,197,0
152,66,196,0
152,67,195,0
152,68,194,0
152,69,193,0
152,70,192,0
152,71,191,0
152,72,190,0
152,73,189,0
152,74,188,0
152,75,187,0
152,76,186,0
152,77,185,0
152,78,184,0
152,79,183,0
152,80,182,0
152,81,181,0
152,82,180,0
152,83,179,0
152,84,178,0
152,85,177,0
152,86,176,0
152,87,175,0
152,88,174,0
152,89,173,0
152,90,172,0
152,91,171,0
152,92,170,0
152,93,169,0
152,94,168,0
152,95,167,0
152,96,166,0
152,97,165,0
152,98,164,0
152,99,163,0
152,100,162,0
152,101,161,0
152,102,160,0
152,103,159,0
152,104,158,0
152,105,157,0
152,106,156,0
152,107,155,0
152,108,154,0
152,109,153,0
152,110,152,0
152,111,151,0
152,112,150,0
152,113,149,0
152,114,148,0
152,115,147,0
152,116,146,0
152,117,145,0
152,118,144,0
152,119,143,0
152,120,142,0
152,121,141,0
152,122,140,0
152,123,139,0
152,124,138,0
152,125,137,0
152,126,136,0
152,127,135,0
152,128,134,0
152,129,133,0
152,130,132,0
152,131,131,0
152,132,130,0
152,133,129,0
152,134,128,0
152,135,127,0
152,136,126,0
152,137,125,0
152,138,124,0
152,139,123,0
152,140,122,0
152,141,121,0
152,142,120,0
152,143,119,0
152,144,118,0
152,145,117,0
152,146,116,0
152,147,115,0
152,148,114,0
152,149,113,0
152,150,112,0
152,151,111,0
152,152,110,0
152,153,109,0
152,154,108,0
152,155,107,0
152,156,106,0
152,157,105,0
152,158,104,0
152,159,103,0
152,160,102,0
152,161,101,0
152,162,100,0
152,163,99,0
152,164,98,0
152,165,97,0
152,166,96,0
152,167,95,0
152,168,94,0
152,169,93,0
152,170,92,0
152,171,91,0
152,172,90,0
152,173,89,0
152,174,88,0
152,175,87,0
152,176,86,0
152,177,85,0
152,178,84,0
152,179,83,0
152,180,82,0
152,181,81,0
152,182,80,0
152,183,79,0
152,184,78,0
152,185,77,0
152,186,76,0
152,187,75,0
152,188,74,0
152,189,73,0
152,190,72,0
152,191,71,0
152,192,70,0
152,193,69,0
152,194,68,0
152,195,67,0
152,196,66,0
152,197,65,0
152,198,64,0
152,199,63,0
152,200,62,0
152,201,61,0
152,202,60,0
152,203,59,0
152,204,58,0
152,205,57,0
152,206,56,0
152,207,55,0
152,208,54,0
152,209,53,0
152,210,52,0
152,211,51,0
152,212,50,0
152,213,49,0
152,214,48,0
152,215,47,0
152,216,46,0
152,217,45,0
152,218,44,0
152,219,43,0
152,220,42,0
152,221,41,0
152,222,40,0
152,223,39,0
152,224,38,0
152,225,37,0
152,226,36,0
152,227,35,0
152,228,34,0
152,229,33,0
152,230,32,0
152,231,31,0
152,232,30,0
152,233,29,0
152,234,28,0
152,235,27,0
152,236,26,0
152,237,25,0
152,238,24,0
152,239,23,0
152,240,22,0
152,241,21,0
152,242,20,0
152,243,19,0
152,244,18,0
152,245,17,0
152,246,16,0
152,247,15,0
152,248,14,0
152,249,13,0
152,250,12,0
152,251,11,0
152,252,10,0
152,253,9,0
152,254,8,0
152,255,7,0
152,256,6,0
152,257,5,0
152,258,4,0
152,259,3,0
152,260,2,0
152,261,1,0
152,262,0,0
153,31,137,0
153,32,136,0
153,33,135,0
153,34,134,0
153,35,133,0
153,36,132,0
153,37,131,0
153,38,130,0
153,39,129,0
153,40,128,0
153,41,127,0
153,42,126,0
153,43,125,0
153,44,124,0
153,45,123,0
153,46,122,0
153,47,121,0
153,48,120,0
153,49,119,0
153,50,118,0
153,51,117,0
153,52,116,0
153,53,115,0
153,54,114,0
153,55,113,0
153,56,112,0
153,57,111,0
153,58,110,0
153,59,109,0
153,60,108,0
153,61,107,0
153,62,106,0
153,63,105,0
153,64,104,0
153,65,103,0
153,66,102,0
153,67,101,0
153,68,100,0
153,69,99,0
153,70,98,0
153,71,97,0
153,72,96,0
153,73,95,0
153,74,94,0
153,75,93,0
153,76,92,0
153,77,91,0
153,78,90,0
153,79,89,0
153,80,88,0
153,81,87,0
153,82,86,0
153,83,85,0
153,84,84,0
153,85,83,0
153,86,82,0
153,87,81,0
153,88,80,0
153,89,79,0
153,90,78,0
153,91,77,0
153,92,76,0
153,93,75,0
153,94,74,0
153,95,73,0
153,96,72,0
153,97,71,0
153,98,70,0
153,99,69,0
153,100,68,0
153,101,67,0
153,102,66,0
153,103,65,0
153,104,64,0
153,105,63,0
153,106,62,0
153,107,61,0
153,108,60,0
153,109,59,0
153,110,58,0
153,111,57,0
153,112,56,0
153,113,55,0
153,114,54,0
153,115,53,0
153,116,52,0
153,117,51,0
153,118,50,0
153,119,49,0
153,120,48,0
153,121,47,0
153,122,46,0
153,123,45,0
153,124,44,0
153,125,43,0
153,126,42,0
153,127,41,0
153,128,40,0
153,129,39,0
153,130,38,0
153,131,37,0
153,132,36,0
153,133,35,0
153,134,34,0
153,135,33,0
153,136,32,0
153,137,31,0
153,138,30,0
153,139,29,0
153,140,28,0
153,141,27,0
153,142,26,0
153,143,25,0
153,144,24,0
153,145,23,0
153,146,22,0
153,147,21,0
153,148,20,0
153,149,19,0
153,150,18,0
153,151,17,0
153,152,16,0
153,153,15,0
153,154,14,0
153,155,13,0
153,156,12,0
153,157,11,0
153,158,10,0
153,159,9,0
153,160,8,0
153,161,7,0
153,162,6,0
153,163,5,0
153,164,4,0
153,165,3,0
153,166,2,0
153,167,1,0
153,168,0,0
154,31,172,0
154,32,171,0
154,33,170,0
154,34,169,0
154,35,168,0
154,36,167,0
154,37,166,0
154,38,165,0
154,39,164,0
154,40,163,0
154,41,162,0
154,42,161,0
154,43,160,0
154,44,159,0
154,45,158,-1
154,46,157,0
154,47,156,0
154,48,155,0
154,49,154,0
154,50,153,0
154,51,152,0
154,52,151,0
154,53,150,0
154,54,149,0
154,55,148,0
154,56,147,0
154,57,146,0
154,58,145,0
154,59,144,0
154,60,143,0
154,61,142,0
154,62,141,0
154,63,140,0
154,64,139,0
154,65,138,0
154,66,137,0
154,67,136,0
154,68,135,0
154,69,134,0
154,70,133,0
154,71,132,0
154,72,131,0
154,73,130,0
154,74,129,0
154,75,128,0
154,76,127,0
154,77,126,0
154,78,125,0
154,79,124,0
154,80,123,0
154,81,122,0
154,82,121,0
154,83,120,0
154,84,119,0
154,85,118,0
154,86,117,0
154,87,116,0
154,88,115,0
154,89,114,0
154,90,113,0
154,91,112,0
154,92,111,0
154,93,110,0
154,94,109,0
154,95,108,0
154,96,107,0
154,97,106,0
154,98,105,0
154,99,104,0
154,100,103,0
154,101,102,0
154,102,101,0
154,103,100,0
154,104,99,0
154,105,98,0
154,106,97,0
154,107,96,0
154,108,95,0
154,109,94,0
154,110,93,0
154,111,92,0
154,112,91,0
154,113,90,0
154,114,89,0
154,115,88,0
154,116,87,0
154,117,86,0
154,118,85,0
154,119,84,0
154,120,83,0
154,121,82,0
154,122,81,0
154,123,80,0
154,124,79,0
154,125,78,0
154,126,77,0
154,127,76,0
154,128,75,0
154,129,74,0
154,130,73,0
154,131,72,0
154,132,71,0
154,133,70,0
154,134,69,0
154,135,68,0
154,136,67,0
154,137,66,0
154,138,65,0
154,139,64,0
154,140,63,0
154,141,62,0
154,142,61,0
154,143,60,0
154,144,59,0
154,145,58,0
154,146,57,0
154,147,56,0
154,148,55,0
154,149,54,0
154,150,53,0
154,151,52,0
154,152,51,0
154,153,50,0
154,154,49,0
154,155,48,0
154,156,47,0
154,157,46,0
154,158,45,0
154,159,44,0
154,160,43,0
154,161,42,0
154,162,41,0
154,163,40,0
154,164,39,0
154,165,38,0
154,166,37,0
154,167,36,0
154,168,35,0
154,169,34,0
154,170,33,0
154,171,32,0
154,172,31,0
154,173,30,0
154,174,29,0
154,175,28,0
154,176,27,0
154,177,26,0
154,178,25,0
154,179,24,0
154,180,23,0
154,181,22,0
154,182,21,0
154,183,20,0
154,184,19,0
154,185,18,0
154,186,17,0
154,187,16,0
154,188,15,0
154,189,14,0
154,190,13,0
154,191,12,0
154,192,11,0
154,193,10,0
154,194,9,0
154,195,8,0
154,196,7,0
154,197,6,0
154,198,5,0
154,199,4,0
154,200,3,0
154,201,2,0
154,202,1,0
154,203,0,0
155,31,264,0
155,32,263,0
155,33,262,0
155,34,261,0
155,35,260,0
155,36,259,0
155,37,258,0
155,38,257,0
155,39,256,0
155,40,255,0
155,41,254,0
155,42,253,0
155,43,252,0
155,44,251,0
155,45,250,0
155,46,249,0
155,47,248,0
155,48,247,0
155,49,246,0
155,50,245,0
155,51,244,0
155,52,243,0
155,53,242,0
155,54,241,0
155,55,240,0
155,56,239,0
155,57,238,0
155,58,237,0
155,59,236,0
155,60,235,0
155,61,234,0
155,62,233,0
155,63,232,0
155,64,231,0
155,65,230,0
155,66,229,0
155,67,228,0
155,68,227,0
155,69,226,0
155,70,225,0
155,71,224,0
155,72,223,0
155,73,222,0
155,74,221,0
155,75,220,0
155,76,219,0
155,77,218,0
155,78,217,0
155,79,216,0
155,80,215,0
155,81,214,0
155,82,213,0
155,83,212,0
155,84,211,0
155,85,210,0
155,86,209,0
155,87,208,0
155,88,207,0
155,89,206,0
155,90,205,0
155,91,204,0
155,92,203,0
155,93,202,0
155,94,201,0
155,95,200,0
155,96,199,0
155,97,198,0
155,98,197,0
155,99,196,0
155,100,195,0
155,101,194,0
155,102,193,0
155,103,192,0
155,104,191,0
155,105,190,0
155,106,189,0
155,107,188,0
155,108,187,0
155,109,186,0
155,110,185,0
155,111,184,0
155,112,183,0
155,113,182,0
155,114,181,0
155,115,180,0
155,116,179,0
155,117,178,0
155,118,177,0
155,119,176,0
155,120,175,0
155,121,174,0
155,122,173,0
155,123,172,0
155,124,171,0
155,125,170,0
155,126,169,0
155,127,168,0
155,128,167,0
155,129,166,0
155,130,165,0
155,131,164,0
155,132,163,0
155,133,162,0
155,134,161,0
155,135,160,0
155,136,159,0
155,137,158,0
155,138,157,0
155,139,156,0
155,140,155,0
155,141,154,0
155,142,153,0
155,143,152,0
155,144,151,0
155,145,150,0
155,146,149,0
155,147,148,0
155,148,147,0
155,149,146,0
155,150,145,0
155,151,144,0
155,152,143,0
155,153,142,0
155,154,141,0
155,155,140,0
155,156,139,0
155,157,138,0
155,158,137,0
155,159,136,0
155,160,135,0
155,161,134,0
155,162,133,0
155,163,132,0
155,164,131,0
155,165,130,0
155,166,129,0
155,167,128,0
155,168,127,0
155,169,126,0
155,170,125,0
155,171,124,0
155,172,123,0
155,173,122,0
155,174,121,0
155,175,120,0
155,176,119,0
155,177,118,0
155,178,117,0
155,179,116,0
155,180,115,0
155,181,114,0
155,182,113,0
155,183,112,0
155,184,111,0
155,185,110,0
155,186,109,0
155,187,108,0
155,188,107,0
155,189,106,0
155,190,105,0
155,191,104,0
155,192,103,0
155,193,102,0
155,194,101,0
155,195,100,0
155,196,99,0
155,197,98,0
155,198,97,0
155,199,96,0
155,200,95,0
155,201,94,0
155,202,93,0
155,203,92,0
155,204,91,0
155,205,90,0
155,206,89,0
155,207,88,0
155,208,87,0
155,209,86,0
155,210,85,0
155,211,84,0
155,212,83,0
155,213,82,0
155,214,81,0
155,215,80,0
155,216,79,0
155,217,78,0
155,218,77,0
155,219,76,0
155,220,75,0
155,221,74,0
155,222,73,0
155,223,72,0
155,224,71,0
155,225,70,0
155,226,69,0
155,227,68,0
155,228,67,0
155,229,66,0
155,230,65,0
155,231,64,0
155,232,63,0
155,233,62,0
155,234,61,0
155,235,60,0
155,236,59,0
155,237,58,0
155,238,57,0
155,239,56,0
155,240,55,0
155,241,54,0
155,242,53,0
155,243,52,0
155,244,51,0
155,245,50,0
155,246,49,0
155,247,48,0
155,248,47,0
155,249,46,0
155,250,45,0
155,251,44,0
155,252,43,0
155,253,42,0
155,254,41,0
155,255,40,0
155,256,39,0
155,257,38,0
155,258,37,0
155,259,36,0
155,260,35,0
155,261,34,0
155,262,33,0
155,263,32,0
155,264,31,0
155,265,30,0
155,266,29,0
155,267,28,0
155,268,27,0
155,269,26,0
155,270,25,0
155,271,24,0
155,272,23,0
155,273,22,0
155,274,21,0
155,275,20,0
155,276,19,0
155,277,18,0
155,278,17,0
155,279,16,0
155,280,15,0
155,281,14,0
155,282,13,0
155,283,12,0
155,284,11,0
155,285,10,0
155,286,9,0
155,287,8,0
155,288,7,0
155,289,6,0
155,290,5,0
155,291,4,0
155,292,3,0
155,293,2,0
155,294,1,0
155,295,0,0
156,31,108,0
156,32,107,0
156,33,106,0
156,34,105,0
156,35,104,0
156,36,103,0
156,37,102,0
156,38,101,0
156,39,100,0
156,40,99,0
156,41,98,0
156,42,97,0
156,43,96,0
156,44,95,0
156,45,94,0
156,46,93,0
156,47,92,0
156,48,91,0
156,49,90,0
156,50,89,0
156,51,88,0
156,52,87,0
156,53,86,0
156,54,85,0
156,55,84,0
156,56,83,0
156,57,82,0
156,58,81,0
156,59,80,0
156,60,79,0
156,61,78,0
156,62,77,0
156,63,76,0
156,64,75,0
156,65,74,0
156,66,73,0
156,67,72,0
156,68,71,0
156,69,70,0
156,70,69,0
156,71,68,0
156,72,67,0
156,73,66,0
156,74,65,0
156,75,64,0
156,76,63,0
156,77,62,0
156,78,61,0
156,79,60,0
156,80,59,0
156,81,58,0
156,82,57,0
156,83,56,0
156,84,55,0
156,85,54,0
156,86,53,0
156,87,52,0
156,88,51,0
156,89,50,0
156,90,49,0
156,91,48,0
156,92,47,0
156,93,46,0
156,94,45,0
156,95,44,0
156,96,43,0
156,97,42,0
156,98,41,0
156,99,40,0
156,100,39,0
156,101,38,0
156,102,37,0
156,103,36,0
156,104,35,0
156,105,34,0
156,106,33,0
156,107,32,0
156,108,31,0
156,109,30,0
156,110,29,0
156,111,28,0
156,112,27,0
156,113,26,0
156,114,25,0
156,115,24,0
156,116,23,0
156,117,22,0
156,118,21,0
156,119,20,0
156,120,19,0
156,121,18,0
156,122,17,-1
156,123,16,0
156,124,15,0
156,125,14,0
156,126,13,0
156,127,12,0
156,128,11,0
156,129,10,0
156,130,9,0
156,131,8,0
156,132,7,-1
156,133,6,-1
156,134,5,-1
156,135,4,0
156,136,3,0
156,137,2,0
156,138,1,0
156,139,0,-1
157,31,267,0
157,32,266,0
157,33,265,0
157,34,264,0
157,35,263,0
157,36,262,0
157,37,261,0
157,38,260,0
157,39,259,0
157,40,258,0
157,41,257,0
157,42,256,0
157,43,255,0
157,44,254,0
157,45,253,0
157,46,252,0
157,47,251,0
157,48,250,0
157,49,249,0
157,50,248,0
157,51,247,0
157,52,246,0
157,53,245,0
157,54,244,0
157,55,243,0
157,56,242,0
157,57,241,0
157,58,240,0
157,59,239,0
157,60,238,0
157,61,237,0
157,62,236,0
157,63,235,0
157,64,234,0
157,65,233,0
157,66,232,0
157,67,231,0
157,68,230,0
157,69,229,0
157,70,228,0
157,71,227,0
157,72,226,0
157,73,225,0
157,74,224,0
157,75,223,0
157,76,222,0
157,77,221,0
157,78,220,0
157,79,219,0
157,80,218,0
157,81,217,0
157,82,216,0
157,83,215,0
157,84,214,0
157,85,213,0
157,86,212,0
157,87,211,0
157,88,210,0
157,89,209,0
157,90,208,0
157,91,207,0
157,92,206,0
157,93,205,0
157,94,204,0
157,95,203,0
157,96,202,0
157,97,201,0
157,98,200,0
157,99,199,0
157,100,198,0
157,101,197,0
157,102,196,0
157,103,195,0
157,104,194,0
157,105,193,0
157,106,192,0
157,107,191,0
157,108,190,0
157,109,189,0
157,110,188,0
157,111,187,0
157,112,186,0
157,113,185,0
157,114,184,0
157,115,183,0
157,116,182,0
157,117,181,0
157,118,180,0
157,119,179,0
157,120,178,0
157,121,177,0
157,122,176,0
157,123,175,0
157,124,174,0
157,125,173,0
157,126,172,0
157,127,171,0
157,128,170,0
157,129,169,0
157,130,168,0
157,131,167,0
157,132,166,0
157,133,165,0
157,134,164,0
157,135,163,0
157,136,162,0
157,137,161,0
157,138,160,0
157,139,159,0
157,140,158,0
157,141,157,0
157,142,156,0
157,143,155,0
157,144,154,0
157,145,153,0
157,146,152,0
157,147,151,0
157,148,150,0
157,149,149,0
157,150,148,0
157,151,147,0
157,152,146,0
157,153,145,0
157,154,144,0
157,155,143,0
157,156,142,0
157,157,141,0
157,158,140,0
157,159,139,0
157,160,138,0
157,161,137,0
157,162,136,0
157,163,135,0
157,164,134,0
157,165,133,0
157,166,132,0
157,167,131,0
157,168,130,0
157,169,129,0
157,170,128,0
157,171,127,0
157,172,126,0
157,173,125,0
157,174,124,0
157,175,123,0
157,176,122,0
157,177,121,0
157,178,120,0
157,179,119,0
157,180,118,0
157,181,117,0
157,182,116,0
157,183,115,0
157,184,114,0
157,185,113,0
157,186,112,0
157,187,111,0
157,188,110,0
157,189,109,0
157,190,108,0
157,191,107,0
157,192,106,0
157,193,105,0
157,194,104,0
157,195,103,0
157,196,102,0
157,197,101,0
157,198,100,0
157,199,99,0
157,200,98,0
157,201,97,0
157,202,96,0
157,203,95,0
157,204,94,0
157,205,93,0
157,206,92,0
157,207,91,0
157,208,90,0
157,209,89,0
157,210,88,0
157,211,87,0
157,212,86,0
157,213,85,0
157,214,84,0
157,215,83,0
157,216,82,0
157,217,81,0
157,218,80,0
157,219,79,0
157,220,78,0
157,221,77,0
157,222,76,0
157,223,75,0
157,224,74,0
157,225,73,0
157,226,72,0
157,227,71,0
157,228,70,0
157,229,69,0
157,230,68,0
157,231,67,0
157,232,66,0
157,233,65,0
157,234,64,0
157,235,63,0
157,236,62,0
157,237,61,0
157,238,60,0
157,239,59,0
157,240,58,0
157,241,57,0
157,242,56,0
157,243,55,0
157,244,54,0
157,245,53,0
157,246,52,0
157,247,51,0
157,248,50,0
157,249,49,0
157,250,48,0
157,251,47,0
157,252,46,0
157,253,45,0
157,254,44,0
157,255,43,0
157,256,42,0
157,257,41,0
157,258,40,0
157,259,39,0
157,260,38,0
157,261,37,0
157,262,36,0
157,263,35,0
157,264,34,0
157,265,33,0
157,266,32,0
157,267,31,0
157,268,30,0
157,269,29,0
157,270,28,0
157,271,27,0
157,272,26,0
157,273,25,0
157,274,24,0
157,275,23,0
157,276,22,0
157,277,21,0
157,278,20,0
157,279,19,0
157,280,18,0
157,281,17,0
157,282,16,0
157,283,15,0
157,284,14,0
157,285,13,0
157,286,12,0
157,287,11,0
157,288,10,0
157,289,9,0
157,290,8,0
157,291,7,0
157,292,6,0
157,293,5,0
157,294,4,0
157,295,3,0
157,296,2,0
157,297,1,0
157,298,0,0
158,31,368,0
158,32,367,0
158,33,366,0
158,34,365,0
158,35,364,0
158,36,363,0
158,37,362,0
158,38,361,0
158,39,360,0
158,40,359,0
158,41,358,0
158,42,357,0
158,43,356,0
158,44,355,0
158,45,354,0
158,46,353,0
158,47,352,0
158,48,351,0
158,49,350,0
158,50,349,0
158,51,348,0
158,52,347,0
158,53,346,0
158,54,345,0
158,55,344,0
158,56,343,0
158,57,342,0
158,58,341,0
158,59,340,0
158,60,339,0
158,61,338,0
158,62,337,0
158,63,336,0
158,64,335,0
158,65,334,0
158,66,333,0
158,67,332,0
158,68,331,0
158,69,330,0
158,70,329,0
158,71,328,0
158,72,327,0
158,73,326,0
158,74,325,0
158,75,324,0
158,76,323,0
158,77,322,0
158,78,321,0
158,79,320,0
158,80,319,0
158,81,318,0
158,82,317,0
158,83,316,0
158,84,315,0
158,85,314,0
158,86,313,0
158,87,312,0
158,88,311,0
158,89,310,0
158,90,309,0
158,91,308,0
158,92,307,0
158,93,306,0
158,94,305,0
158,95,304,0
158,96,303,0
158,97,302,0
158,98,301,0
158,99,300,0
158,100,299,0
158,101,298,0
158,102,297,0
158,103,296,0
158,104,295,0
158,105,294,0
158,106,293,0
158,107,292,0
158,108,291,0
158,109,290,0
158,110,289,0
158,111,288,0
158,112,287,0
158,113,286,0
158,114,285,0
158,115,284,0
158,116,283,0
158,117,282,0
158,118,281,0
158,119,280,0
158,120,279,0
158,121,278,0
158,122,277,0
158,123,276,0
158,124,275,0
158,125,274,0
158,126,273,0
158,127,272,0
158,128,271,0
158,129,270,0
158,130,269,0
158,131,268,0
158,132,267,0
158,133,266,0
158,134,265,0
158,135,264,0
158,136,263,0
158,137,262,0
158,138,261,0
158,139,260,0
158,140,259,0
158,141,258,0
158,142,257,0
158,143,256,0
158,144,255,0
158,145,254,0
158,146,253,0
158,147,252,0
158,148,251,0
158,149,250,0
158,150,249,0
158,151,248,0
158,152,247,0
158,153,246,0
158,154,245,0
158,155,244,0
158,156,243,0
158,157,242,0
158,158,241,0
158,159,240,0
158,160,239,0
158,161,238,0
158,162,237,0
158,163,236,0
158,164,235,0
158,165,234,0
158,166,233,0
158,167,232,0
158,168,231,0
158,169,230,0
158,170,229,0
158,171,228,0
158,172,227,0
158,173,226,0
158,174,225,0
158,175,224,0
158,176,223,0
158,177,222,0
158,178,221,0
158,179,220,0
158,180,219,0
158,181,218,0
158,182,217,0
158,183,216,0
158,184,215,0
158,185,214,0
158,186,213,0
158,187,212,0
158,188,211,0
158,189,210,0
158,190,209,0
158,191,208,0
158,192,207,0
158,193,206,0
158,194,205,0
158,195,204,0
158,196,203,0
158,197,202,0
158,198,201,0
158,199,200,0
158,200,199,0
158,201,198,0
158,202,197,0
158,203,196,0
158,204,195,0
158,205,194,0
158,206,193,0
158,207,192,0
158,208,191,0
158,209,190,0
158,210,189,0
158,211,188,0
158,212,187,0
158,213,186,0
158,214,185,0
158,215,184,0
158,216,183,0
158,217,182,0
158,218,181,0
158,219,180,0
158,220,179,0
158,221,178,0
158,222,177,0
158,223,176,0
158,224,175,0
158,225,174,0
158,226,173,0
158,227,172,0
158,228,171,0
158,229,170,0
158,230,169,0
158,231,168,0
158,232,167,0
158,233,166,0
158,234,165,0
158,235,164,0
158,236,163,0
158,237,162,0
158,238,161,0
158,239,160,0
158,240,159,0
158,241,158,0
158,242,157,0
158,243,156,0
158,244,155,0
158,245,154,0
158,246,153,0
158,247,152,0
158,248,151,0
158,249,150,0
158,250,149,0
158,251,148,0
158,252,147,0
158,253,146,0
158,254,145,0
158,255,144,0
158,256,143,0
158,257,142,0
158,258,141,0
158,259,140,0
158,260,139,0
158,261,138,0
158,262,137,0
158,263,136,0
158,264,135,0
158,265,134,0
158,266,133,0
158,267,132,0
158,268,131,0
158,269,130,0
158,270,129,0
158,271,128,0
158,272,127,0
158,273,126,0
158,274,125,0
158,275,124,0
158,276,123,0
158,277,122,0
158,278,121,0
158,279,120,0
158,280,119,0
158,281,118,0
158,282,117,0
158,283,116,0
158,284,115,0
158,285,114,0
158,286,113,0
158,287,112,0
158,288,111,0
158,289,110,0
158,290,109,0
158,291,108,0
158,292,107,0
158,293,106,0
158,294,105,0
158,295,104,0
158,296,103,0
158,297,102,0
158,298,101,0
158,299,100,0
158,300,99,0
158,301,98,0
158,302,97,0
158,303,96,0
158,304,95,0
158,305,94,0
158,306,93,0
158,307,92,0
158,308,91,0
158,309,90,0
158,310,89,0
158,311,88,0
158,312,87,0
158,313,86,0
158,314,85,0
158,315,84,0
158,316,83,0
158,317,82,0
158,318,81,0
158,319,80,0
158,320,79,0
158,321,78,0
158,322,77,0
158,323,76,0
158,324,75,0
158,325,74,0
158,326,73,0
158,327,72,0
158,328,71,0
158,329,70,0
158,330,69,0
158,331,68,0
158,332,67,0
158,333,66,0
158,334,65,0
158,335,64,0
158,336,63,0
158,337,62,0
158,338,61,0
158,339,60,0
158,340,59,0
158,341,58,0
158,342,57,0
158,343,56,0
158,344,55,0
158,345,54,0
158,346,53,0
158,347,52,0
158,348,51,0
158,349,50,0
158,350,49,0
158,351,48,0
158,352,47,0
158,353,46,0
158,354,45,0
158,355,44,0
158,356,43,0
158,357,42,0
158,358,41,0
158,359,40,0
158,360,39,0
158,361,38,0
158,362,37,0
158,363,36,0
158,364,35,0
158,365,34,0
158,366,33,0
158,367,32,0
158,368,31,0
158,369,30,0
158,370,29,0
158,371,28,0
158,372,27,0
158,373,26,0
158,374,25,0
158,375,24,0
158,376,23,0
158,377,22,0
158,378,21,0
158,379,20,0
158,380,19,0
158,381,18,0
158,382,17,0
158,383,16,0
158,384,15,0
158,385,14,0
158,386,13,0
158,387,12,0
158,388,11,0
158,389,10,0
158,390,9,0
158,391,8,0
158,392,7,0
158,393,6,0
158,394,5,0
158,395,4,0
158,396,3,0
158,397,2,0
158,398,1,0
158,399,0,0
159,31,257,0
159,32,256,0
159,33,255,0
159,34,254,0
159,35,253,0
159,36,252,0
159,37,251,0
159,38,250,0
159,39,249,0
159,40,248,0
159,41,247,0
159,42,246,0
159,43,245,0
159,44,244,0
159,45,243,0
159,46,242,0
159,47,241,0
159,48,240,0
159,49,239,0
159,50,238,0
159,51,237,0
159,52,236,0
159,53,235,0
159,54,234,0
159,55,233,0
159,56,232,0
159,57,231,0
159,58,230,0
159,59,229,0
159,60,228,0
159,61,227,0
159,62,226,0
159,63,225,0
159,64,224,0
159,65,223,0
159,66,222,0
159,67,221,0
159,68,220,0
159,69,219,0
159,70,218,0
159,71,217,0
159,72,216,0
159,73,215,0
159,74,214,0
159,75,213,0
159,76,212,0
159,77,211,0
159,78,210,0
159,79,209,0
159,80,208,0
159,81,207,0
159,82,206,0
159,83,205,0
159,84,204,0
159,85,203,0
159,86,202,0
159,87,201,0
159,88,200,0
159,89,199,0
159,90,198,0
159,91,197,0
159,92,196,0
159,93,195,0
159,94,194,0
159,95,193,0
159,96,192,0
159,97,191,0
159,98,190,0
159,99,189,0
159,100,188,0
159,101,187,0
159,102,186,0
159,103,185,0
159,104,184,0
159,105,183,0
159,106,182,0
159,107,181,0
159,108,180,0
159,109,179,0
159,110,178,0
159,111,177,0
159,112,176,0
159,113,175,0
159,114,174,0
159,115,173,0
159,116,172,0
159,117,171,0
159,118,170,0
159,119,169,0
159,120,168,0
159,121,167,0
159,122,166,0
159,123,165,0
159,124,164,0
159,125,163,-1
159,126,162,0
159,127,161,0
159,128,160,0
159,129,159,0
159,130,158,0
159,131,157,0
159,132,156,0
159,133,155,0
159,134,154,0
159,135,153,0
159,136,152,0
159,137,151,0
159,138,150,0
159,139,149,0
159,140,148,0
159,141,147,0
159,142,146,0
159,143,145,0
159,144,144,0
159,145,143,0
159,146,142,0
159,147,141,0
159,148,140,0
159,149,139,0
159,150,138,0
159,151,137,0
159,152,136,0
159,153,135,0
159,154,134,0
159,155,133,0
159,156,132,0
159,157,131,0
159,158,130,0
159,159,129,0
159,160,128,0
159,161,127,0
159,162,126,0
159,163,125,0
159,164,124,0
159,165,123,0
159,166,122,0
159,167,121,0
159,168,120,0
159,169,119,0
159,170,118,0
159,171,117,0
159,172,116,0
159,173,115,0
159,174,114,0
159,175,113,0
159,176,112,0
159,177,111,0
159,178,110,0
159,179,109,0
159,180,108,0
159,181,107,0
159,182,106,0
159,183,105,0
159,184,104,0
159,185,103,0
159,186,102,0
159,187,101,0
159,188,100,0
159,189,99,0
159,190,98,0
159,191,97,0
159,192,96,0
159,193,95,0
159,194,94,0
159,195,93,0
159,196,92,0
159,197,91,0
159,198,90,0
159,199,89,0
159,200,88,0
159,201,87,0
159,202,86,0
159,203,85,0
159,204,84,0
159,205,83,0
159,206,82,0
159,207,81,0
159,208,80,0
159,209,79,0
159,210,78,0
159,211,77,0
159,212,76,0
159,213,75,0
159,214,74,0
159,215,73,0
159,216,72,0
159,217,71,0
159,218,70,0
159,219,69,0
159,220,68,0
159,221,67,0
159,222,66,0
159,223,65,0
159,224,64,0
159,225,63,0
159,226,62,0
159,227,61,0
159,228,60,0
159,229,59,0
159,230,58,0
159,231,57,0
159,232,56,0
159,233,55,0
159,234,54,0
159,235,53,0
159,236,52,0
159,237,51,0
159,238,50,0
159,239,49,0
159,240,48,0
159,241,47,0
159,242,46,0
159,243,45,0
159,244,44,0
159,245,43,0
159,246,42,0
159,247,41,0
159,248,40,0
159,249,39,0
159,250,38,0
159,251,37,0
159,252,36,0
159,253,35,0
159,254,34,0
159,255,33,0
159,256,32,0
159,257,31,0
159,258,30,0
159,259,29,0
159,260,28,0
159,261,27,0
159,262,26,0
159,263,25,0
159,264,24,0
159,265,23,0
159,266,22,0
159,267,21,0
159,268,20,0
159,269,19,0
159,270,18,0
159,271,17,0
159,272,16,0
159,273,15,0
159,274,14,0
159,275,13,0
159,276,12,0
159,277,11,0
159,278,10,0
159,279,9,0
159,280,8,0
159,281,7,0
159,282,6,0
159,283,5,0
159,284,4,0
159,285,3,0
159,286,2,0
159,287,1,0
159,288,0,0
160,31,156,0
160,32,155,0
160,33,154,0
160,34,153,0
160,35,152,0
160,36,151,0
160,37,150,0
160,38,149,0
160,39,148,0
160,40,147,0
160,41,146,0
160,42,145,0
160,43,144,0
160,44,143,0
160,45,142,0
160,46,141,0
160,47,140,0
160,48,139,0
160,49,138,0
160,50,137,0
160,51,136,0
160,52,135,0
160,53,134,0
160,54,133,0
160,55,132,0
160,56,131,0
160,57,130,0
160,58,129,0
160,59,128,0
160,60,127,0
160,61,126,0
160,62,125,0
160,63,124,0
160,64,123,0
160,65,122,0
160,66,121,0
160,67,120,0
160,68,119,0
160,69,118,0
160,70,117,0
160,71,116,0
160,72,115,0
160,73,114,0
160,74,113,0
160,75,112,0
160,76,111,0
160,77,110,0
160,78,109,0
160,79,108,0
160,80,107,0
160,81,106,0
160,82,105,0
160,83,104,0
160,84,103,0
160,85,102,0
160,86,101,0
160,87,100,0
160,88,99,0
160,89,98,0
160,90,97,0
160,91,96,0
160,92,95,0
160,93,94,0
160,94,93,0
160,95,92,0
160,96,91,0
160,97,90,0
160,98,89,0
160,99,88,0
160,100,87,0
160,101,86,0
160,102,85,0
160,103,84,0
160,104,83,0
160,105,82,0
160,106,81,0
160,107,80,0
160,108,79,0
160,109,78,0
160,110,77,0
160,111,76,0
160,112,75,0
160,113,74,0
160,114,73,0
160,115,72,0
160,116,71,0
160,117,70,0
160,118,69,0
160,119,68,0
160,120,67,0
160,121,66,0
160,122,65,0
160,123,64,0
160,124,63,0
160,125,62,0
160,126,61,0
160,127,60,0
160,128,59,0
160,129,58,0
160,130,57,0
160,131,56,0
160,132,55,0
160,133,54,0
160,134,53,0
160,135,52,0
160,136,51,0
160,137,50,0
160,138,49,0
160,139,48,0
160,140,47,0
160,141,46,0
160,142,45,0
160,143,44,0
160,144,43,0
160,145,42,0
160,146,41,0
160,147,40,0
160,148,39,0
160,149,38,0
160,150,37,0
160,151,36,0
160,152,35,0
160,153,34,0
160,154,33,0
160,155,32,0
160,156,31,0
160,157,30,0
160,158,29,0
160,159,28,0
160,160,27,0
160,161,26,0
160,162,25,0
160,163,24,0
160,164,23,0
160,165,22,0
160,166,21,0
160,167,20,0
160,168,19,0
160,169,18,0
160,170,17,0
160,171,16,0
160,172,15,0
160,173,14,0
160,174,13,0
160,175,12,0
160,176,11,0
160,177,10,0
160,178,9,0
160,179,8,0
160,180,7,0
160,181,6,0
160,182,5,0
160,183,4,0
160,184,3,0
160,185,2,0
160,186,1,0
160,187,0,0
161,31,272,0
161,32,271,0
161,33,270,0
161,34,269,0
161,35,268,0
161,36,267,0
161,37,266,0
161,38,265,0
161,39,264,0
161,40,263,0
161,41,262,0
161,42,261,0
161,43,260,0
161,44,259,0
161,45,258,0
161,46,257,0
161,47,256,0
161,48,255,0
161,49,254,0
161,50,253,0
161,51,252,0
161,52,251,0
161,53,250,0
161,54,249,0
161,55,248,0
161,56,247,0
161,57,246,0
161,58,245,0
161,59,244,0
161,60,243,0
161,61,242,0
161,62,241,0
161,63,240,0
161,64,239,0
161,65,238,0
161,66,237,0
161,67,236,0
161,68,235,0
161,69,234,0
161,70,233,0
161,71,232,0
161,72,231,0
161,73,230,0
161,74,229,0
161,75,228,0
161,76,227,0
161,77,226,0
161,78,225,0
161,79,224,0
161,80,223,0
161,81,222,0
161,82,221,0
161,83,220,0
161,84,219,0
161,85,218,0
161,86,217,0
161,87,216,0
161,88,215,0
161,89,214,0
161,90,213,0
161,91,212,0
161,92,211,0
161,93,210,0
161,94,209,0
161,95,208,0
161,96,207,0
161,97,206,0
161,98,205,0
161,99,204,0
161,100,203,0
161,101,202,0
161,102,201,0
161,103,200,0
161,104,199,0
161,105,198,0
161,106,197,0
161,107,196,0
161,108,195,0
161,109,194,0
161,110,193,0
161,111,192,0
161,112,191,0
161,113,190,0
161,114,189,0
161,115,188,0
161,116,187,0
161,117,186,0
161,118,185,0
161,119,184,0
161,120,183,0
161,121,182,0
161,122,181,0
161,123,180,0
161,124,179,0
161,125,178,0
161,126,177,0
161,127,176,0
161,128,175,0
161,129,174,0
161,130,173,0
161,131,172,0
161,132,171,0
161,133,170,0
161,134,169,0
161,135,168,0
161,136,167,0
161,137,166,0
161,138,165,0
161,139,164,0
161,140,163,0
161,141,162,0
161,142,161,0
161,143,160,0
161,144,159,0
161,145,158,0
161,146,157,0
161,147,156,0
161,148,155,0
161,149,154,0
161,150,153,0
161,151,152,0
161,152,151,0
161,153,150,0
161,154,149,0
161,155,148,0
161,156,147,0
161,157,146,0
161,158,145,0
161,159,144,0
161,160,143,0
161,161,142,0
161,162,141,0
161,163,140,0
161,164,139,0
161,165,138,0
161,166,137,0
161,167,136,0
161,168,135,0
161,169,134,0
161,170,133,0
161,171,132,0
161,172,131,0
161,173,130,0
161,174,129,0
161,175,128,0
161,176,127,0
161,177,126,0
161,178,125,0
161,179,124,0
161,180,123,0
161,181,122,0
161,182,121,0
161,183,120,0
161,184,119,0
161,185,118,0
161,186,117,0
161,187,116,0
161,188,115,0
161,189,114,0
161,190,113,0
161,191,112,0
161,192,111,0
161,193,110,0
161,194,109,0
161,195,108,0
161,196,107,0
161,197,106,0
161,198,105,0
161,199,104,0
161,200,103,0
161,201,102,0
161,202,101,0
161,203,100,0
161,204,99,0
161,205,98,0
161,206,97,0
161,207,96,0
161,208,95,0
161,209,94,0
161,210,93,0
161,211,92,0
161,212,91,0
161,213,90,0
161,214,89,0
161,215,88,0
161,216,87,0
161,217,86,0
161,218,85,0
161,219,84,0
161,220,83,0
161,221,82,0
161,222,81,0
161,223,80,0
161,224,79,0
161,225,78,0
161,226,77,0
161,227,76,0
161,228,75,0
161,229,74,0
161,230,73,0
161,231,72,0
161,232,71,0
161,233,70,0
161,234,69,0
161,235,68,0
161,236,67,0
161,237,66,0
161,238,65,0
161,239,64,0
161,240,63,0
161,241,62,0
161,242,61,0
161,243,60,0
161,244,59,0
161,245,58,0
161,246,57,0
161,247,56,0
161,248,55,0
161,249,54,0
161,250,53,0
161,251,52,0
161,252,51,0
161,253,50,0
161,254,49,0
161,255,48,0
161,256,47,0
161,257,46,0
161,258,45,0
161,259,44,0
161,260,43,0
161,261,42,0
161,262,41,0
161,263,40,0
161,264,39,0
161,265,38,0
161,266,37,0
161,267,36,0
161,268,35,0
161,269,34,0
161,270,33,0
161,271,32,0
161,272,31,0
161,273,30,0
161,274,29,0
161,275,28,0
161,276,27,0
161,277,26,0
161,278,25,0
161,279,24,0
161,280,23,0
161,281,22,0
161,282,21,0
161,283,20,0
161,284,19,0
161,285,18,0
161,286,17,0
161,287,16,0
161,288,15,0
161,289,14,0
161,290,13,0
161,291,12,0
161,292,11,0
161,293,10,0
161,294,9,0
161,295,8,0
161,296,7,0
161,297,6,0
161,298,5,0
161,299,4,0
161,300,3,0
161,301,2,0
161,302,1,0
161,303,0,0
162,31,282,0
162,32,281,0
162,33,280,0
162,34,279,0
162,35,278,0
162,36,277,0
162,37,276,0
162,38,275,0
162,39,274,0
162,40,273,0
162,41,272,0
162,42,271,0
162,43,270,0
162,44,269,0
162,45,268,0
162,46,267,0
162,47,266,0
162,48,265,0
162,49,264,0
162,50,263,0
162,51,262,0
162,52,261,0
162,53,260,0
162,54,259,0
162,55,258,0
162,56,257,0
162,57,256,0
162,58,255,0
162,59,254,0
162,60,253,0
162,61,252,0
162,62,251,0
162,63,250,0
162,64,249,0
162,65,248,0
162,66,247,0
162,67,246,0
162,68,245,0
162,69,244,0
162,70,243,0
162,71,242,0
162,72,241,0
162,73,240,0
162,74,239,0
162,75,238,0
162,76,237,0
162,77,236,0
162,78,235,0
162,79,234,0
162,80,233,0
162,81,232,0
162,82,231,0
162,83,230,0
162,84,229,0
162,85,228,0
162,86,227,0
162,87,226,0
162,88,225,0
162,89,224,0
162,90,223,0
162,91,222,0
162,92,221,0
162,93,220,0
162,94,219,0
162,95,218,0
162,96,217,0
162,97,216,-1
162,98,215,0
162,99,214,0
162,100,213,0
162,101,212,0
162,102,211,0
162,103,210,0
162,104,209,0
162,105,208,0
162,106,207,0
162,107,206,0
162,108,205,0
162,109,204,0
162,110,203,0
162,111,202,0
162,112,201,0
162,113,200,0
162,114,199,0
162,115,198,0
162,116,197,0
162,117,196,0
162,118,195,0
162,119,194,0
162,120,193,0
162,121,192,0
162,122,191,0
162,123,190,0
162,124,189,0
162,125,188,0
162,126,187,0
162,127,186,0
162,128,185,0
162,129,184,0
162,130,183,0
162,131,182,0
162,132,181,0
162,133,180,0
162,134,179,0
162,135,178,0
162,136,177,0
162,137,176,0
162,138,175,0
162,139,174,0
162,140,173,0
162,141,172,0
162,142,171,0
162,143,170,0
162,144,169,0
162,145,168,0
162,146,167,0
162,147,166,0
162,148,165,0
162,149,164,0
162,150,163,0
162,151,162,0
162,152,161,0
162,153,160,0
162,154,159,0
162,155,158,0
162,156,157,0
162,157,156,0
162,158,155,0
162,159,154,0
162,160,153,0
162,161,152,0
162,162,151,0
162,163,150,0
162,164,149,0
162,165,148,0
162,166,147,0
162,167,146,0
162,168,145,0
162,169,144,0
162,170,143,0
162,171,142,0
162,172,141,0
162,173,140,0
162,174,139,0
162,175,138,0
162,176,137,0
162,177,136,0
162,178,135,0
162,179,134,0
162,180,133,0
162,181,132,0
162,182,131,0
162,183,130,0
162,184,129,0
162,185,128,0
162,186,127,0
162,187,126,0
162,188,125,0
162,189,124,0
162,190,123,0
162,191,122,0
162,192,121,0
162,193,120,0
162,194,119,0
162,195,118,0
162,196,117,0
162,197,116,0
162,198,115,0
162,199,114,0
162,200,113,0
162,201,112,0
162,202,111,0
162,203,110,0
162,204,109,0
162,205,108,0
162,206,107,0
162,207,106,0
162,208,105,0
162,209,104,0
162,210,103,0
162,211,102,0
162,212,101,0
162,213,100,0
162,214,99,0
162,215,98,0
162,216,97,0
162,217,96,0
162,218,95,0
162,219,94,0
162,220,93,0
162,221,92,0
162,222,91,0
162,223,90,0
162,224,89,0
162,225,88,0
162,226,87,0
162,227,86,0
162,228,85,0
162,229,84,0
162,230,83,0
162,231,82,0
162,232,81,0
162,233,80,0
162,234,79,0
162,235,78,0
162,236,77,0
162,237,76,0
162,238,75,0
162,239,74,0
162,240,73,0
162,241,72,0
162,242,71,0
162,243,70,0
162,244,69,0
162,245,68,0
162,246,67,0
162,247,66,0
162,248,65,0
162,249,64,0
162,250,63,0
162,251,62,0
162,252,61,0
162,253,60,0
162,254,59,0
162,255,58,0
162,256,57,0
162,257,56,0
162,258,55,0
162,259,54,0
162,260,53,0
162,261,52,0
162,262,51,0
162,263,50,0
162,264,49,0
162,265,48,0
162,266,47,0
162,267,46,0
162,268,45,0
162,269,44,0
162,270,43,0
162,271,42,0
162,272,41,0
162,273,40,0
162,274,39,0
162,275,38,0
162,276,37,0
162,277,36,0
162,278,35,0
162,279,34,0
162,280,33,0
162,281,32,0
162,282,31,0
162,283,30,0
162,284,29,0
162,285,28,0
162,286,27,0
162,287,26,0
162,288,25,0
162,289,24,0
162,290,23,0
162,291,22,0
162,292,21,0
162,293,20,0
162,294,19,0
162,295,18,0
162,296,17,0
162,297,16,0
162,298,15,0
162,299,14,0
162,300,13,0
162,301,12,0
162,302,11,0
162,303,10,0
162,304,9,0
162,305,8,0
162,306,7,0
162,307,6,0
162,308,5,0
162,309,4,-1
162,310,3,0
162,311,2,0
162,312,1,-1
162,313,0,0
163,31,254,0
163,32,253,0
163,33,252,0
163,34,251,0
163,35,250,0
163,36,249,0
163,37,248,0
163,38,247,0
163,39,246,0
163,40,245,0
163,41,244,0
163,42,243,0
163,43,242,0
163,44,241,0
163,45,240,0
163,46,239,0
163,47,238,0
163,48,237,0
163,49,236,0
163,50,235,0
163,51,234,0
163,52,233,0
163,53,232,0
163,54,231,0
163,55,230,0
163,56,229,0
163,57,228,0
163,58,227,0
163,59,226,0
163,60,225,0
163,61,224,0
163,62,223,0
163,63,222,0
163,64,221,0
163,65,220,0
163,66,219,0
163,67,218,0
163,68,217,0
163,69,216,0
163,70,215,0
163,71,214,0
163,72,213,0
163,73,212,0
163,74,211,0
163,75,210,0
163,76,209,0
163,77,208,0
163,78,207,0
163,79,206,0
163,80,205,0
163,81,204,0
163,82,203,0
163,83,202,0
163,84,201,0
163,85,200,0
163,86,199,0
163,87,198,0
163,88,197,0
163,89,196,0
163,90,195,0
163,91,194,0
163,92,193,0
163,93,192,0
163,94,191,0
163,95,190,0
163,96,189,0
163,97,188,0
163,98,187,0
163,99,186,0
163,100,185,0
163,101,184,0
163,102,183,0
163,103,182,0
163,104,181,0
163,105,180,0
163,106,179,0
163,107,178,0
163,108,177,0
163,109,176,0
163,110,175,0
163,111,174,0
163,112,173,0
163,113,172,0
163,114,171,0
163,115,170,0
163,116,169,0
163,117,168,0
163,118,167,0
163,119,166,0
163,120,165,0
163,121,164,0
163,122,163,0
163,123,162,0
163,124,161,0
163,125,160,0
163,126,159,0
163,127,158,0
163,128,157,0
163,129,156,0
163,130,155,0
163,131,154,0
163,132,153,0
163,133,152,0
163,134,151,0
163,135,150,0
163,136,149,0
163,137,148,0
163,138,147,0
163,139,146,0
163,140,145,0
163,141,144,0
163,142,143,0
163,143,142,0
163,144,141,0
163,145,140,0
163,146,139,0
163,147,138,0
163,148,137,0
163,149,136,0
163,150,135,0
163,151,134,0
163,152,133,0
163,153,132,0
163,154,131,0
163,155,130,0
163,156,129,0
163,157,128,0
163,158,127,0
163,159,126,0
163,160,125,0
163,161,124,0
163,162,123,0
163,163,122,0
163,164,121,0
163,165,120,0
163,166,119,0
163,167,118,0
163,168,117,0
163,169,116,0
163,170,115,0
163,171,114,0
163,172,113,0
163,173,112,0
163,174,111,0
163,175,110,0
163,176,109,0
163,177,108,0
163,178,107,0
163,179,106,0
163,180,105,0
163,181,104,0
163,182,103,0
163,183,102,0
163,184,101,0
163,185,100,0
163,186,99,0
163,187,98,0
163,188,97,0
163,189,96,0
163,190,95,0
163,191,94,0
163,192,93,0
163,193,92,0
163,194,91,0
163,195,90,0
163,196,89,0
163,197,88,0
163,198,87,0
163,199,86,0
163,200,85,0
163,201,84,0
163,202,83,0
163,203,82,0
163,204,81,0
163,205,80,0
163,206,79,0
163,207,78,0
163,208,77,0
163,209,76,0
163,210,75,0
163,211,74,0
163,212,73,0
163,213,72,0
163,214,71,0
163,215,70,0
163,216,69,0
163,217,68,0
163,218,67,0
163,219,66,0
163,220,65,0
163,221,64,0
163,222,63,0
163,223,62,0
163,224,61,0
163,225,60,0
163,226,59,0
163,227,58,0
163,228,57,0
163,229,56,0
163,230,55,0
163,231,54,0
163,232,53,0
163,233,52,0
163,234,51,0
163,235,50,0
163,236,49,0
163,237,48,0
163,238,47,0
163,239,46,0
163,240,45,0
163,241,44,0
163,242,43,0
163,243,42,0
163,244,41,0
163,245,40,0
163,246,39,0
163,247,38,0
163,248,37,0
163,249,36,0
163,250,35,0
163,251,34,0
163,252,33,0
163,253,32,0
163,254,31,0
163,255,30,0
163,256,29,0
163,257,28,0
163,258,27,0
163,259,26,0
163,260,25,0
163,261,24,0
163,262,23,0
163,263,22,0
163,264,21,0
163,265,20,0
163,266,19,0
163,267,18,0
163,268,17,0
163,269,16,0
163,270,15,0
163,271,14,0
163,272,13,0
163,273,12,0
163,274,11,0
163,275,10,0
163,276,9,0
163,277,8,0
163,278,7,0
163,279,6,0
163,280,5,0
163,281,4,0
163,282,3,0
163,283,2,0
163,284,1,0
163,285,0,0
164,31,349,0
164,32,348,0
164,33,347,0
164,34,346,0
164,35,345,0
164,36,344,0
164,37,343,0
164,38,342,0
164,39,341,0
164,40,340,0
164,41,339,0
164,42,338,0
164,43,337,0
164,44,336,0
164,45,335,0
164,46,334,0
164,47,333,0
164,48,332,0
164,49,331,0
164,50,330,0
164,51,329,0
164,52,328,0
164,53,327,0
164,54,326,0
164,55,325,0
164,56,324,0
164,57,323,0
164,58,322,0
164,59,321,0
164,60,320,0
164,61,319,0
164,62,318,0
164,63,317,0
164,64,316,0
164,65,315,0
164,66,314,0
164,67,313,0
164,68,312,0
164,69,311,0
164,70,310,0
164,71,309,0
164,72,308,0
164,73,307,0
164,74,306,0
164,75,305,0
164,76,304,0
164,77,303,0
164,78,302,0
164,79,301,0
164,80,300,0
164,81,299,0
164,82,298,0
164,83,297,0
164,84,296,0
164,85,295,0
164,86,294,0
164,87,293,0
164,88,292,0
164,89,291,0
164,90,290,0
164,91,289,0
164,92,288,0
164,93,287,0
164,94,286,0
164,95,285,0
164,96,284,0
164,97,283,0
164,98,282,0
164,99,281,0
164,100,280,0
164,101,279,0
164,102,278,0
164,103,277,0
164,104,276,0
164,105,275,0
164,106,274,0
164,107,273,0
164,108,272,0
164,109,271,0
164,110,270,0
164,111,269,0
164,112,268,0
164,113,267,0
164,114,266,0
164,115,265,0
164,116,264,0
164,117,263,0
164,118,262,0
164,119,261,0
164,120,260,0
164,121,259,0
164,122,258,0
164,123,257,0
164,124,256,0
164,125,255,0
164,126,254,0
164,127,253,0
164,128,252,0
164,129,251,0
164,130,250,0
164,131,249,0
164,132,248,0
164,133,247,0
164,134,246,0
164,135,245,0
164,136,244,0
164,137,243,0
164,138,242,0
164,139,241,0
164,140,240,0
164,141,239,0
164,142,238,0
164,143,237,0
164,144,236,0
164,145,235,0
164,146,234,0
164,147,233,0
164,148,232,0
164,149,231,0
164,150,230,0
164,151,229,0
164,152,228,0
164,153,227,0
164,154,226,0
164,155,225,0
164,156,224,0
164,157,223,0
164,158,222,0
164,159,221,0
164,160,220,0
164,161,219,0
164,162,218,0
164,163,217,0
164,164,216,0
164,165,215,0
164,166,214,0
164,167,213,0
164,168,212,0
164,169,211,0
164,170,210,0
164,171,209,0
164,172,208,0
164,173,207,0
164,174,206,0
164,175,205,0
164,176,204,0
164,177,203,0
164,178,202,0
164,179,201,0
164,180,200,0
164,181,199,0
164,182,198,0
164,183,197,0
164,184,196,0
164,185,195,0
164,186,194,0
164,187,193,0
164,188,192,0
164,189,191,0
164,190,190,0
164,191,189,0
164,192,188,0
164,193,187,0
164,194,186,0
164,195,185,0
164,196,184,0
164,197,183,0
164,198,182,0
164,199,181,0
164,200,180,0
164,201,179,0
164,202,178,0
164,203,177,0
164,204,176,0
164,205,175,0
164,206,174,0
164,207,173,0
164,208,172,0
164,209,171,0
164,210,170,0
164,211,169,0
164,212,168,0
164,213,167,0
164,214,166,0
164,215,165,0
164,216,164,0
164,217,163,0
164,218,162,0
164,219,161,0
164,220,160,0
164,221,159,0
164,222,158,0
164,223,157,0
164,224,156,0
164,225,155,0
164,226,154,0
164,227,153,0
164,228,152,0
164,229,151,0
164,230,150,0
164,231,149,0
164,232,148,0
164,233,147,0
164,234,146,0
164,235,145,0
164,236,144,0
164,237,143,0
164,238,142,0
164,239,141,0
164,240,140,0
164,241,139,0
164,242,138,0
164,243,137,0
164,244,136,0
164,245,135,0
164,246,134,0
164,247,133,0
164,248,132,0
164,249,131,0
164,250,130,0
164,251,129,0
164,252,128,0
164,253,127,0
164,254,126,0
164,255,125,0
164,256,124,0
164,257,123,0
164,258,122,0
164,259,121,0
164,260,120,0
164,261,119,0
164,262,118,0
164,263,117,0
164,264,116,0
164,265,115,0
164,266,114,0
164,267,113,0
164,268,112,0
164,269,111,0
164,270,110,0
164,271,109,0
164,272,108,0
164,273,107,0
164,274,106,0
164,275,105,0
164,276,104,0
164,277,103,0
164,278,102,0
164,279,101,0
164,280,100,0
164,281,99,0
164,282,98,0
164,283,97,0
164,284,96,0
164,285,95,0
164,286,94,0
164,287,93,0
164,288,92,0
164,289,91,0
164,290,90,0
164,291,89,0
164,292,88,0
164,293,87,0
164,294,86,0
164,295,85,0
164,296,84,0
164,297,83,0
164,298,82,0
164,299,81,0
164,300,80,0
164,301,79,0
164,302,78,0
164,303,77,0
164,304,76,0
164,305,75,0
164,306,74,0
164,307,73,0
164,308,72,0
164,309,71,0
164,310,70,0
164,311,69,0
164,312,68,0
164,313,67,0
164,314,66,0
164,315,65,0
164,316,64,0
164,317,63,0
164,318,62,0
164,319,61,0
164,320,60,0
164,321,59,0
164,322,58,0
164,323,57,0
164,324,56,0
164,325,55,0
164,326,54,0
164,327,53,0
164,328,52,0
164,329,51,0
164,330,50,0
164,331,49,0
164,332,48,0
164,333,47,0
164,334,46,0
164,335,45,0
164,336,44,0
164,337,43,0
164,338,42,0
164,339,41,0
164,340,40,0
164,341,39,0
164,342,38,0
164,343,37,0
164,344,36,0
164,345,35,0
164,346,34,0
164,347,33,0
164,348,32,0
164,349,31,0
164,350,30,0
164,351,29,0
164,352,28,0
164,353,27,0
164,354,26,0
164,355,25,0
164,356,24,0
164,357,23,0
164,358,22,0
164,359,21,0
164,360,20,0
164,361,19,0
164,362,18,0
164,363,17,0
164,364,16,0
164,365,15,0
164,366,14,0
164,367,13,0
164,368,12,0
164,369,11,0
164,370,10,0
164,371,9,0
164,372,8,0
164,373,7,0
164,374,6,0
164,375,5,0
164,376,4,0
164,377,3,0
164,378,2,0
164,379,1,0
164,380,0,0
165,31,224,0
165,32,223,0
165,33,222,0
165,34,221,0
165,35,220,0
165,36,219,0
165,37,218,0
165,38,217,0
165,39,216,0
165,40,215,0
165,41,214,0
165,42,213,0
165,43,212,0
165,44,211,0
165,45,210,0
165,46,209,0
165,47,208,0
165,48,207,0
165,49,206,0
165,50,205,0
165,51,204,0
165,52,203,0
165,53,202,0
165,54,201,0
165,55,200,0
165,56,199,0
165,57,198,0
165,58,197,0
165,59,196,0
165,60,195,0
165,61,194,0
165,62,193,0
165,63,192,0
165,64,191,0
165,65,190,0
165,66,189,0
165,67,188,0
165,68,187,0
165,69,186,0
165,70,185,0
165,71,184,0
165,72,183,0
165,73,182,0
165,74,181,0
165,75,180,0
165,76,179,0
165,77,178,0
165,78,177,0
165,79,176,0
165,80,175,0
165,81,174,0
165,82,173,0
165,83,172,0
165,84,171,0
165,85,170,0
165,86,169,0
165,87,168,0
165,88,167,0
165,89,166,0
165,90,165,0
165,91,164,0
165,92,163,0
165,93,162,0
165,94,161,0
165,95,160,0
165,96,159,0
165,97,158,0
165,98,157,0
165,99,156,0
165,100,155,0
165,101,154,0
165,102,153,0
165,103,152,0
165,104,151,0
165,105,150,0
165,106,149,0
165,107,148,0
165,108,147,0
165,109,146,0
165,110,145,0
165,111,144,0
165,112,143,0
165,113,142,0
165,114,141,0
165,115,140,0
165,116,139,0
165,117,138,0
165,118,137,0
165,119,136,0
165,120,135,0
165,121,134,0
165,122,133,0
165,123,132,0
165,124,131,0
165,125,130,0
165,126,129,0
165,127,128,0
165,128,127,0
165,129,126,0
165,130,125,0
165,131,124,0
165,132,123,0
165,133,122,0
165,134,121,0
165,135,120,0
165,136,119,0
165,137,118,0
165,138,117,0
165,139,116,0
165,140,115,0
165,141,114,0
165,142,113,0
165,143,112,0
165,144,111,0
165,145,110,0
165,146,109,0
165,147,108,0
165,148,107,0
165,149,106,0
165,150,105,0
165,151,104,0
165,152,103,0
165,153,102,0
165,154,101,0
165,155,100,0
165,156,99,0
165,157,98,0
165,158,97,0
165,159,96,0
165,160,95,0
165,161,94,0
165,162,93,0
165,163,92,0
165,164,91,0
165,165,90,0
165,166,89,0
165,167,88,0
165,168,87,0
165,169,86,0
165,170,85,0
165,171,84,0
165,172,83,0
165,173,82,0
165,174,81,0
165,175,80,0
165,176,79,0
165,177,78,0
165,178,77,0
165,179,76,0
165,180,75,0
165,181,74,0
165,182,73,0
165,183,72,0
165,184,71,0
165,185,70,0
165,186,69,0
165,187,68,0
165,188,67,0
165,189,66,0
165,190,65,0
165,191,64,0
165,192,63,0
165,193,62,0
165,194,61,0
165,195,60,0
165,196,59,0
165,197,58,0
165,198,57,0
165,199,56,0
165,200,55,0
165,201,54,0
165,202,53,0
165,203,52,0
165,204,51,0
165,205,50,0
165,206,49,0
165,207,48,0
165,208,47,0
165,209,46,0
165,210,45,0
165,211,44,0
165,212,43,0
165,213,42,0
165,214,41,0
165,215,40,0
165,216,39,0
165,217,38,0
165,218,37,0
165,219,36,0
165,220,35,0
165,221,34,0
165,222,33,0
165,223,32,0
165,224,31,0
165,225,30,0
165,226,29,0
165,227,28,0
165,228,27,0
165,229,26,0
165,230,25,0
165,231,24,0
165,232,23,0
165,233,22,0
165,234,21,0
165,235,20,0
165,236,19,0
165,237,18,0
165,238,17,0
165,239,16,0
165,240,15,0
165,241,14,0
165,242,13,0
165,243,12,0
165,244,11,0
165,245,10,0
165,246,9,0
165,247,8,0
165,248,7,0
165,249,6,0
165,250,5,0
165,251,4,0
165,252,3,0
165,253,2,0
165,254,1,0
165,255,0,0
166,31,238,0
166,32,237,0
166,33,236,0
166,34,235,0
166,35,234,0
166,36,233,0
166,37,232,0
166,38,231,0
166,39,230,0
166,40,229,0
166,41,228,0
166,42,227,0
166,43,226,0
166,44,225,0
166,45,224,0
166,46,223,0
166,47,222,0
166,48,221,0
166,49,220,0
166,50,219,0
166,51,218,0
166,52,217,0
166,53,216,0
166,54,215,0
166,55,214,0
166,56,213,0
166,57,212,0
166,58,211,0
166,59,210,0
166,60,209,0
166,61,208,0
166,62,207,0
166,63,206,0
166,64,205,0
166,65,204,0
166,66,203,0
166,67,202,0
166,68,201,0
166,69,200,0
166,70,199,0
166,71,198,0
166,72,197,0
166,73,196,0
166,74,195,0
166,75,194,0
166,76,193,0
166,77,192,0
166,78,191,0
166,79,190,0
166,80,189,0
166,81,188,0
166,82,187,0
166,83,186,0
166,84,185,0
166,85,184,0
166,86,183,0
166,87,182,0
166,88,181,0
166,89,180,0
166,90,179,0
166,91,178,0
166,92,177,0
166,93,176,0
166,94,175,0
166,95,174,0
166,96,173,0
166,97,172,0
166,98,171,0
166,99,170,0
166,100,169,0
166,101,168,0
166,102,167,0
166,103,166,0
166,104,165,0
166,105,164,0
166,106,163,0
166,107,162,0
166,108,161,0
166,109,160,0
166,110,159,0
166,111,158,0
166,112,157,0
166,113,156,0
166,114,155,0
166,115,154,0
166,116,153,0
166,117,152,0
166,118,151,0
166,119,150,0
166,120,149,0
166,121,148,0
166,122,147,0
166,123,146,0
166,124,145,0
166,125,144,0
166,126,143,0
166,127,142,0
166,128,141,0
166,129,140,0
166,130,139,0
166,131,138,0
166,132,137,0
166,133,136,0
166,134,135,0
166,135,134,0
166,136,133,0
166,137,132,0
166,138,131,0
166,139,130,0
166,140,129,0
166,141,128,0
166,142,127,0
166,143,126,0
166,144,125,0
166,145,124,0
166,146,123,0
166,147,122,0
166,148,121,0
166,149,120,0
166,150,119,0
166,151,118,0
166,152,117,0
166,153,116,0
166,154,115,0
166,155,114,0
166,156,113,0
166,157,112,0
166,158,111,0
166,159,110,0
166,160,109,0
166,161,108,0
166,162,107,0
166,163,106,0
166,164,105,0
166,165,104,0
166,166,103,0
166,167,102,0
166,168,101,0
166,169,100,0
166,170,99,0
166,171,98,0
166,172,97,0
166,173,96,0
166,174,95,0
166,175,94,0
166,176,93,0
166,177,92,0
166,178,91,0
166,179,90,0
166,180,89,0
166,181,88,0
166,182,87,0
166,183,86,0
166,184,85,0
166,185,84,0
166,186,83,0
166,187,82,0
166,188,81,0
166,189,80,0
166,190,79,0
166,191,78,0
166,192,77,0
166,193,76,0
166,194,75,0
166,195,74,0
166,196,73,0
166,197,72,0
166,198,71,0
166,199,70,0
166,200,69,0
166,201,68,0
166,202,67,0
166,203,66,0
166,204,65,0
166,205,64,0
166,206,63,0
166,207,62,0
166,208,61,0
166,209,60,0
166,210,59,0
166,211,58,0
166,212,57,0
166,213,56,0
166,214,55,0
166,215,54,0
166,216,53,0
166,217,52,0
166,218,51,0
166,219,50,0
166,220,49,0
166,221,48,0
166,222,47,0
166,223,46,0
166,224,45,0
166,225,44,0
166,226,43,0
166,227,42,0
166,228,41,0
166,229,40,0
166,230,39,0
166,231,38,0
166,232,37,0
166,233,36,0
166,234,35,0
166,235,34,0
166,236,33,0
166,237,32,0
166,238,31,0
166,239,30,0
166,240,29,0
166,241,28,0
166,242,27,0
166,243,26,0
166,244,25,0
166,245,24,0
166,246,23,0
166,247,22,0
166,248,21,0
166,249,20,0
166,250,19,0
166,251,18,0
166,252,17,0
166,253,16,0
166,254,15,0
166,255,14,0
166,256,13,0
166,257,12,0
166,258,11,0
166,259,10,0
166,260,9,0
166,261,8,0
166,262,7,0
166,263,6,0
166,264,5,0
166,265,4,0
166,266,3,0
166,267,2,0
166,268,1,0
166,269,0,0
167,31,232,0
167,32,231,0
167,33,230,0
167,34,229,0
167,35,228,0
167,36,227,0
167,37,226,0
167,38,225,0
167,39,224,0
167,40,223,0
167,41,222,0
167,42,221,0
167,43,220,0
167,44,219,0
167,45,218,0
167,46,217,0
167,47,216,0
167,48,215,0
167,49,214,0
167,50,213,0
167,51,212,0
167,52,211,0
167,53,210,0
167,54,209,0
167,55,208,0
167,56,207,0
167,57,206,0
167,58,205,0
167,59,204,0
167,60,203,0
167,61,202,0
167,62,201,0
167,63,200,0
167,64,199,0
167,65,198,0
167,66,197,0
167,67,196,0
167,68,195,0
167,69,194,0
167,70,193,0
167,71,192,0
167,72,191,0
167,73,190,0
167,74,189,0
167,75,188,0
167,76,187,0
167,77,186,0
167,78,185,0
167,79,184,0
167,80,183,0
167,81,182,0
167,82,181,0
167,83,180,0
167,84,179,0
167,85,178,0
167,86,177,0
167,87,176,0
167,88,175,0
167,89,174,0
167,90,173,0
167,91,172,0
167,92,171,0
167,93,170,0
167,94,169,0
167,95,168,0
167,96,167,0
167,97,166,0
167,98,165,0
167,99,164,0
167,100,163,0
167,101,162,0
167,102,161,0
167,103,160,0
167,104,159,0
167,105,158,0
167,106,157,0
167,107,156,0
167,108,155,0
167,109,154,0
167,110,153,0
167,111,152,0
167,112,151,0
167,113,150,0
167,114,149,0
167,115,148,0
167,116,147,0
167,117,146,0
167,118,145,0
167,119,144,0
167,120,143,0
167,121,142,0
167,122,141,0
167,123,140,0
167,124,139,0
167,125,138,0
167,126,137,0
167,127,136,0
167,128,135,0
167,129,134,0
167,130,133,0
167,131,132,0
167,132,131,0
167,133,130,0
167,134,129,0
167,135,128,0
167,136,127,0
167,137,126,0
167,138,125,0
167,139,124,0
167,140,123,0
167,141,122,0
167,142,121,0
167,143,120,0
167,144,119,0
167,145,118,0
167,146,117,0
167,147,116,0
167,148,115,0
167,149,114,0
167,150,113,0
167,151,112,0
167,152,111,0
167,153,110,0
167,154,109,0
167,155,108,0
167,156,107,0
167,157,106,0
167,158,105,0
167,159,104,0
167,160,103,0
167,161,102,0
167,162,101,0
167,163,100,0
167,164,99,0
167,165,98,0
167,166,97,0
167,167,96,0
167,168,95,0
167,169,94,0
167,170,93,0
167,171,92,0
167,172,91,0
167,173,90,0
167,174,89,0
167,175,88,0
167,176,87,0
167,177,86,0
167,178,85,0
167,179,84,0
167,180,83,0
167,181,82,0
167,182,81,0
167,183,80,0
167,184,79,0
167,185,78,0
167,186,77,0
167,187,76,0
167,188,75,0
167,189,74,0
167,190,73,0
167,191,72,0
167,192,71,0
167,193,70,0
167,194,69,0
167,195,68,0
167,196,67,0
167,197,66,0
167,198,65,0
167,199,64,0
167,200,63,0
167,201,62,0
167,202,61,0
167,203,60,0
167,204,59,0
167,205,58,0
167,206,57,0
167,207,56,0
167,208,55,0
167,209,54,0
167,210,53,0
167,211,52,0
167,212,51,0
167,213,50,0
167,214,49,0
167,215,48,0
167,216,47,0
167,217,46,0
167,218,45,0
167,219,44,0
167,220,43,0
167,221,42,0
167,222,41,0
167,223,40,0
167,224,39,0
167,225,38,0
167,226,37,0
167,227,36,0
167,228,35,0
167,229,34,0
167,230,33,0
167,231,32,0
167,232,31,0
167,233,30,0
167,234,29,0
167,235,28,0
167,236,27,0
167,237,26,0
167,238,25,0
167,239,24,0
167,240,23,0
167,241,22,0
167,242,21,0
167,243,20,0
167,244,19,0
167,245,18,0
167,246,17,0
167,247,16,0
167,248,15,0
167,249,14,0
167,250,13,0
167,251,12,0
167,252,11,0
167,253,10,0
167,254,9,0
167,255,8,0
167,256,7,0
167,257,6,0
167,258,5,0
167,259,4,0
167,260,3,0
167,261,2,0
167,262,1,0
167,263,0,0
168,31,165,0
168,32,164,0
168,33,163,0
168,34,162,0
168,35,161,0
168,36,160,0
168,37,159,0
168,38,158,0
168,39,157,0
168,40,156,0
168,41,155,0
168,42,154,0
168,43,153,0
168,44,152,0
168,45,151,0
168,46,150,0
168,47,149,0
168,48,148,0
168,49,147,0
168,50,146,0
168,51,145,0
168,52,144,0
168,53,143,0
168,54,142,0
168,55,141,0
168,56,140,0
168,57,139,0
168,58,138,0
168,59,137,0
168,60,136,0
168,61,135,0
168,62,134,0
168,63,133,0
168,64,132,0
168,65,131,0
168,66,130,0
168,67,129,0
168,68,128,0
168,69,127,0
168,70,126,0
168,71,125,0
168,72,124,0
168,73,123,0
168,74,122,0
168,75,121,0
168,76,120,0
168,77,119,0
168,78,118,0
168,79,117,0
168,80,116,0
168,81,115,0
168,82,114,0
168,83,113,0
168,84,112,0
168,85,111,0
168,86,110,0
168,87,109,0
168,88,108,0
168,89,107,0
168,90,106,0
168,91,105,0
168,92,104,0
168,93,103,0
168,94,102,0
168,95,101,0
168,96,100,0
168,97,99,0
168,98,98,0
168,99,97,0
168,100,96,0
168,101,95,0
168,102,94,0
168,103,93,0
168,104,92,0
168,105,91,0
168,106,90,0
168,107,89,0
168,108,88,0
168,109,87,0
168,110,86,0
168,111,85,0
168,112,84,0
168,113,83,0
168,114,82,0
168,115,81,0
168,116,80,0
168,117,79,0
168,118,78,0
168,119,77,0
168,120,76,0
168,121,75,0
168,122,74,0
168,123,73,0
168,124,72,0
168,125,71,0
168,126,70,0
168,127,69,0
168,128,68,0
168,129,67,0
168,130,66,0
168,131,65,0
168,132,64,0
168,133,63,0
168,134,62,0
168,135,61,0
168,136,60,0
168,137,59,0
168,138,58,0
168,139,57,0
168,140,56,0
168,141,55,0
168,142,54,0
168,143,53,0
168,144,52,0
168,145,51,0
168,146,50,0
168,147,49,0
168,148,48,0
168,149,47,0
168,150,46,0
168,151,45,0
168,152,44,0
168,153,43,0
168,154,42,0
168,155,41,0
168,156,40,0
168,157,39,0
168,158,38,0
168,159,37,0
168,160,36,0
168,161,35,0
168,162,34,0
168,163,33,-1
168,164,32,0
168,165,31,-1
168,166,30,0
168,167,29,0
168,168,28,-1
168,169,27,0
168,170,26,0
168,171,25,-1
168,172,24,-1
168,173,23,-1
168,174,22,-1
168,175,21,-1
168,176,20,0
168,177,19,-1
168,178,18,-1
168,179,17,-1
168,180,16,-1
168,181,15,-1
168,182,14,-1
168,183,13,-1
168,184,12,-1
168,185,11,-1
168,186,10,-1
168,187,9,-1
168,188,8,-1
168,189,7,-1
168,190,6,-1
168,191,5,-1
168,192,4,-1
168,193,3,-1
168,194,2,-1
168,195,1,-1
168,196,0,-1
169,31,196,0
169,32,195,0
169,33,194,0
169,34,193,0
169,35,192,0
169,36,191,0
169,37,190,0
169,38,189,0
169,39,188,0
169,40,187,0
169,41,186,0
169,42,185,0
169,43,184,0
169,44,183,0
169,45,182,0
169,46,181,0
169,47,180,0
169,48,179,0
169,49,178,0
169,50,177,0
169,51,176,0
169,52,175,0
169,53,174,0
169,54,173,-1
169,55,172,0
169,56,171,0
169,57,170,0
169,58,169,0
169,59,168,0
169,60,167,0
169,61,166,0
169,62,165,0
169,63,164,0
169,64,163,0
169,65,162,0
169,66,161,0
169,67,160,0
169,68,159,0
169,69,158,0
169,70,157,0
169,71,156,0
169,72,155,0
169,73,154,0
169,74,153,0
169,75,152,0
169,76,151,0
169,77,150,-1
169,78,149,0
169,79,148,0
169,80,147,0
169,81,146,0
169,82,145,0
169,83,144,0
169,84,143,0
169,85,142,0
169,86,141,0
169,87,140,0
169,88,139,0
169,89,138,0
169,90,137,0
169,91,136,0
169,92,135,0
169,93,134,0
169,94,133,0
169,95,132,0
169,96,131,0
169,97,130,0
169,98,129,0
169,99,128,0
169,100,127,0
169,101,126,0
169,102,125,0
169,103,124,0
169,104,123,0
169,105,122,0
169,106,121,0
169,107,120,0
169,108,119,0
169,109,118,0
169,110,117,0
169,111,116,0
169,112,115,0
169,113,114,0
169,114,113,0
169,115,112,0
169,116,111,0
169,117,110,0
169,118,109,0
169,119,108,0
169,120,107,0
169,121,106,0
169,122,105,0
169,123,104,0
169,124,103,0
169,125,102,0
169,126,101,0
169,127,100,0
169,128,99,0
169,129,98,0
169,130,97,0
169,131,96,0
169,132,95,0
169,133,94,0
169,134,93,0
169,135,92,0
169,136,91,0
169,137,90,0
169,138,89,0
169,139,88,0
169,140,87,0
169,141,86,0
169,142,85,0
169,143,84,0
169,144,83,0
169,145,82,0
169,146,81,0
169,147,80,0
169,148,79,0
169,149,78,0
169,150,77,0
169,151,76,0
169,152,75,0
169,153,74,0
169,154,73,0
169,155,72,0
169,156,71,0
169,157,70,0
169,158,69,0
169,159,68,0
169,160,67,0
169,161,66,0
169,162,65,0
169,163,64,0
169,164,63,0
169,165,62,0
169,166,61,0
169,167,60,0
169,168,59,0
169,169,58,0
169,170,57,0
169,171,56,0
169,172,55,0
169,173,54,0
169,174,53,0
169,175,52,0
169,176,51,0
169,177,50,0
169,178,49,0
169,179,48,0
169,180,47,0
169,181,46,0
169,182,45,0
169,183,44,0
169,184,43,0
169,185,42,0
169,186,41,0
169,187,40,0
169,188,39,0
169,189,38,0
169,190,37,0
169,191,36,0
169,192,35,0
169,193,34,0
169,194,33,0
169,195,32,0
169,196,31,0
169,197,30,0
169,198,29,0
169,199,28,0
169,200,27,0
169,201,26,0
169,202,25,0
169,203,24,0
169,204,23,0
169,205,22,0
169,206,21,0
169,207,20,0
169,208,19,0
169,209,18,0
169,210,17,0
169,211,16,0
169,212,15,0
169,213,14,0
169,214,13,0
169,215,12,0
169,216,11,0
169,217,10,0
169,218,9,0
169,219,8,0
169,220,7,0
169,221,6,0
169,222,5,0
169,223,4,0
169,224,3,0
169,225,2,0
169,226,1,0
169,227,0,0
170,31,130,0
170,32,129,0
170,33,128,0
170,34,127,0
170,35,126,0
170,36,125,0
170,37,124,0
170,38,123,0
170,39,122,0
170,40,121,0
170,41,120,0
170,42,119,0
170,43,118,0
170,44,117,0
170,45,116,0
170,46,115,0
170,47,114,0
170,48,113,0
170,49,112,0
170,50,111,0
170,51,110,0
170,52,109,0
170,53,108,0
170,54,107,0
170,55,106,0
170,56,105,0
170,57,104,0
170,58,103,0
170,59,102,0
170,60,101,0
170,61,100,0
170,62,99,0
170,63,98,0
170,64,97,0
170,65,96,0
170,66,95,0
170,67,94,0
170,68,93,0
170,69,92,0
170,70,91,0
170,71,90,0
170,72,89,0
170,73,88,0
170,74,87,0
170,75,86,0
170,76,85,0
170,77,84,0
170,78,83,0
170,79,82,0
170,80,81,0
170,81,80,0
170,82,79,0
170,83,78,0
170,84,77,0
170,85,76,0
170,86,75,0
170,87,74,0
170,88,73,0
170,89,72,0
170,90,71,0
170,91,70,0
170,92,69,0
170,93,68,0
170,94,67,0
170,95,66,0
170,96,65,0
170,97,64,0
170,98,63,0
170,99,62,0
170,100,61,0
170,101,60,0
170,102,59,0
170,103,58,0
170,104,57,0
170,105,56,0
170,106,55,0
170,107,54,0
170,108,53,0
170,109,52,0
170,110,51,0
170,111,50,0
170,112,49,0
170,113,48,0
170,114,47,0
170,115,46,0
170,116,45,0
170,117,44,0
170,118,43,0
170,119,42,0
170,120,41,0
170,121,40,0
170,122,39,0
170,123,38,0
170,124,37,0
170,125,36,0
170,126,35,0
170,127,34,0
170,128,33,0
170,129,32,0
170,130,31,0
170,131,30,0
170,132,29,0
170,133,28,0
170,134,27,0
170,135,26,0
170,136,25,0
170,137,24,0
170,138,23,0
170,139,22,0
170,140,21,0
170,141,20,0
170,142,19,0
170,143,18,0
170,144,17,0
170,145,16,0
170,146,15,0
170,147,14,0
170,148,13,0
170,149,12,0
170,150,11,0
170,151,10,0
170,152,9,0
170,153,8,0
170,154,7,0
170,155,6,0
170,156,5,0
170,157,4,0
170,158,3,0
170,159,2,0
170,160,1,0
170,161,0,0
171,31,368,0
171,32,367,0
171,33,366,0
171,34,365,0
171,35,364,0
171,36,363,0
171,37,362,0
171,38,361,0
171,39,360,0
171,40,359,0
171,41,358,0
171,42,357,0
171,43,356,0
171,44,355,0
171,45,354,0
171,46,353,0
171,47,352,0
171,48,351,0
171,49,350,0
171,50,349,0
171,51,348,0
171,52,347,0
171,53,346,0
171,54,345,0
171,55,344,0
171,56,343,0
171,57,342,0
171,58,341,0
171,59,340,0
171,60,339,0
171,61,338,0
171,62,337,0
171,63,336,0
171,64,335,0
171,65,334,0
171,66,333,0
171,67,332,0
171,68,331,0
171,69,330,0
171,70,329,0
171,71,328,0
171,72,327,0
171,73,326,0
171,74,325,0
171,75,324,0
171,76,323,0
171,77,322,0
171,78,321,0
171,79,320,0
171,80,319,0
171,81,318,0
171,82,317,0
171,83,316,0
171,84,315,0
171,85,314,0
171,86,313,0
171,87,312,0
171,88,311,0
171,89,310,0
171,90,309,0
171,91,308,0
171,92,307,0
171,93,306,0
171,94,305,0
171,95,304,0
171,96,303,0
171,97,302,0
171,98,301,0
171,99,300,0
171,100,299,0
171,101,298,0
171,102,297,0
171,103,296,0
171,104,295,0
171,105,294,0
171,106,293,0
171,107,292,0
171,108,291,0
171,109,290,0
171,110,289,0
171,111,288,0
171,112,287,0
171,113,286,0
171,114,285,0
171,115,284,0
171,116,283,0
171,117,282,0
171,118,281,0
171,119,280,0
171,120,279,0
171,121,278,0
171,122,277,0
171,123,276,0
171,124,275,0
171,125,274,0
171,126,273,0
171,127,272,0
171,128,271,0
171,129,270,0
171,130,269,0
171,131,268,0
171,132,267,0
171,133,266,0
171,134,265,0
171,135,264,0
171,136,263,0
171,137,262,0
171,138,261,0
171,139,260,0
171,140,259,0
171,141,258,0
171,142,257,0
171,143,256,0
171,144,255,0
171,145,254,0
171,146,253,0
171,147,252,0
171,148,251,0
171,149,250,0
171,150,249,0
171,151,248,0
171,152,247,0
171,153,246,0
171,154,245,0
171,155,244,0
171,156,243,0
171,157,242,0
171,158,241,0
171,159,240,0
171,160,239,0
171,161,238,0
171,162,237,0
171,163,236,0
171,164,235,0
171,165,234,0
171,166,233,0
171,167,232,0
171,168,231,0
171,169,230,0
171,170,229,0
171,171,228,0
171,172,227,0
171,173,226,0
171,174,225,0
171,175,224,0
171,176,223,0
171,177,222,0
171,178,221,0
171,179,220,0
171,180,219,0
171,181,218,0
171,182,217,0
171,183,216,0
171,184,215,0
171,185,214,0
171,186,213,0
171,187,212,0
171,188,211,0
171,189,210,0
171,190,209,0
171,191,208,0
171,192,207,0
171,193,206,0
171,194,205,0
171,195,204,0
171,196,203,0
171,197,202,0
171,198,201,0
171,199,200,0
171,200,199,0
171,201,198,0
171,202,197,0
171,203,196,0
171,204,195,0
171,205,194,0
171,206,193,0
171,207,192,0
171,208,191,0
171,209,190,0
171,210,189,0
171,211,188,0
171,212,187,0
171,213,186,0
171,214,185,0
171,215,184,0
171,216,183,0
171,217,182,0
171,218,181,0
171,219,180,0
171,220,179,0
171,221,178,0
171,222,177,0
171,223,176,0
171,224,175,0
171,225,174,0
171,226,173,0
171,227,172,0
171,228,171,0
171,229,170,0
171,230,169,0
171,231,168,0
171,232,167,0
171,233,166,0
171,234,165,0
171,235,164,0
171,236,163,0
171,237,162,0
171,238,161,0
171,239,160,0
171,240,159,0
171,241,158,0
171,242,157,0
171,243,156,0
171,244,155,0
171,245,154,0
171,246,153,0
171,247,152,0
171,248,151,0
171,249,150,0
171,250,149,0
171,251,148,0
171,252,147,0
171,253,146,0
171,254,145,0
171,255,144,0
171,256,143,0
171,257,142,0
171,258,141,0
171,259,140,0
171,260,139,0
171,261,138,0
171,262,137,0
171,263,136,0
171,264,135,0
171,265,134,0
171,266,133,0
171,267,132,0
171,268,131,0
171,269,130,0
171,270,129,0
171,271,128,0
171,272,127,0
171,273,126,0
171,274,125,0
171,275,124,0
171,276,123,0
171,277,122,0
171,278,121,0
171,279,120,0
171,280,119,0
171,281,118,0
171,282,117,0
171,283,116,0
171,284,115,0
171,285,114,0
171,286,113,0
171,287,112,0
171,288,111,0
171,289,110,0
171,290,109,0
171,291,108,0
171,292,107,0
171,293,106,0
171,294,105,0
171,295,104,0
171,296,103,0
171,297,102,0
171,298,101,0
171,299,100,0
171,300,99,0
171,301,98,0
171,302,97,0
171,303,96,0
171,304,95,0
171,305,94,0
171,306,93,0
171,307,92,0
171,308,91,0
171,309,90,0
171,310,89,0
171,311,88,0
171,312,87,0
171,313,86,0
171,314,85,0
171,315,84,0
171,316,83,0
171,317,82,0
171,318,81,0
171,319,80,0
171,320,79,0
171,321,78,0
171,322,77,0
171,323,76,0
171,324,75,0
171,325,74,0
171,326,73,0
171,327,72,0
171,328,71,0
171,329,70,0
171,330,69,0
171,331,68,0
171,332,67,0
171,333,66,0
171,334,65,0
171,335,64,0
171,336,63,0
171,337,62,0
171,338,61,0
171,339,60,0
171,340,59,0
171,341,58,0
171,342,57,0
171,343,56,0
171,344,55,0
171,345,54,0
171,346,53,0
171,347,52,0
171,348,51,0
171,349,50,0
171,350,49,0
171,351,48,0
171,352,47,0
171,353,46,0
171,354,45,0
171,355,44,0
171,356,43,0
171,357,42,0
171,358,41,0
171,359,40,0
171,360,39,0
171,361,38,0
171,362,37,0
171,363,36,0
171,364,35,0
171,365,34,0
171,366,33,0
171,367,32,0
171,368,31,0
171,369,30,0
171,370,29,0
171,371,28,0
171,372,27,0
171,373,26,0
171,374,25,0
171,375,24,0
171,376,23,0
171,377,22,0
171,378,21,0
171,379,20,0
171,380,19,0
171,381,18,0
171,382,17,0
171,383,16,0
171,384,15,0
171,385,14,0
171,386,13,0
171,387,12,0
171,388,11,0
171,389,10,0
171,390,9,0
171,391,8,0
171,392,7,0
171,393,6,0
171,394,5,0
171,395,4,0
171,396,3,0
171,397,2,0
171,398,1,0
171,399,0,0
172,31,242,0
172,32,241,0
172,33,240,0
172,34,239,0
172,35,238,0
172,36,237,0
172,37,236,0
172,38,235,0
172,39,234,0
172,40,233,0
172,41,232,0
172,42,231,0
172,43,230,0
172,44,229,0
172,45,228,0
172,46,227,0
172,47,226,0
172,48,225,0
172,49,224,0
172,50,223,0
172,51,222,0
172,52,221,0
172,53,220,0
172,54,219,0
172,55,218,0
172,56,217,0
172,57,216,0
172,58,215,0
172,59,214,0
172,60,213,0
172,61,212,0
172,62,211,0
172,63,210,0
172,64,209,0
172,65,208,0
172,66,207,0
172,67,206,0
172,68,205,0
172,69,204,0
172,70,203,0
172,71,202,0
172,72,201,0
172,73,200,0
172,74,199,0
172,75,198,0
172,76,197,0
172,77,196,0
172,78,195,0
172,79,194,0
172,80,193,0
172,81,192,0
172,82,191,0
172,83,190,0
172,84,189,0
172,85,188,0
172,86,187,0
172,87,186,0
172,88,185,0
172,89,184,0
172,90,183,0
172,91,182,0
172,92,181,0
172,93,180,0
172,94,179,0
172,95,178,0
172,96,177,0
172,97,176,0
172,98,175,0
172,99,174,0
172,100,173,0
172,101,172,0
172,102,171,0
172,103,170,0
172,104,169,0
172,105,168,0
172,106,167,0
172,107,166,0
172,108,165,0
172,109,164,0
172,110,163,0
172,111,162,0
172,112,161,0
172,113,160,0
172,114,159,0
172,115,158,0
172,116,157,0
172,117,156,0
172,118,155,0
172,119,154,0
172,120,153,0
172,121,152,0
172,122,151,0
172,123,150,0
172,124,149,0
172,125,148,0
172,126,147,0
172,127,146,0
172,128,145,0
172,129,144,0
172,130,143,0
172,131,142,0
172,132,141,0
172,133,140,0
172,134,139,0
172,135,138,0
172,136,137,0
172,137,136,0
172,138,135,0
172,139,134,0
172,140,133,0
172,141,132,0
172,142,131,0
172,143,130,0
172,144,129,0
172,145,128,0
172,146,127,0
172,147,126,0
172,148,125,0
172,149,124,0
172,150,123,0
172,151,122,0
172,152,121,0
172,153,120,0
172,154,119,0
172,155,118,0
172,156,117,0
172,157,116,0
172,158,115,0
172,159,114,0
172,160,113,0
172,161,112,0
172,162,111,0
172,163,110,0
172,164,109,0
172,165,108,0
172,166,107,0
172,167,106,0
172,168,105,0
172,169,104,0
172,170,103,0
172,171,102,0
172,172,101,0
172,173,100,0
172,174,99,0
172,175,98,0
172,176,97,0
172,177,96,0
172,178,95,0
172,179,94,0
172,180,93,0
172,181,92,0
172,182,91,0
172,183,90,0
172,184,89,0
172,185,88,0
172,186,87,0
172,187,86,0
172,188,85,0
172,189,84,0
172,190,83,0
172,191,82,0
172,192,81,0
172,193,80,0
172,194,79,0
172,195,78,0
172,196,77,0
172,197,76,0
172,198,75,0
172,199,74,0
172,200,73,0
172,201,72,0
172,202,71,0
172,203,70,0
172,204,69,0
172,205,68,0
172,206,67,0
172,207,66,0
172,208,65,0
172,209,64,0
172,210,63,0
172,211,62,0
172,212,61,0
172,213,60,0
172,214,59,0
172,215,58,0
172,216,57,0
172,217,56,0
172,218,55,0
172,219,54,0
172,220,53,0
172,221,52,0
172,222,51,0
172,223,50,0
172,224,49,0
172,225,48,0
172,226,47,0
172,227,46,0
172,228,45,0
172,229,44,0
172,230,43,0
172,231,42,0
172,232,41,0
172,233,40,0
172,234,39,0
172,235,38,0
172,236,37,0
172,237,36,0
172,238,35,0
172,239,34,0
172,240,33,0
172,241,32,0
172,242,31,0
172,243,30,0
172,244,29,0
172,245,28,0
172,246,27,0
172,247,26,0
172,248,25,0
172,249,24,0
172,250,23,0
172,251,22,0
172,252,21,0
172,253,20,0
172,254,19,0
172,255,18,0
172,256,17,0
172,257,16,0
172,258,15,0
172,259,14,0
172,260,13,0
172,261,12,0
172,262,11,0
172,263,10,0
172,264,9,0
172,265,8,0
172,266,7,0
172,267,6,0
172,268,5,0
172,269,4,0
172,270,3,0
172,271,2,0
172,272,1,0
172,273,0,0
173,31,426,0
173,32,425,0
173,33,424,0
173,34,423,0
173,35,422,0
173,36,421,0
173,37,420,0
173,38,419,0
173,39,418,0
173,40,417,0
173,41,416,0
173,42,415,0
173,43,414,0
173,44,413,0
173,45,412,0
173,46,411,0
173,47,410,0
173,48,409,0
173,49,408,0
173,50,407,0
173,51,406,0
173,52,405,0
173,53,404,0
173,54,403,0
173,55,402,0
173,56,401,0
173,57,400,0
173,58,399,0
173,59,398,0
173,60,397,0
173,61,396,0
173,62,395,0
173,63,394,0
173,64,393,0
173,65,392,0
173,66,391,0
173,67,390,0
173,68,389,0
173,69,388,0
173,70,387,0
173,71,386,0
173,72,385,0
173,73,384,0
173,74,383,0
173,75,382,0
173,76,381,0
173,77,380,0
173,78,379,0
173,79,378,0
173,80,377,0
173,81,376,0
173,82,375,0
173,83,374,0
173,84,373,0
173,85,372,0
173,86,371,0
173,87,370,0
173,88,369,0
173,89,368,0
173,90,367,0
173,91,366,0
173,92,365,0
173,93,364,0
173,94,363,0
173,95,362,0
173,96,361,0
173,97,360,0
173,98,359,0
173,99,358,0
173,100,357,0
173,101,356,0
173,102,355,0
173,103,354,0
173,104,353,0
173,105,352,0
173,106,351,0
173,107,350,0
173,108,349,0
173,109,348,0
173,110,347,0
173,111,346,0
173,112,345,0
173,113,344,0
173,114,343,0
173,115,342,0
173,116,341,0
173,117,340,0
173,118,339,0
173,119,338,0
173,120,337,0
173,121,336,0
173,122,335,0
173,123,334,0
173,124,333,0
173,125,332,0
173,126,331,0
173,127,330,0
173,128,329,0
173,129,328,0
173,130,327,0
173,131,326,0
173,132,325,0
173,133,324,0
173,134,323,0
173,135,322,0
173,136,321,0
173,137,320,0
173,138,319,0
173,139,318,0
173,140,317,0
173,141,316,0
173,142,315,0
173,143,314,0
173,144,313,0
173,145,312,0
173,146,311,0
173,147,310,0
173,148,309,0
173,149,308,0
173,150,307,0
173,151,306,0
173,152,305,0
173,153,304,0
173,154,303,0
173,155,302,0
173,156,301,0
173,157,300,0
173,158,299,0
173,159,298,0
173,160,297,0
173,161,296,0
173,162,295,0
173,163,294,0
173,164,293,0
173,165,292,0
173,166,291,0
173,167,290,0
173,168,289,0
173,169,288,0
173,170,287,0
173,171,286,0
173,172,285,0
173,173,284,0
173,174,283,0
173,175,282,0
173,176,281,0
173,177,280,0
173,178,279,0
173,179,278,0
173,180,277,0
173,181,276,0
173,182,275,0
173,183,274,0
173,184,273,0
173,185,272,0
173,186,271,0
173,187,270,0
173,188,269,0
173,189,268,0
173,190,267,0
173,191,266,0
173,192,265,0
173,193,264,0
173,194,263,0
173,195,262,0
173,196,261,0
173,197,260,0
173,198,259,0
173,199,258,0
173,200,257,0
173,201,256,0
173,202,255,0
173,203,254,0
173,204,253,0
173,205,252,0
173,206,251,0
173,207,250,0
173,208,249,0
173,209,248,0
173,210,247,0
173,211,246,0
173,212,245,0
173,213,244,0
173,214,243,0
173,215,242,0
173,216,241,0
173,217,240,0
173,218,239,0
173,219,238,0
173,220,237,0
173,221,236,0
173,222,235,0
173,223,234,0
173,224,233,0
173,225,232,0
173,226,231,0
173,227,230,0
173,228,229,0
173,229,228,0
173,230,227,0
173,231,226,0
173,232,225,0
173,233,224,0
173,234,223,0
173,235,222,0
173,236,221,0
173,237,220,0
173,238,219,0
173,239,218,0
173,240,217,0
173,241,216,0
173,242,215,0
173,243,214,0
173,244,213,0
173,245,212,0
173,246,211,0
173,247,210,0
173,248,209,0
173,249,208,0
173,250,207,0
173,251,206,0
173,252,205,0
173,253,204,0
173,254,203,0
173,255,202,0
173,256,201,0
173,257,200,0
173,258,199,0
173,259,198,0
173,260,197,0
173,261,196,0
173,262,195,0
173,263,194,0
173,264,193,0
173,265,192,0
173,266,191,0
173,267,190,0
173,268,189,0
173,269,188,0
173,270,187,0
173,271,186,0
173,272,185,0
173,273,184,0
173,274,183,0
173,275,182,0
173,276,181,0
173,277,180,0
173,278,179,0
173,279,178,0
173,280,177,0
173,281,176,0
173,282,175,0
173,283,174,0
173,284,173,0
173,285,172,0
173,286,171,0
173,287,170,0
173,288,169,0
173,289,168,0
173,290,167,0
173,291,166,0
173,292,165,0
173,293,164,0
173,294,163,0
173,295,162,0
173,296,161,0
173,297,160,0
173,298,159,0
173,299,158,0
173,300,157,0
173,301,156,0
173,302,155,0
173,303,154,0
173,304,153,0
173,305,152,0
173,306,151,0
173,307,150,0
173,308,149,0
173,309,148,0
173,310,147,0
173,311,146,0
173,312,145,0
173,313,144,0
173,314,143,0
173,315,142,0
173,316,141,0
173,317,140,0
173,318,139,0
173,319,138,0
173,320,137,0
173,321,136,0
173,322,135,0
173,323,134,0
173,324,133,0
173,325,132,0
173,326,131,0
173,327,130,0
173,328,129,0
173,329,128,0
173,330,127,0
173,331,126,0
173,332,125,0
173,333,124,0
173,334,123,0
173,335,122,0
173,336,121,0
173,337,120,0
173,338,119,0
173,339,118,0
173,340,117,0
173,341,116,0
173,342,115,0
173,343,114,0
173,344,113,0
173,345,112,0
173,346,111,0
173,347,110,0
173,348,109,0
173,349,108,0
173,350,107,0
173,351,106,0
173,352,105,0
173,353,104,0
173,354,103,0
173,355,102,0
173,356,101,0
173,357,100,0
173,358,99,0
173,359,98,0
173,360,97,0
173,361,96,0
173,362,95,0
173,363,94,0
173,364,93,0
173,365,92,0
173,366,91,0
173,367,90,0
173,368,89,0
173,369,88,0
173,370,87,0
173,371,86,0
173,372,85,0
173,373,84,0
173,374,83,0
173,375,82,0
173,376,81,0
173,377,80,0
173,378,79,0
173,379,78,0
173,380,77,0
173,381,76,0
173,382,75,0
173,383,74,0
173,384,73,0
173,385,72,0
173,386,71,0
173,387,70,0
173,388,69,0
173,389,68,0
173,390,67,0
173,391,66,0
173,392,65,0
173,393,64,0
173,394,63,0
173,395,62,0
173,396,61,0
173,397,60,0
173,398,59,0
173,399,58,0
173,400,57,0
173,401,56,0
173,402,55,0
173,403,54,0
173,404,53,0
173,405,52,0
173,406,51,0
173,407,50,0
173,408,49,0
173,409,48,0
173,410,47,0
173,411,46,0
173,412,45,0
173,413,44,0
173,414,43,0
173,415,42,0
173,416,41,0
173,417,40,0
173,418,39,0
173,419,38,0
173,420,37,0
173,421,36,0
173,422,35,0
173,423,34,0
173,424,33,0
173,425,32,0
173,426,31,0
173,427,30,0
173,428,29,0
173,429,28,0
173,430,27,0
173,431,26,0
173,432,25,0
173,433,24,0
173,434,23,0
173,435,22,0
173,436,21,0
173,437,20,0
173,438,19,0
173,439,18,0
173,440,17,0
173,441,16,0
173,442,15,0
173,443,14,0
173,444,13,0
173,445,12,0
173,446,11,0
173,447,10,0
173,448,9,0
173,449,8,0
173,450,7,0
173,451,6,0
173,452,5,0
173,453,4,0
173,454,3,0
173,455,2,0
173,456,1,0
173,457,0,0
174,31,339,0
174,32,338,0
174,33,337,0
174,34,336,0
174,35,335,0
174,36,334,0
174,37,333,0
174,38,332,0
174,39,331,0
174,40,330,0
174,41,329,0
174,42,328,0
174,43,327,0
174,44,326,0
174,45,325,0
174,46,324,0
174,47,323,0
174,48,322,0
174,49,321,0
174,50,320,0
174,51,319,0
174,52,318,0
174,53,317,0
174,54,316,0
174,55,315,0
174,56,314,0
174,57,313,0
174,58,312,0
174,59,311,0
174,60,310,0
174,61,309,0
174,62,308,0
174,63,307,0
174,64,306,0
174,65,305,0
174,66,304,0
174,67,303,0
174,68,302,0
174,69,301,0
174,70,300,0
174,71,299,0
174,72,298,0
174,73,297,0
174,74,296,0
174,75,295,0
174,76,294,0
174,77,293,0
174,78,292,0
174,79,291,0
174,80,290,0
174,81,289,0
174,82,288,0
174,83,287,0
174,84,286,0
174,85,285,0
174,86,284,0
174,87,283,0
174,88,282,0
174,89,281,0
174,90,280,0
174,91,279,0
174,92,278,0
174,93,277,0
174,94,276,0
174,95,275,0
174,96,274,0
174,97,273,0
174,98,272,0
174,99,271,0
174,100,270,0
174,101,269,0
174,102,268,0
174,103,267,0
174,104,266,0
174,105,265,0
174,106,264,0
174,107,263,0
174,108,262,0
174,109,261,0
174,110,260,0
174,111,259,0
174,112,258,0
174,113,257,0
174,114,256,0
174,115,255,0
174,116,254,0
174,117,253,0
174,118,252,0
174,119,251,0
174,120,250,0
174,121,249,0
174,122,248,0
174,123,247,0
174,124,246,0
174,125,245,0
174,126,244,0
174,127,243,0
174,128,242,0
174,129,241,0
174,130,240,0
174,131,239,0
174,132,238,0
174,133,237,0
174,134,236,0
174,135,235,0
174,136,234,0
174,137,233,0
174,138,232,0
174,139,231,0
174,140,230,0
174,141,229,0
174,142,228,0
174,143,227,0
174,144,226,0
174,145,225,0
174,146,224,0
174,147,223,0
174,148,222,0
174,149,221,0
174,150,220,0
174,151,219,0
174,152,218,0
174,153,217,0
174,154,216,0
174,155,215,0
174,156,214,0
174,157,213,0
174,158,212,0
174,159,211,0
174,160,210,0
174,161,209,0
174,162,208,0
174,163,207,0
174,164,206,0
174,165,205,0
174,166,204,0
174,167,203,0
174,168,202,0
174,169,201,0
174,170,200,0
174,171,199,0
174,172,198,0
174,173,197,0
174,174,196,0
174,175,195,0
174,176,194,0
174,177,193,0
174,178,192,0
174,179,191,0
174,180,190,0
174,181,189,0
174,182,188,0
174,183,187,0
174,184,186,0
174,185,185,0
174,186,184,0
174,187,183,0
174,188,182,0
174,189,181,0
174,190,180,0
174,191,179,0
174,192,178,0
174,193,177,0
174,194,176,0
174,195,175,0
174,196,174,0
174,197,173,0
174,198,172,0
174,199,171,0
174,200,170,0
174,201,169,0
174,202,168,0
174,203,167,0
174,204,166,0
174,205,165,0
174,206,164,0
174,207,163,0
174,208,162,0
174,209,161,0
174,210,160,0
174,211,159,0
174,212,158,0
174,213,157,0
174,214,156,0
174,215,155,0
174,216,154,0
174,217,153,0
174,218,152,0
174,219,151,0
174,220,150,0
174,221,149,0
174,222,148,0
174,223,147,0
174,224,146,0
174,225,145,0
174,226,144,0
174,227,143,0
174,228,142,0
174,229,141,0
174,230,140,0
174,231,139,0
174,232,138,0
174,233,137,0
174,234,136,0
174,235,135,0
174,236,134,0
174,237,133,0
174,238,132,0
174,239,131,0
174,240,130,0
174,241,129,0
174,242,128,0
174,243,127,0
174,244,126,0
174,245,125,0
174,246,124,0
174,247,123,0
174,248,122,0
174,249,121,0
174,250,120,0
174,251,119,0
174,252,118,0
174,253,117,0
174,254,116,0
174,255,115,0
174,256,114,0
174,257,113,0
174,258,112,0
174,259,111,0
174,260,110,0
174,261,109,0
174,262,108,0
174,263,107,0
174,264,106,0
174,265,105,0
174,266,104,0
174,267,103,0
174,268,102,0
174,269,101,0
174,270,100,0
174,271,99,0
174,272,98,0
174,273,97,0
174,274,96,0
174,275,95,0
174,276,94,0
174,277,93,0
174,278,92,0
174,279,91,0
174,280,90,0
174,281,89,0
174,282,88,0
174,283,87,0
174,284,86,0
174,285,85,0
174,286,84,0
174,287,83,0
174,288,82,0
174,289,81,0
174,290,80,0
174,291,79,0
174,292,78,0
174,293,77,0
174,294,76,0
174,295,75,0
174,296,74,0
174,297,73,0
174,298,72,0
174,299,71,0
174,300,70,0
174,301,69,0
174,302,68,0
174,303,67,0
174,304,66,0
174,305,65,0
174,306,64,0
174,307,63,0
174,308,62,0
174,309,61,0
174,310,60,0
174,311,59,0
174,312,58,0
174,313,57,0
174,314,56,0
174,315,55,0
174,316,54,0
174,317,53,0
174,318,52,0
174,319,51,0
174,320,50,0
174,321,49,0
174,322,48,0
174,323,47,0
174,324,46,0
174,325,45,0
174,326,44,0
174,327,43,0
174,328,42,0
174,329,41,0
174,330,40,0
174,331,39,0
174,332,38,0
174,333,37,0
174,334,36,0
174,335,35,0
174,336,34,0
174,337,33,0
174,338,32,0
174,339,31,0
174,340,30,0
174,341,29,0
174,342,28,0
174,343,27,0
174,344,26,0
174,345,25,0
174,346,24,0
174,347,23,0
174,348,22,0
174,349,21,0
174,350,20,0
174,351,19,0
174,352,18,0
174,353,17,0
174,354,16,0
174,355,15,0
174,356,14,0
174,357,13,0
174,358,12,0
174,359,11,0
174,360,10,0
174,361,9,0
174,362,8,0
174,363,7,0
174,364,6,0
174,365,5,0
174,366,4,0
174,367,3,0
174,368,2,0
174,369,1,0
174,370,0,0
175,31,125,0
175,32,124,0
175,33,123,0
175,34,122,0
175,35,121,0
175,36,120,0
175,37,119,0
175,38,118,0
175,39,117,0
175,40,116,0
175,41,115,0
175,42,114,0
175,43,113,0
175,44,112,0
175,45,111,0
175,46,110,0
175,47,109,0
175,48,108,0
175,49,107,0
175,50,106,0
175,51,105,0
175,52,104,0
175,53,103,0
175,54,102,0
175,55,101,0
175,56,100,0
175,57,99,0
175,58,98,0
175,59,97,0
175,60,96,0
175,61,95,0
175,62,94,0
175,63,93,0
175,64,92,0
175,65,91,0
175,66,90,0
175,67,89,0
175,68,88,0
175,69,87,0
175,70,86,0
175,71,85,0
175,72,84,0
175,73,83,0
175,74,82,0
175,75,81,0
175,76,80,0
175,77,79,0
175,78,78,0
175,79,77,0
175,80,76,0
175,81,75,0
175,82,74,0
175,83,73,0
175,84,72,0
175,85,71,0
175,86,70,0
175,87,69,0
175,88,68,0
175,89,67,0
175,90,66,0
175,91,65,0
175,92,64,0
175,93,63,0
175,94,62,0
175,95,61,0
175,96,60,0
175,97,59,0
175,98,58,0
175,99,57,0
175,100,56,0
175,101,55,0
175,102,54,0
175,103,53,0
175,104,52,0
175,105,51,0
175,106,50,0
175,107,49,0
175,108,48,0
175,109,47,0
175,110,46,0
175,111,45,0
175,112,44,0
175,113,43,0
175,114,42,0
175,115,41,0
175,116,40,0
175,117,39,0
175,118,38,0
175,119,37,0
175,120,36,0
175,121,35,0
175,122,34,0
175,123,33,0
175,124,32,0
175,125,31,0
175,126,30,0
175,127,29,0
175,128,28,0
175,129,27,0
175,130,26,0
175,131,25,0
175,132,24,0
175,133,23,0
175,134,22,0
175,135,21,0
175,136,20,0
175,137,19,0
175,138,18,0
175,139,17,0
175,140,16,0
175,141,15,0
175,142,14,0
175,143,13,0
175,144,12,0
175,145,11,0
175,146,10,0
175,147,9,0
175,148,8,0
175,149,7,0
175,150,6,0
175,151,5,0
175,152,4,0
175,153,3,0
175,154,2,0
175,155,1,0
175,156,0,0
176,31,149,0
176,32,148,0
176,33,147,0
176,34,146,0
176,35,145,0
176,36,144,0
176,37,143,0
176,38,142,0
176,39,141,0
176,40,140,0
176,41,139,0
176,42,138,0
176,43,137,0
176,44,136,0
176,45,135,0
176,46,134,0
176,47,133,0
176,48,132,0
176,49,131,0
176,50,130,0
176,51,129,0
176,52,128,0
176,53,127,0
176,54,126,0
176,55,125,0
176,56,124,0
176,57,123,0
176,58,122,0
176,59,121,0
176,60,120,0
176,61,119,0
176,62,118,0
176,63,117,0
176,64,116,0
176,65,115,0
176,66,114,0
176,67,113,0
176,68,112,0
176,69,111,0
176,70,110,0
176,71,109,0
176,72,108,0
176,73,107,0
176,74,106,0
176,75,105,0
176,76,104,0
176,77,103,0
176,78,102,0
176,79,101,0
176,80,100,0
176,81,99,0
176,82,98,0
176,83,97,0
176,84,96,0
176,85,95,0
176,86,94,0
176,87,93,0
176,88,92,0
176,89,91,0
176,90,90,0
176,91,89,0
176,92,88,0
176,93,87,0
176,94,86,0
176,95,85,0
176,96,84,0
176,97,83,0
176,98,82,0
176,99,81,0
176,100,80,0
176,101,79,0
176,102,78,0
176,103,77,0
176,104,76,0
176,105,75,0
176,106,74,0
176,107,73,0
176,108,72,0
176,109,71,0
176,110,70,0
176,111,69,0
176,112,68,0
176,113,67,0
176,114,66,0
176,115,65,0
176,116,64,0
176,117,63,0
176,118,62,0
176,119,61,0
176,120,60,0
176,121,59,0
176,122,58,0
176,123,57,0
176,124,56,0
176,125,55,0
176,126,54,0
176,127,53,0
176,128,52,0
176,129,51,0
176,130,50,0
176,131,49,0
176,132,48,0
176,133,47,0
176,134,46,0
176,135,45,0
176,136,44,0
176,137,43,0
176,138,42,0
176,139,41,0
176,140,40,0
176,141,39,0
176,142,38,0
176,143,37,0
176,144,36,0
176,145,35,0
176,146,34,0
176,147,33,0
176,148,32,0
176,149,31,0
176,150,30,0
176,151,29,0
176,152,28,0
176,153,27,0
176,154,26,0
176,155,25,0
176,156,24,0
176,157,23,0
176,158,22,0
176,159,21,0
176,160,20,0
176,161,19,0
176,162,18,0
176,163,17,0
176,164,16,0
176,165,15,0
176,166,14,0
176,167,13,0
176,168,12,0
176,169,11,0
176,170,10,0
176,171,9,0
176,172,8,0
176,173,7,0
176,174,6,0
176,175,5,0
176,176,4,0
176,177,3,0
176,178,2,0
176,179,1,0
176,180,0,0
177,31,211,0
177,32,210,0
177,33,209,0
177,34,208,0
177,35,207,0
177,36,206,0
177,37,205,0
177,38,204,0
177,39,203,0
177,40,202,0
177,41,201,0
177,42,200,0
177,43,199,0
177,44,198,0
177,45,197,0
177,46,196,0
177,47,195,0
177,48,194,0
177,49,193,0
177,50,192,0
177,51,191,0
177,52,190,0
177,53,189,0
177,54,188,0
177,55,187,0
177,56,186,0
177,57,185,0
177,58,184,0
177,59,183,0
177,60,182,0
177,61,181,0
177,62,180,0
177,63,179,0
177,64,178,0
177,65,177,0
177,66,176,0
177,67,175,0
177,68,174,0
177,69,173,0
177,70,172,0
177,71,171,0
177,72,170,0
177,73,169,0
177,74,168,0
177,75,167,0
177,76,166,0
177,77,165,0
177,78,164,0
177,79,163,0
177,80,162,0
177,81,161,0
177,82,160,0
177,83,159,0
177,84,158,0
177,85,157,0
177,86,156,0
177,87,155,0
177,88,154,0
177,89,153,0
177,90,152,0
177,91,151,0
177,92,150,0
177,93,149,0
177,94,148,0
177,95,147,0
177,96,146,0
177,97,145,0
177,98,144,0
177,99,143,0
177,100,142,0
177,101,141,0
177,102,140,0
177,103,139,0
177,104,138,0
177,105,137,0
177,106,136,0
177,107,135,0
177,108,134,0
177,109,133,0
177,110,132,0
177,111,131,0
177,112,130,0
177,113,129,0
177,114,128,0
177,115,127,0
177,116,126,0
177,117,125,0
177,118,124,0
177,119,123,0
177,120,122,0
177,121,121,0
177,122,120,0
177,123,119,0
177,124,118,0
177,125,117,0
177,126,116,0
177,127,115,0
177,128,114,0
177,129,113,0
177,130,112,0
177,131,111,0
177,132,110,0
177,133,109,0
177,134,108,0
177,135,107,0
177,136,106,0
177,137,105,0
177,138,104,0
177,139,103,0
177,140,102,0
177,141,101,0
177,142,100,0
177,143,99,0
177,144,98,0
177,145,97,0
177,146,96,0
177,147,95,0
177,148,94,0
177,149,93,0
177,150,92,0
177,151,91,0
177,152,90,0
177,153,89,0
177,154,88,0
177,155,87,0
177,156,86,0
177,157,85,0
177,158,84,0
177,159,83,0
177,160,82,0
177,161,81,0
177,162,80,0
177,163,79,0
177,164,78,0
177,165,77,0
177,166,76,0
177,167,75,0
177,168,74,0
177,169,73,0
177,170,72,0
177,171,71,0
177,172,70,0
177,173,69,0
177,174,68,0
177,175,67,0
177,176,66,0
177,177,65,0
177,178,64,0
177,179,63,0
177,180,62,0
177,181,61,0
177,182,60,0
177,183,59,0
177,184,58,0
177,185,57,0
177,186,56,0
177,187,55,0
177,188,54,0
177,189,53,0
177,190,52,0
177,191,51,0
177,192,50,0
177,193,49,0
177,194,48,0
177,195,47,0
177,196,46,0
177,197,45,0
177,198,44,0
177,199,43,0
177,200,42,0
177,201,41,0
177,202,40,0
177,203,39,0
177,204,38,0
177,205,37,0
177,206,36,0
177,207,35,0
177,208,34,0
177,209,33,0
177,210,32,0
177,211,31,0
177,212,30,0
177,213,29,0
177,214,28,0
177,215,27,0
177,216,26,0
177,217,25,0
177,218,24,0
177,219,23,0
177,220,22,0
177,221,21,0
177,222,20,0
177,223,19,0
177,224,18,0
177,225,17,0
177,226,16,0
177,227,15,0
177,228,14,0
177,229,13,0
177,230,12,0
177,231,11,0
177,232,10,0
177,233,9,0
177,234,8,0
177,235,7,0
177,236,6,0
177,237,5,0
177,238,4,0
177,239,3,0
177,240,2,0
177,241,1,-1
177,242,0,0
178,31,139,0
178,32,138,0
178,33,137,0
178,34,136,0
178,35,135,0
178,36,134,0
178,37,133,0
178,38,132,0
178,39,131,0
178,40,130,0
178,41,129,0
178,42,128,0
178,43,127,0
178,44,126,0
178,45,125,0
178,46,124,0
178,47,123,0
178,48,122,0
178,49,121,0
178,50,120,0
178,51,119,0
178,52,118,0
178,53,117,0
178,54,116,0
178,55,115,0
178,56,114,0
178,57,113,0
178,58,112,0
178,59,111,0
178,60,110,0
178,61,109,0
178,62,108,0
178,63,107,0
178,64,106,0
178,65,105,0
178,66,104,0
178,67,103,0
178,68,102,0
178,69,101,0
178,70,100,0
178,71,99,0
178,72,98,0
178,73,97,0
178,74,96,0
178,75,95,0
178,76,94,0
178,77,93,0
178,78,92,0
178,79,91,0
178,80,90,0
178,81,89,0
178,82,88,0
178,83,87,0
178,84,86,0
178,85,85,0
178,86,84,0
178,87,83,0
178,88,82,0
178,89,81,0
178,90,80,0
178,91,79,0
178,92,78,0
178,93,77,0
178,94,76,0
178,95,75,0
178,96,74,0
178,97,73,0
178,98,72,0
178,99,71,0
178,100,70,0
178,101,69,0
178,102,68,0
178,103,67,0
178,104,66,0
178,105,65,0
178,106,64,0
178,107,63,0
178,108,62,0
178,109,61,0
178,110,60,0
178,111,59,0
178,112,58,0
178,113,57,0
178,114,56,0
178,115,55,0
178,116,54,0
178,117,53,0
178,118,52,0
178,119,51,0
178,120,50,0
178,121,49,0
178,122,48,0
178,123,47,0
178,124,46,0
178,125,45,0
178,126,44,0
178,127,43,0
178,128,42,0
178,129,41,0
178,130,40,0
178,131,39,0
178,132,38,0
178,133,37,0
178,134,36,0
178,135,35,0
178,136,34,0
178,137,33,0
178,138,32,0
178,139,31,0
178,140,30,0
178,141,29,0
178,142,28,0
178,143,27,0
178,144,26,0
178,145,25,0
178,146,24,0
178,147,23,0
178,148,22,0
178,149,21,0
178,150,20,0
178,151,19,0
178,152,18,0
178,153,17,0
178,154,16,0
178,155,15,0
178,156,14,0
178,157,13,0
178,158,12,0
178,159,11,0
178,160,10,0
178,161,9,0
178,162,8,0
178,163,7,0
178,164,6,0
178,165,5,0
178,166,4,0
178,167,3,0
178,168,2,0
178,169,1,0
178,170,0,0
179,31,404,0
179,32,403,0
179,33,402,0
179,34,401,0
179,35,400,0
179,36,399,0
179,37,398,0
179,38,397,0
179,39,396,0
179,40,395,0
179,41,394,0
179,42,393,0
179,43,392,0
179,44,391,0
179,45,390,0
179,46,389,0
179,47,388,0
179,48,387,0
179,49,386,0
179,50,385,0
179,51,384,0
179,52,383,0
179,53,382,0
179,54,381,0
179,55,380,0
179,56,379,0
179,57,378,0
179,58,377,0
179,59,376,0
179,60,375,0
179,61,374,0
179,62,373,0
179,63,372,0
179,64,371,0
179,65,370,0
179,66,369,0
179,67,368,0
179,68,367,0
179,69,366,0
179,70,365,0
179,71,364,0
179,72,363,0
179,73,362,0
179,74,361,0
179,75,360,0
179,76,359,0
179,77,358,0
179,78,357,0
179,79,356,0
179,80,355,0
179,81,354,0
179,82,353,0
179,83,352,0
179,84,351,0
179,85,350,0
179,86,349,0
179,87,348,0
179,88,347,0
179,89,346,0
179,90,345,0
179,91,344,0
179,92,343,0
179,93,342,0
179,94,341,0
179,95,340,0
179,96,339,0
179,97,338,0
179,98,337,0
179,99,336,0
179,100,335,0
179,101,334,0
179,102,333,0
179,103,332,0
179,104,331,0
179,105,330,0
179,106,329,0
179,107,328,0
179,108,327,0
179,109,326,0
179,110,325,0
179,111,324,0
179,112,323,0
179,113,322,0
179,114,321,0
179,115,320,0
179,116,319,0
179,117,318,0
179,118,317,0
179,119,316,0
179,120,315,0
179,121,314,0
179,122,313,0
179,123,312,0
179,124,311,0
179,125,310,0
179,126,309,0
179,127,308,0
179,128,307,0
179,129,306,0
179,130,305,0
179,131,304,0
179,132,303,0
179,133,302,0
179,134,301,0
179,135,300,0
179,136,299,0
179,137,298,0
179,138,297,0
179,139,296,0
179,140,295,0
179,141,294,0
179,142,293,0
179,143,292,0
179,144,291,0
179,145,290,0
179,146,289,0
179,147,288,0
179,148,287,0
179,149,286,0
179,150,285,0
179,151,284,0
179,152,283,0
179,153,282,0
179,154,281,0
179,155,280,0
179,156,279,0
179,157,278,0
179,158,277,0
179,159,276,0
179,160,275,0
179,161,274,0
179,162,273,0
179,163,272,0
179,164,271,0
179,165,270,0
179,166,269,0
179,167,268,0
179,168,267,0
179,169,266,0
179,170,265,0
179,171,264,0
179,172,263,0
179,173,262,0
179,174,261,0
179,175,260,0
179,176,259,0
179,177,258,0
179,178,257,0
179,179,256,0
179,180,255,0
179,181,254,0
179,182,253,0
179,183,252,0
179,184,251,0
179,185,250,0
179,186,249,0
179,187,248,0
179,188,247,0
179,189,246,0
179,190,245,0
179,191,244,0
179,192,243,0
179,193,242,0
179,194,241,0
179,195,240,0
179,196,239,0
179,197,238,0
179,198,237,0
179,199,236,0
179,200,235,0
179,201,234,0
179,202,233,0
179,203,232,0
179,204,231,0
179,205,230,0
179,206,229,0
179,207,228,0
179,208,227,0
179,209,226,0
179,210,225,0
179,211,224,0
179,212,223,0
179,213,222,0
179,214,221,0
179,215,220,0
179,216,219,0
179,217,218,0
179,218,217,0
179,219,216,0
179,220,215,0
179,221,214,0
179,222,213,0
179,223,212,0
179,224,211,0
179,225,210,0
179,226,209,0
179,227,208,0
179,228,207,0
179,229,206,0
179,230,205,0
179,231,204,0
179,232,203,0
179,233,202,0
179,234,201,0
179,235,200,0
179,236,199,0
179,237,198,0
179,238,197,0
179,239,196,0
179,240,195,0
179,241,194,0
179,242,193,-1
179,243,192,-1
179,244,191,-1
179,245,190,-1
179,246,189,-1
179,247,188,-1
179,248,187,-1
179,249,186,-1
179,250,185,-1
179,251,184,-1
179,252,183,-1
179,253,182,-1
179,254,181,-1
179,255,180,-1
179,256,179,0
179,257,178,0
179,258,177,0
179,259,176,0
179,260,175,0
179,261,174,0
179,262,173,0
179,263,172,0
179,264,171,0
179,265,170,0
179,266,169,0
179,267,168,0
179,268,167,0
179,269,166,0
179,270,165,0
179,271,164,0
179,272,163,0
179,273,162,0
179,274,161,0
179,275,160,0
179,276,159,0
179,277,158,0
179,278,157,0
179,279,156,0
179,280,155,0
179,281,154,0
179,282,153,0
179,283,152,0
179,284,151,0
179,285,150,0
179,286,149,0
179,287,148,0
179,288,147,0
179,289,146,0
179,290,145,0
179,291,144,0
179,292,143,0
179,293,142,0
179,294,141,0
179,295,140,0
179,296,139,0
179,297,138,0
179,298,137,0
179,299,136,0
179,300,135,0
179,301,134,0
179,302,133,0
179,303,132,0
179,304,131,0
179,305,130,0
179,306,129,0
179,307,128,0
179,308,127,0
179,309,126,0
179,310,125,0
179,311,124,0
179,312,123,0
179,313,122,0
179,314,121,0
179,315,120,0
179,316,119,0
179,317,118,0
179,318,117,0
179,319,116,0
179,320,115,0
179,321,114,0
179,322,113,0
179,323,112,0
179,324,111,0
179,325,110,0
179,326,109,0
179,327,108,0
179,328,107,0
179,329,106,0
179,330,105,0
179,331,104,0
179,332,103,0
179,333,102,0
179,334,101,0
179,335,100,0
179,336,99,0
179,337,98,0
179,338,97,0
179,339,96,0
179,340,95,0
179,341,94,0
179,342,93,0
179,343,92,0
179,344,91,0
179,345,90,0
179,346,89,0
179,347,88,0
179,348,87,0
179,349,86,0
179,350,85,0
179,351,84,0
179,352,83,0
179,353,82,0
179,354,81,0
179,355,80,0
179,356,79,0
179,357,78,0
179,358,77,0
179,359,76,0
179,360,75,0
179,361,74,0
179,362,73,0
179,363,72,0
179,364,71,0
179,365,70,0
179,366,69,0
179,367,68,0
179,368,67,0
179,369,66,0
179,370,65,0
179,371,64,0
179,372,63,0
179,373,62,0
179,374,61,0
179,375,60,0
179,376,59,0
179,377,58,0
179,378,57,0
179,379,56,0
179,380,55,0
179,381,54,0
179,382,53,0
179,383,52,0
179,384,51,0
179,385,50,0
179,386,49,0
179,387,48,0
179,388,47,0
179,389,46,0
179,390,45,0
179,391,44,0
179,392,43,0
179,393,42,0
179,394,41,0
179,395,40,0
179,396,39,0
179,397,38,0
179,398,37,0
179,399,36,0
179,400,35,0
179,401,34,0
179,402,33,0
179,403,32,0
179,404,31,0
179,405,30,0
179,406,29,0
179,407,28,0
179,408,27,0
179,409,26,0
179,410,25,0
179,411,24,0
179,412,23,0
179,413,22,0
179,414,21,0
179,415,20,0
179,416,19,0
179,417,18,0
179,418,17,0
179,419,16,0
179,420,15,0
179,421,14,0
179,422,13,0
179,423,12,0
179,424,11,0
179,425,10,0
179,426,9,0
179,427,8,0
179,428,7,0
179,429,6,0
179,430,5,0
179,431,4,0
179,432,3,0
179,433,2,0
179,434,1,0
179,435,0,0
180,31,313,0
180,32,312,0
180,33,311,0
180,34,310,0
180,35,309,0
180,36,308,0
180,37,307,0
180,38,306,0
180,39,305,0
180,40,304,0
180,41,303,0
180,42,302,0
180,43,301,0
180,44,300,0
180,45,299,0
180,46,298,0
180,47,297,0
180,48,296,0
180,49,295,0
180,50,294,0
180,51,293,0
180,52,292,0
180,53,291,0
180,54,290,0
180,55,289,0
180,56,288,0
180,57,287,0
180,58,286,0
180,59,285,0
180,60,284,0
180,61,283,0
180,62,282,0
180,63,281,0
180,64,280,0
180,65,279,0
180,66,278,0
180,67,277,0
180,68,276,0
180,69,275,0
180,70,274,0
180,71,273,0
180,72,272,0
180,73,271,0
180,74,270,0
180,75,269,0
180,76,268,0
180,77,267,0
180,78,266,0
180,79,265,0
180,80,264,0
180,81,263,0
180,82,262,0
180,83,261,0
180,84,260,0
180,85,259,0
180,86,258,0
180,87,257,0
180,88,256,0
180,89,255,0
180,90,254,0
180,91,253,0
180,92,252,0
180,93,251,0
180,94,250,0
180,95,249,0
180,96,248,0
180,97,247,0
180,98,246,0
180,99,245,0
180,100,244,0
180,101,243,0
180,102,242,0
180,103,241,0
180,104,240,0
180,105,239,0
180,106,238,0
180,107,237,0
180,108,236,0
180,109,235,0
180,110,234,0
180,111,233,0
180,112,232,0
180,113,231,0
180,114,230,0
180,115,229,0
180,116,228,0
180,117,227,0
180,118,226,0
180,119,225,0
180,120,224,0
180,121,223,0
180,122,222,0
180,123,221,0
180,124,220,0
180,125,219,0
180,126,218,0
180,127,217,0
180,128,216,0
180,129,215,0
180,130,214,0
180,131,213,0
180,132,212,0
180,133,211,0
180,134,210,0
180,135,209,0
180,136,208,0
180,137,207,0
180,138,206,0
180,139,205,0
180,140,204,0
180,141,203,0
180,142,202,0
180,143,201,0
180,144,200,0
180,145,199,0
180,146,198,0
180,147,197,0
180,148,196,0
180,149,195,0
180,150,194,0
180,151,193,0
180,152,192,0
180,153,191,0
180,154,190,0
180,155,189,0
180,156,188,0
180,157,187,0
180,158,186,0
180,159,185,0
180,160,184,0
180,161,183,0
180,162,182,0
180,163,181,0
180,164,180,0
180,165,179,0
180,166,178,0
180,167,177,0
180,168,176,0
180,169,175,0
180,170,174,0
180,171,173,0
180,172,172,0
180,173,171,0
180,174,170,0
180,175,169,0
180,176,168,0
180,177,167,0
180,178,166,0
180,179,165,0
180,180,164,0
180,181,163,0
180,182,162,0
180,183,161,0
180,184,160,0
180,185,159,0
180,186,158,0
180,187,157,0
180,188,156,0
180,189,155,0
180,190,154,0
180,191,153,0
180,192,152,0
180,193,151,0
180,194,150,0
180,195,149,0
180,196,148,0
180,197,147,0
180,198,146,0
180,199,145,0
180,200,144,0
180,201,143,0
180,202,142,0
180,203,141,0
180,204,140,0
180,205,139,0
180,206,138,0
180,207,137,0
180,208,136,0
180,209,135,0
180,210,134,0
180,211,133,0
180,212,132,0
180,213,131,0
180,214,130,0
180,215,129,0
180,216,128,0
180,217,127,0
180,218,126,0
180,219,125,0
180,220,124,0
180,221,123,0
180,222,122,0
180,223,121,0
180,224,120,0
180,225,119,0
180,226,118,0
180,227,117,0
180,228,116,0
180,229,115,0
180,230,114,0
180,231,113,0
180,232,112,0
180,233,111,0
180,234,110,0
180,235,109,0
180,236,108,0
180,237,107,0
180,238,106,0
180,239,105,0
180,240,104,0
180,241,103,0
180,242,102,0
180,243,101,0
180,244,100,0
180,245,99,0
180,246,98,0
180,247,97,0
180,248,96,0
180,249,95,0
180,250,94,0
180,251,93,0
180,252,92,0
180,253,91,0
180,254,90,0
180,255,89,0
180,256,88,0
180,257,87,0
180,258,86,0
180,259,85,0
180,260,84,0
180,261,83,0
180,262,82,0
180,263,81,0
180,264,80,0
180,265,79,0
180,266,78,0
180,267,77,0
180,268,76,0
180,269,75,0
180,270,74,0
180,271,73,0
180,272,72,0
180,273,71,0
180,274,70,0
180,275,69,0
180,276,68,0
180,277,67,0
180,278,66,0
180,279,65,0
180,280,64,0
180,281,63,0
180,282,62,0
180,283,61,0
180,284,60,0
180,285,59,0
180,286,58,0
180,287,57,0
180,288,56,0
180,289,55,0
180,290,54,0
180,291,53,0
180,292,52,0
180,293,51,0
180,294,50,0
180,295,49,0
180,296,48,0
180,297,47,0
180,298,46,0
180,299,45,0
180,300,44,0
180,301,43,0
180,302,42,0
180,303,41,0
180,304,40,0
180,305,39,0
180,306,38,0
180,307,37,0
180,308,36,0
180,309,35,0
180,310,34,0
180,311,33,0
180,312,32,0
180,313,31,0
180,314,30,0
180,315,29,0
180,316,28,0
180,317,27,0
180,318,26,0
180,319,25,0
180,320,24,0
180,321,23,0
180,322,22,0
180,323,21,0
180,324,20,0
180,325,19,0
180,326,18,0
180,327,17,0
180,328,16,0
180,329,15,0
180,330,14,0
180,331,13,0
180,332,12,0
180,333,11,0
180,334,10,0
180,335,9,0
180,336,8,0
180,337,7,0
180,338,6,0
180,339,5,0
180,340,4,0
180,341,3,0
180,342,2,0
180,343,1,0
180,344,0,0
181,31,103,0
181,32,102,0
181,33,101,0
181,34,100,0
181,35,99,0
181,36,98,0
181,37,97,0
181,38,96,0
181,39,95,0
181,40,94,0
181,41,93,0
181,42,92,0
181,43,91,0
181,44,90,0
181,45,89,0
181,46,88,0
181,47,87,0
181,48,86,0
181,49,85,0
181,50,84,0
181,51,83,0
181,52,82,0
181,53,81,0
181,54,80,0
181,55,79,0
181,56,78,0
181,57,77,0
181,58,76,0
181,59,75,0
181,60,74,0
181,61,73,0
181,62,72,0
181,63,71,0
181,64,70,0
181,65,69,0
181,66,68,0
181,67,67,0
181,68,66,0
181,69,65,0
181,70,64,0
181,71,63,0
181,72,62,0
181,73,61,0
181,74,60,0
181,75,59,0
181,76,58,0
181,77,57,0
181,78,56,0
181,79,55,0
181,80,54,0
181,81,53,0
181,82,52,0
181,83,51,0
181,84,50,0
181,85,49,0
181,86,48,0
181,87,47,0
181,88,46,0
181,89,45,0
181,90,44,0
181,91,43,0
181,92,42,0
181,93,41,0
181,94,40,0
181,95,39,0
181,96,38,0
181,97,37,0
181,98,36,0
181,99,35,0
181,100,34,0
181,101,33,0
181,102,32,0
181,103,31,0
181,104,30,0
181,105,29,0
181,106,28,0
181,107,27,0
181,108,26,0
181,109,25,0
181,110,24,0
181,111,23,0
181,112,22,0
181,113,21,0
181,114,20,0
181,115,19,0
181,116,18,0
181,117,17,0
181,118,16,0
181,119,15,0
181,120,14,0
181,121,13,0
181,122,12,0
181,123,11,0
181,124,10,0
181,125,9,0
181,126,8,0
181,127,7,0
181,128,6,0
181,129,5,0
181,130,4,0
181,131,3,0
181,132,2,0
181,133,1,0
181,134,0,0
182,31,174,0
182,32,173,0
182,33,172,0
182,34,171,0
182,35,170,0
182,36,169,0
182,37,168,0
182,38,167,0
182,39,166,0
182,40,165,0
182,41,164,0
182,42,163,0
182,43,162,0
182,44,161,0
182,45,160,0
182,46,159,0
182,47,158,0
182,48,157,0
182,49,156,0
182,50,155,0
182,51,154,0
182,52,153,0
182,53,152,0
182,54,151,0
182,55,150,0
182,56,149,0
182,57,148,0
182,58,147,0
182,59,146,0
182,60,145,0
182,61,144,0
182,62,143,0
182,63,142,0
182,64,141,0
182,65,140,0
182,66,139,0
182,67,138,0
182,68,137,0
182,69,136,0
182,70,135,0
182,71,134,0
182,72,133,0
182,73,132,0
182,74,131,0
182,75,130,0
182,76,129,0
182,77,128,0
182,78,127,0
182,79,126,0
182,80,125,0
182,81,124,0
182,82,123,0
182,83,122,0
182,84,121,0
182,85,120,0
182,86,119,0
182,87,118,0
182,88,117,0
182,89,116,0
182,90,115,0
182,91,114,0
182,92,113,0
182,93,112,0
182,94,111,0
182,95,110,0
182,96,109,0
182,97,108,0
182,98,107,0
182,99,106,0
182,100,105,0
182,101,104,0
182,102,103,0
182,103,102,0
182,104,101,0
182,105,100,0
182,106,99,0
182,107,98,0
182,108,97,0
182,109,96,0
182,110,95,0
182,111,94,0
182,112,93,0
182,113,92,0
182,114,91,0
182,115,90,0
182,116,89,0
182,117,88,0
182,118,87,0
182,119,86,0
182,120,85,0
182,121,84,0
182,122,83,0
182,123,82,0
182,124,81,0
182,125,80,0
182,126,79,0
182,127,78,0
182,128,77,0
182,129,76,0
182,130,75,0
182,131,74,0
182,132,73,0
182,133,72,0
182,134,71,0
182,135,70,0
182,136,69,0
182,137,68,0
182,138,67,0
182,139,66,0
182,140,65,0
182,141,64,0
182,142,63,0
182,143,62,0
182,144,61,0
182,145,60,0
182,146,59,0
182,147,58,0
182,148,57,0
182,149,56,0
182,150,55,0
182,151,54,0
182,152,53,0
182,153,52,0
182,154,51,0
182,155,50,0
182,156,49,0
182,157,48,0
182,158,47,0
182,159,46,0
182,160,45,0
182,161,44,0
182,162,43,0
182,163,42,0
182,164,41,0
182,165,40,0
182,166,39,0
182,167,38,0
182,168,37,0
182,169,36,0
182,170,35,0
182,171,34,0
182,172,33,0
182,173,32,0
182,174,31,0
182,175,30,0
182,176,29,0
182,177,28,0
182,178,27,0
182,179,26,0
182,180,25,0
182,181,24,0
182,182,23,0
182,183,22,0
182,184,21,0
182,185,20,0
182,186,19,0
182,187,18,0
182,188,17,0
182,189,16,0
182,190,15,0
182,191,14,0
182,192,13,0
182,193,12,0
182,194,11,0
182,195,10,0
182,196,9,0
182,197,8,0
182,198,7,0
182,199,6,0
182,200,5,0
182,201,4,0
182,202,3,0
182,203,2,0
182,204,1,0
182,205,0,0
183,31,159,0
183,32,158,0
183,33,157,0
183,34,156,0
183,35,155,0
183,36,154,0
183,37,153,0
183,38,152,0
183,39,151,0
183,40,150,0
183,41,149,0
183,42,148,0
183,43,147,0
183,44,146,0
183,45,145,0
183,46,144,0
183,47,143,0
183,48,142,0
183,49,141,0
183,50,140,0
183,51,139,0
183,52,138,0
183,53,137,0
183,54,136,0
183,55,135,0
183,56,134,0
183,57,133,0
183,58,132,0
183,59,131,0
183,60,130,0
183,61,129,0
183,62,128,0
183,63,127,0
183,64,126,0
183,65,125,0
183,66,124,0
183,67,123,0
183,68,122,0
183,69,121,0
183,70,120,0
183,71,119,0
183,72,118,0
183,73,117,0
183,74,116,0
183,75,115,0
183,76,114,0
183,77,113,0
183,78,112,0
183,79,111,0
183,80,110,0
183,81,109,0
183,82,108,0
183,83,107,0
183,84,106,0
183,85,105,0
183,86,104,0
183,87,103,0
183,88,102,0
183,89,101,0
183,90,100,0
183,91,99,0
183,92,98,0
183,93,97,0
183,94,96,0
183,95,95,0
183,96,94,0
183,97,93,0
183,98,92,0
183,99,91,0
183,100,90,0
183,101,89,0
183,102,88,0
183,103,87,0
183,104,86,0
183,105,85,0
183,106,84,0
183,107,83,0
183,108,82,0
183,109,81,0
183,110,80,0
183,111,79,0
183,112,78,0
183,113,77,0
183,114,76,0
183,115,75,0
183,116,74,0
183,117,73,0
183,118,72,0
183,119,71,0
183,120,70,0
183,121,69,0
183,122,68,0
183,123,67,0
183,124,66,0
183,125,65,0
183,126,64,0
183,127,63,0
183,128,62,0
183,129,61,0
183,130,60,0
183,131,59,0
183,132,58,0
183,133,57,0
183,134,56,0
183,135,55,0
183,136,54,0
183,137,53,0
183,138,52,0
183,139,51,0
183,140,50,0
183,141,49,0
183,142,48,0
183,143,47,0
183,144,46,0
183,145,45,0
183,146,44,0
183,147,43,0
183,148,42,0
183,149,41,0
183,150,40,0
183,151,39,0
183,152,38,0
183,153,37,0
183,154,36,0
183,155,35,0
183,156,34,0
183,157,33,0
183,158,32,0
183,159,31,0
183,160,30,0
183,161,29,0
183,162,28,0
183,163,27,0
183,164,26,0
183,165,25,0
183,166,24,0
183,167,23,0
183,168,22,-1
183,169,21,0
183,170,20,0
183,171,19,0
183,172,18,0
183,173,17,0
183,174,16,0
183,175,15,0
183,176,14,0
183,177,13,0
183,178,12,0
183,179,11,0
183,180,10,0
183,181,9,0
183,182,8,0
183,183,7,0
183,184,6,0
183,185,5,0
183,186,4,0
183,187,3,-1
183,188,2,0
183,189,1,0
183,190,0,0
184,31,348,0
184,32,347,0
184,33,346,0
184,34,345,0
184,35,344,0
184,36,343,0
184,37,342,0
184,38,341,0
184,39,340,0
184,40,339,0
184,41,338,0
184,42,337,0
184,43,336,0
184,44,335,0
184,45,334,0
184,46,333,0
184,47,332,0
184,48,331,0
184,49,330,0
184,50,329,0
184,51,328,0
184,52,327,0
184,53,326,0
184,54,325,0
184,55,324,0
184,56,323,0
184,57,322,0
184,58,321,0
184,59,320,0
184,60,319,0
184,61,318,0
184,62,317,0
184,63,316,0
184,64,315,0
184,65,314,0
184,66,313,0
184,67,312,0
184,68,311,0
184,69,310,0
184,70,309,0
184,71,308,0
184,72,307,0
184,73,306,0
184,74,305,0
184,75,304,0
184,76,303,0
184,77,302,0
184,78,301,0
184,79,300,0
184,80,299,0
184,81,298,0
184,82,297,0
184,83,296,0
184,84,295,0
184,85,294,0
184,86,293,0
184,87,292,0
184,88,291,0
184,89,290,0
184,90,289,0
184,91,288,0
184,92,287,0
184,93,286,0
184,94,285,0
184,95,284,0
184,96,283,0
184,97,282,0
184,98,281,0
184,99,280,0
184,100,279,0
184,101,278,0
184,102,277,0
184,103,276,0
184,104,275,0
184,105,274,0
184,106,273,0
184,107,272,0
184,108,271,0
184,109,270,0
184,110,269,0
184,111,268,0
184,112,267,0
184,113,266,0
184,114,265,0
184,115,264,0
184,116,263,0
184,117,262,0
184,118,261,0
184,119,260,0
184,120,259,0
184,121,258,0
184,122,257,0
184,123,256,0
184,124,255,0
184,125,254,0
184,126,253,0
184,127,252,0
184,128,251,0
184,129,250,0
184,130,249,0
184,131,248,0
184,132,247,0
184,133,246,0
184,134,245,0
184,135,244,0
184,136,243,0
184,137,242,0
184,138,241,0
184,139,240,0
184,140,239,0
184,141,238,0
184,142,237,0
184,143,236,0
184,144,235,0
184,145,234,0
184,146,233,0
184,147,232,0
184,148,231,0
184,149,230,0
184,150,229,0
184,151,228,0
184,152,227,0
184,153,226,0
184,154,225,0
184,155,224,0
184,156,223,0
184,157,222,0
184,158,221,0
184,159,220,0
184,160,219,0
184,161,218,0
184,162,217,0
184,163,216,0
184,164,215,0
184,165,214,0
184,166,213,0
184,167,212,0
184,168,211,0
184,169,210,0
184,170,209,0
184,171,208,0
184,172,207,0
184,173,206,0
184,174,205,0
184,175,204,0
184,176,203,0
184,177,202,0
184,178,201,0
184,179,200,0
184,180,199,0
184,181,198,0
184,182,197,0
184,183,196,0
184,184,195,0
184,185,194,0
184,186,193,0
184,187,192,0
184,188,191,0
184,189,190,0
184,190,189,0
184,191,188,0
184,192,187,0
184,193,186,0
184,194,185,0
184,195,184,0
184,196,183,0
184,197,182,0
184,198,181,0
184,199,180,0
184,200,179,0
184,201,178,0
184,202,177,0
184,203,176,0
184,204,175,0
184,205,174,0
184,206,173,0
184,207,172,0
184,208,171,0
184,209,170,0
184,210,169,0
184,211,168,0
184,212,167,0
184,213,166,0
184,214,165,0
184,215,164,0
184,216,163,0
184,217,162,0
184,218,161,0
184,219,160,0
184,220,159,0
184,221,158,0
184,222,157,0
184,223,156,0
184,224,155,0
184,225,154,0
184,226,153,0
184,227,152,0
184,228,151,0
184,229,150,0
184,230,149,0
184,231,148,0
184,232,147,0
184,233,146,0
184,234,145,0
184,235,144,0
184,236,143,0
184,237,142,0
184,238,141,0
184,239,140,0
184,240,139,0
184,241,138,0
184,242,137,0
184,243,136,0
184,244,135,0
184,245,134,0
184,246,133,0
184,247,132,0
184,248,131,0
184,249,130,0
184,250,129,0
184,251,128,0
184,252,127,0
184,253,126,0
184,254,125,0
184,255,124,0
184,256,123,0
184,257,122,0
184,258,121,0
184,259,120,0
184,260,119,0
184,261,118,0
184,262,117,0
184,263,116,0
184,264,115,0
184,265,114,0
184,266,113,0
184,267,112,0
184,268,111,0
184,269,110,0
184,270,109,0
184,271,108,0
184,272,107,0
184,273,106,0
184,274,105,0
184,275,104,0
184,276,103,0
184,277,102,0
184,278,101,0
184,279,100,0
184,280,99,0
184,281,98,0
184,282,97,0
184,283,96,0
184,284,95,0
184,285,94,0
184,286,93,0
184,287,92,0
184,288,91,0
184,289,90,0
184,290,89,0
184,291,88,0
184,292,87,0
184,293,86,0
184,294,85,0
184,295,84,0
184,296,83,0
184,297,82,0
184,298,81,0
184,299,80,0
184,300,79,0
184,301,78,0
184,302,77,0
184,303,76,0
184,304,75,0
184,305,74,0
184,306,73,0
184,307,72,0
184,308,71,0
184,309,70,0
184,310,69,0
184,311,68,0
184,312,67,0
184,313,66,0
184,314,65,0
184,315,64,0
184,316,63,0
184,317,62,0
184,318,61,0
184,319,60,0
184,320,59,0
184,321,58,0
184,322,57,0
184,323,56,-1
184,324,55,-1
184,325,54,-1
184,326,53,-1
184,327,52,-1
184,328,51,-1
184,329,50,-1
184,330,49,-1
184,331,48,-1
184,332,47,-1
184,333,46,-1
184,334,45,-1
184,335,44,-1
184,336,43,0
184,337,42,0
184,338,41,0
184,339,40,0
184,340,39,0
184,341,38,0
184,342,37,0
184,343,36,0
184,344,35,0
184,345,34,0
184,346,33,0
184,347,32,0
184,348,31,0
184,349,30,0
184,350,29,0
184,351,28,0
184,352,27,0
184,353,26,0
184,354,25,0
184,355,24,0
184,356,23,0
184,357,22,0
184,358,21,0
184,359,20,0
184,360,19,0
184,361,18,0
184,362,17,0
184,363,16,0
184,364,15,0
184,365,14,0
184,366,13,0
184,367,12,0
184,368,11,0
184,369,10,0
184,370,9,0
184,371,8,0
184,372,7,-1
184,373,6,0
184,374,5,0
184,375,4,0
184,376,3,0
184,377,2,0
184,378,1,0
184,379,0,0
185,31,228,0
185,32,227,0
185,33,226,0
185,34,225,0
185,35,224,0
185,36,223,0
185,37,222,0
185,38,221,0
185,39,220,0
185,40,219,0
185,41,218,0
185,42,217,0
185,43,216,0
185,44,215,0
185,45,214,0
185,46,213,0
185,47,212,0
185,48,211,0
185,49,210,0
185,50,209,0
185,51,208,0
185,52,207,0
185,53,206,0
185,54,205,0
185,55,204,0
185,56,203,0
185,57,202,0
185,58,201,0
185,59,200,0
185,60,199,0
185,61,198,0
185,62,197,0
185,63,196,0
185,64,195,0
185,65,194,0
185,66,193,0
185,67,192,0
185,68,191,0
185,69,190,0
185,70,189,0
185,71,188,0
185,72,187,0
185,73,186,0
185,74,185,0
185,75,184,0
185,76,183,0
185,77,182,0
185,78,181,0
185,79,180,0
185,80,179,0
185,81,178,0
185,82,177,0
185,83,176,0
185,84,175,0
185,85,174,0
185,86,173,0
185,87,172,0
185,88,171,0
185,89,170,0
185,90,169,0
185,91,168,0
185,92,167,0
185,93,166,0
185,94,165,0
185,95,164,0
185,96,163,0
185,97,162,0
185,98,161,0
185,99,160,0
185,100,159,0
185,101,158,0
185,102,157,0
185,103,156,0
185,104,155,0
185,105,154,0
185,106,153,0
185,107,152,0
185,108,151,0
185,109,150,0
185,110,149,0
185,111,148,0
185,112,147,0
185,113,146,0
185,114,145,0
185,115,144,0
185,116,143,0
185,117,142,0
185,118,141,0
185,119,140,0
185,120,139,0
185,121,138,0
185,122,137,0
185,123,136,0
185,124,135,0
185,125,134,0
185,126,133,0
185,127,132,0
185,128,131,0
185,129,130,0
185,130,129,0
185,131,128,0
185,132,127,0
185,133,126,0
185,134,125,0
185,135,124,0
185,136,123,0
185,137,122,0
185,138,121,0
185,139,120,0
185,140,119,0
185,141,118,0
185,142,117,0
185,143,116,0
185,144,115,0
185,145,114,0
185,146,113,0
185,147,112,0
185,148,111,0
185,149,110,0
185,150,109,0
185,151,108,0
185,152,107,0
185,153,106,0
185,154,105,0
185,155,104,0
185,156,103,0
185,157,102,0
185,158,101,0
185,159,100,0
185,160,99,0
185,161,98,0
185,162,97,0
185,163,96,0
185,164,95,0
185,165,94,0
185,166,93,0
185,167,92,0
185,168,91,0
185,169,90,0
185,170,89,0
185,171,88,0
185,172,87,0
185,173,86,0
185,174,85,0
185,175,84,0
185,176,83,0
185,177,82,0
185,178,81,0
185,179,80,0
185,180,79,0
185,181,78,0
185,182,77,0
185,183,76,0
185,184,75,0
185,185,74,0
185,186,73,0
185,187,72,0
185,188,71,0
185,189,70,0
185,190,69,0
185,191,68,0
185,192,67,0
185,193,66,0
185,194,65,0
185,195,64,0
185,196,63,0
185,197,62,-1
185,198,61,-1
185,199,60,-1
185,200,59,-1
185,201,58,-1
185,202,57,-1
185,203,56,-1
185,204,55,-1
185,205,54,-1
185,206,53,-1
185,207,52,-1
185,208,51,-1
185,209,50,-1
185,210,49,-1
185,211,48,0
185,212,47,0
185,213,46,0
185,214,45,0
185,215,44,0
185,216,43,0
185,217,42,0
185,218,41,0
185,219,40,0
185,220,39,0
185,221,38,0
185,222,37,0
185,223,36,0
185,224,35,0
185,225,34,0
185,226,33,0
185,227,32,0
185,228,31,0
185,229,30,0
185,230,29,0
185,231,28,0
185,232,27,0
185,233,26,0
185,234,25,0
185,235,24,0
185,236,23,0
185,237,22,0
185,238,21,0
185,239,20,0
185,240,19,0
185,241,18,0
185,242,17,0
185,243,16,0
185,244,15,0
185,245,14,0
185,246,13,0
185,247,12,0
185,248,11,0
185,249,10,0
185,250,9,0
185,251,8,0
185,252,7,0
185,253,6,0
185,254,5,0
185,255,4,0
185,256,3,0
185,257,2,0
185,258,1,0
185,259,0,0
186,31,132,0
186,32,131,0
186,33,130,0
186,34,129,0
186,35,128,0
186,36,127,0
186,37,126,0
186,38,125,0
186,39,124,0
186,40,123,0
186,41,122,0
186,42,121,0
186,43,120,0
186,44,119,0
186,45,118,0
186,46,117,0
186,47,116,0
186,48,115,0
186,49,114,0
186,50,113,0
186,51,112,0
186,52,111,0
186,53,110,0
186,54,109,0
186,55,108,0
186,56,107,0
186,57,106,0
186,58,105,0
186,59,104,0
186,60,103,0
186,61,102,0
186,62,101,0
186,63,100,0
186,64,99,0
186,65,98,0
186,66,97,0
186,67,96,0
186,68,95,0
186,69,94,0
186,70,93,0
186,71,92,0
186,72,91,0
186,73,90,0
186,74,89,0
186,75,88,0
186,76,87,0
186,77,86,0
186,78,85,0
186,79,84,0
186,80,83,0
186,81,82,0
186,82,81,0
186,83,80,0
186,84,79,0
186,85,78,0
186,86,77,0
186,87,76,0
186,88,75,0
186,89,74,0
186,90,73,0
186,91,72,0
186,92,71,0
186,93,70,0
186,94,69,0
186,95,68,0
186,96,67,0
186,97,66,0
186,98,65,0
186,99,64,0
186,100,63,0
186,101,62,0
186,102,61,0
186,103,60,0
186,104,59,0
186,105,58,0
186,106,57,0
186,107,56,0
186,108,55,0
186,109,54,0
186,110,53,0
186,111,52,0
186,112,51,0
186,113,50,0
186,114,49,0
186,115,48,0
186,116,47,0
186,117,46,0
186,118,45,0
186,119,44,0
186,120,43,0
186,121,42,0
186,122,41,0
186,123,40,0
186,124,39,0
186,125,38,0
186,126,37,0
186,127,36,0
186,128,35,0
186,129,34,0
186,130,33,0
186,131,32,0
186,132,31,0
186,133,30,0
186,134,29,0
186,135,28,0
186,136,27,0
186,137,26,0
186,138,25,0
186,139,24,0
186,140,23,0
186,141,22,0
186,142,21,0
186,143,20,0
186,144,19,0
186,145,18,0
186,146,17,0
186,147,16,0
186,148,15,0
186,149,14,0
186,150,13,0
186,151,12,0
186,152,11,0
186,153,10,0
186,154,9,0
186,155,8,0
186,156,7,0
186,157,6,0
186,158,5,0
186,159,4,0
186,160,3,0
186,161,2,0
186,162,1,-1
186,163,0,-1
187,31,242,0
187,32,241,0
187,33,240,0
187,34,239,0
187,35,238,0
187,36,237,0
187,37,236,0
187,38,235,0
187,39,234,0
187,40,233,0
187,41,232,0
187,42,231,0
187,43,230,0
187,44,229,0
187,45,228,0
187,46,227,0
187,47,226,0
187,48,225,0
187,49,224,0
187,50,223,0
187,51,222,0
187,52,221,0
187,53,220,0
187,54,219,0
187,55,218,0
187,56,217,0
187,57,216,0
187,58,215,0
187,59,214,0
187,60,213,0
187,61,212,0
187,62,211,0
187,63,210,0
187,64,209,0
187,65,208,0
187,66,207,0
187,67,206,0
187,68,205,0
187,69,204,0
187,70,203,0
187,71,202,0
187,72,201,0
187,73,200,0
187,74,199,0
187,75,198,0
187,76,197,0
187,77,196,0
187,78,195,0
187,79,194,0
187,80,193,0
187,81,192,0
187,82,191,0
187,83,190,0
187,84,189,0
187,85,188,0
187,86,187,0
187,87,186,0
187,88,185,0
187,89,184,0
187,90,183,0
187,91,182,0
187,92,181,0
187,93,180,0
187,94,179,0
187,95,178,0
187,96,177,0
187,97,176,0
187,98,175,0
187,99,174,0
187,100,173,0
187,101,172,0
187,102,171,0
187,103,170,0
187,104,169,0
187,105,168,0
187,106,167,0
187,107,166,0
187,108,165,0
187,109,164,0
187,110,163,0
187,111,162,0
187,112,161,0
187,113,160,0
187,114,159,0
187,115,158,0
187,116,157,0
187,117,156,0
187,118,155,0
187,119,154,0
187,120,153,0
187,121,152,0
187,122,151,0
187,123,150,0
187,124,149,0
187,125,148,0
187,126,147,0
187,127,146,0
187,128,145,0
187,129,144,0
187,130,143,0
187,131,142,0
187,132,141,0
187,133,140,0
187,134,139,0
187,135,138,0
187,136,137,0
187,137,136,0
187,138,135,0
187,139,134,0
187,140,133,0
187,141,132,0
187,142,131,0
187,143,130,0
187,144,129,0
187,145,128,0
187,146,127,0
187,147,126,0
187,148,125,0
187,149,124,0
187,150,123,0
187,151,122,0
187,152,121,0
187,153,120,0
187,154,119,0
187,155,118,0
187,156,117,0
187,157,116,0
187,158,115,0
187,159,114,0
187,160,113,0
187,161,112,0
187,162,111,0
187,163,110,0
187,164,109,0
187,165,108,0
187,166,107,0
187,167,106,0
187,168,105,0
187,169,104,0
187,170,103,0
187,171,102,0
187,172,101,0
187,173,100,0
187,174,99,0
187,175,98,0
187,176,97,0
187,177,96,0
187,178,95,0
187,179,94,0
187,180,93,0
187,181,92,0
187,182,91,0
187,183,90,0
187,184,89,0
187,185,88,0
187,186,87,0
187,187,86,0
187,188,85,0
187,189,84,0
187,190,83,0
187,191,82,0
187,192,81,0
187,193,80,0
187,194,79,0
187,195,78,0
187,196,77,0
187,197,76,0
187,198,75,0
187,199,74,0
187,200,73,0
187,201,72,0
187,202,71,0
187,203,70,0
187,204,69,0
187,205,68,0
187,206,67,0
187,207,66,0
187,208,65,0
187,209,64,0
187,210,63,0
187,211,62,0
187,212,61,0
187,213,60,0
187,214,59,0
187,215,58,0
187,216,57,0
187,217,56,0
187,218,55,0
187,219,54,0
187,220,53,0
187,221,52,0
187,222,51,0
187,223,50,0
187,224,49,0
187,225,48,0
187,226,47,0
187,227,46,0
187,228,45,0
187,229,44,0
187,230,43,0
187,231,42,0
187,232,41,0
187,233,40,0
187,234,39,0
187,235,38,0
187,236,37,0
187,237,36,0
187,238,35,0
187,239,34,0
187,240,33,0
187,241,32,0
187,242,31,0
187,243,30,0
187,244,29,0
187,245,28,0
187,246,27,0
187,247,26,0
187,248,25,0
187,249,24,0
187,250,23,0
187,251,22,0
187,252,21,0
187,253,20,0
187,254,19,0
187,255,18,0
187,256,17,0
187,257,16,0
187,258,15,0
187,259,14,0
187,260,13,0
187,261,12,0
187,262,11,0
187,263,10,0
187,264,9,0
187,265,8,0
187,266,7,0
187,267,6,0
187,268,5,0
187,269,4,0
187,270,3,0
187,271,2,0
187,272,1,0
187,273,0,0
188,31,223,0
188,32,222,0
188,33,221,0
188,34,220,0
188,35,219,0
188,36,218,0
188,37,217,0
188,38,216,0
188,39,215,0
188,40,214,0
188,41,213,0
188,42,212,0
188,43,211,0
188,44,210,0
188,45,209,0
188,46,208,0
188,47,207,0
188,48,206,0
188,49,205,0
188,50,204,0
188,51,203,0
188,52,202,0
188,53,201,0
188,54,200,0
188,55,199,0
188,56,198,0
188,57,197,0
188,58,196,0
188,59,195,0
188,60,194,0
188,61,193,0
188,62,192,0
188,63,191,0
188,64,190,0
188,65,189,0
188,66,188,0
188,67,187,0
188,68,186,0
188,69,185,0
188,70,184,0
188,71,183,0
188,72,182,0
188,73,181,0
188,74,180,0
188,75,179,0
188,76,178,0
188,77,177,0
188,78,176,0
188,79,175,0
188,80,174,0
188,81,173,0
188,82,172,0
188,83,171,0
188,84,170,0
188,85,169,0
188,86,168,0
188,87,167,0
188,88,166,0
188,89,165,0
188,90,164,0
188,91,163,0
188,92,162,0
188,93,161,0
188,94,160,0
188,95,159,0
188,96,158,0
188,97,157,0
188,98,156,0
188,99,155,0
188,100,154,0
188,101,153,0
188,102,152,0
188,103,151,0
188,104,150,0
188,105,149,0
188,106,148,0
188,107,147,0
188,108,146,0
188,109,145,0
188,110,144,0
188,111,143,0
188,112,142,0
188,113,141,0
188,114,140,0
188,115,139,0
188,116,138,0
188,117,137,0
188,118,136,0
188,119,135,0
188,120,134,0
188,121,133,0
188,122,132,0
188,123,131,0
188,124,130,0
188,125,129,0
188,126,128,0
188,127,127,0
188,128,126,0
188,129,125,0
188,130,124,0
188,131,123,0
188,132,122,0
188,133,121,0
188,134,120,0
188,135,119,0
188,136,118,0
188,137,117,0
188,138,116,0
188,139,115,0
188,140,114,0
188,141,113,0
188,142,112,0
188,143,111,0
188,144,110,0
188,145,109,0
188,146,108,0
188,147,107,0
188,148,106,0
188,149,105,0
188,150,104,0
188,151,103,0
188,152,102,0
188,153,101,0
188,154,100,0
188,155,99,0
188,156,98,0
188,157,97,0
188,158,96,0
188,159,95,0
188,160,94,0
188,161,93,0
188,162,92,0
188,163,91,0
188,164,90,0
188,165,89,0
188,166,88,0
188,167,87,0
188,168,86,0
188,169,85,0
188,170,84,0
188,171,83,0
188,172,82,0
188,173,81,0
188,174,80,0
188,175,79,0
188,176,78,0
188,177,77,0
188,178,76,0
188,179,75,0
188,180,74,0
188,181,73,0
188,182,72,0
188,183,71,0
188,184,70,0
188,185,69,0
188,186,68,0
188,187,67,0
188,188,66,0
188,189,65,0
188,190,64,0
188,191,63,0
188,192,62,0
188,193,61,0
188,194,60,0
188,195,59,0
188,196,58,0
188,197,57,0
188,198,56,0
188,199,55,0
188,200,54,0
188,201,53,0
188,202,52,0
188,203,51,0
188,204,50,0
188,205,49,0
188,206,48,0
188,207,47,0
188,208,46,0
188,209,45,0
188,210,44,0
188,211,43,0
188,212,42,0
188,213,41,0
188,214,40,0
188,215,39,0
188,216,38,0
188,217,37,0
188,218,36,0
188,219,35,0
188,220,34,0
188,221,33,0
188,222,32,0
188,223,31,0
188,224,30,0
188,225,29,0
188,226,28,0
188,227,27,0
188,228,26,0
188,229,25,0
188,230,24,0
188,231,23,0
188,232,22,0
188,233,21,0
188,234,20,0
188,235,19,0
188,236,18,0
188,237,17,0
188,238,16,0
188,239,15,0
188,240,14,0
188,241,13,0
188,242,12,0
188,243,11,0
188,244,10,0
188,245,9,0
188,246,8,0
188,247,7,0
188,248,6,0
188,249,5,0
188,250,4,0
188,251,3,0
188,252,2,0
188,253,1,0
188,254,0,0
189,31,208,0
189,32,207,0
189,33,206,0
189,34,205,0
189,35,204,0
189,36,203,0
189,37,202,0
189,38,201,0
189,39,200,0
189,40,199,0
189,41,198,0
189,42,197,0
189,43,196,0
189,44,195,0
189,45,194,0
189,46,193,0
189,47,192,0
189,48,191,0
189,49,190,0
189,50,189,0
189,51,188,0
189,52,187,0
189,53,186,0
189,54,185,0
189,55,184,0
189,56,183,0
189,57,182,0
189,58,181,0
189,59,180,0
189,60,179,0
189,61,178,0
189,62,177,0
189,63,176,0
189,64,175,0
189,65,174,0
189,66,173,0
189,67,172,0
189,68,171,0
189,69,170,0
189,70,169,0
189,71,168,0
189,72,167,0
189,73,166,0
189,74,165,0
189,75,164,0
189,76,163,0
189,77,162,0
189,78,161,0
189,79,160,0
189,80,159,0
189,81,158,0
189,82,157,0
189,83,156,0
189,84,155,0
189,85,154,0
189,86,153,0
189,87,152,0
189,88,151,0
189,89,150,0
189,90,149,0
189,91,148,0
189,92,147,0
189,93,146,0
189,94,145,0
189,95,144,0
189,96,143,0
189,97,142,0
189,98,141,0
189,99,140,0
189,100,139,0
189,101,138,0
189,102,137,0
189,103,136,0
189,104,135,0
189,105,134,0
189,106,133,0
189,107,132,0
189,108,131,0
189,109,130,0
189,110,129,0
189,111,128,0
189,112,127,0
189,113,126,0
189,114,125,0
189,115,124,0
189,116,123,0
189,117,122,0
189,118,121,0
189,119,120,0
189,120,119,0
189,121,118,0
189,122,117,0
189,123,116,0
189,124,115,0
189,125,114,0
189,126,113,0
189,127,112,0
189,128,111,0
189,129,110,0
189,130,109,0
189,131,108,0
189,132,107,0
189,133,106,0
189,134,105,0
189,135,104,0
189,136,103,0
189,137,102,0
189,138,101,0
189,139,100,0
189,140,99,0
189,141,98,0
189,142,97,0
189,143,96,0
189,144,95,0
189,145,94,0
189,146,93,0
189,147,92,0
189,148,91,0
189,149,90,0
189,150,89,0
189,151,88,0
189,152,87,0
189,153,86,0
189,154,85,0
189,155,84,0
189,156,83,0
189,157,82,0
189,158,81,0
189,159,80,0
189,160,79,0
189,161,78,0
189,162,77,0
189,163,76,0
189,164,75,0
189,165,74,0
189,166,73,0
189,167,72,0
189,168,71,0
189,169,70,0
189,170,69,0
189,171,68,0
189,172,67,0
189,173,66,0
189,174,65,0
189,175,64,0
189,176,63,0
189,177,62,0
189,178,61,0
189,179,60,0
189,180,59,0
189,181,58,0
189,182,57,0
189,183,56,0
189,184,55,0
189,185,54,0
189,186,53,0
189,187,52,0
189,188,51,0
189,189,50,0
189,190,49,0
189,191,48,0
189,192,47,0
189,193,46,0
189,194,45,0
189,195,44,0
189,196,43,0
189,197,42,0
189,198,41,0
189,199,40,0
189,200,39,0
189,201,38,0
189,202,37,0
189,203,36,0
189,204,35,0
189,205,34,0
189,206,33,0
189,207,32,0
189,208,31,0
189,209,30,0
189,210,29,0
189,211,28,0
189,212,27,0
189,213,26,0
189,214,25,0
189,215,24,0
189,216,23,0
189,217,22,0
189,218,21,0
189,219,20,0
189,220,19,0
189,221,18,0
189,222,17,0
189,223,16,0
189,224,15,0
189,225,14,0
189,226,13,0
189,227,12,0
189,228,11,0
189,229,10,0
189,230,9,0
189,231,8,0
189,232,7,0
189,233,6,0
189,234,5,0
189,235,4,0
189,236,3,0
189,237,2,0
189,238,1,0
189,239,0,0
190,31,350,0
190,32,349,0
190,33,348,0
190,34,347,0
190,35,346,0
190,36,345,0
190,37,344,0
190,38,343,0
190,39,342,0
190,40,341,0
190,41,340,0
190,42,339,0
190,43,338,0
190,44,337,0
190,45,336,0
190,46,335,0
190,47,334,0
190,48,333,0
190,49,332,0
190,50,331,0
190,51,330,0
190,52,329,0
190,53,328,0
190,54,327,0
190,55,326,0
190,56,325,0
190,57,324,0
190,58,323,0
190,59,322,0
190,60,321,0
190,61,320,0
190,62,319,0
190,63,318,0
190,64,317,0
190,65,316,0
190,66,315,0
190,67,314,0
190,68,313,0
190,69,312,0
190,70,311,0
190,71,310,0
190,72,309,0
190,73,308,0
190,74,307,0
190,75,306,0
190,76,305,0
190,77,304,0
190,78,303,0
190,79,302,0
190,80,301,0
190,81,300,0
190,82,299,0
190,83,298,0
190,84,297,0
190,85,296,0
190,86,295,0
190,87,294,0
190,88,293,0
190,89,292,0
190,90,291,0
190,91,290,0
190,92,289,0
190,93,288,0
190,94,287,0
190,95,286,0
190,96,285,0
190,97,284,0
190,98,283,0
190,99,282,0
190,100,281,0
190,101,280,0
190,102,279,0
190,103,278,0
190,104,277,0
190,105,276,0
190,106,275,0
190,107,274,0
190,108,273,0
190,109,272,0
190,110,271,0
190,111,270,0
190,112,269,0
190,113,268,0
190,114,267,0
190,115,266,0
190,116,265,0
190,117,264,0
190,118,263,0
190,119,262,0
190,120,261,0
190,121,260,0
190,122,259,0
190,123,258,0
190,124,257,0
190,125,256,0
190,126,255,0
190,127,254,0
190,128,253,0
190,129,252,0
190,130,251,0
190,131,250,0
190,132,249,0
190,133,248,0
190,134,247,0
190,135,246,0
190,136,245,0
190,137,244,0
190,138,243,0
190,139,242,0
190,140,241,-1
190,141,240,0
190,142,239,0
190,143,238,0
190,144,237,0
190,145,236,0
190,146,235,0
190,147,234,0
190,148,233,0
190,149,232,0
190,150,231,0
190,151,230,0
190,152,229,-1
190,153,228,0
190,154,227,0
190,155,226,0
190,156,225,0
190,157,224,0
190,158,223,0
190,159,222,0
190,160,221,-1
190,161,220,0
190,162,219,0
190,163,218,0
190,164,217,0
190,165,216,0
190,166,215,0
190,167,214,0
190,168,213,0
190,169,212,0
190,170,211,0
190,171,210,0
190,172,209,0
190,173,208,0
190,174,207,0
190,175,206,0
190,176,205,0
190,177,204,0
190,178,203,0
190,179,202,0
190,180,201,0
190,181,200,0
190,182,199,0
190,183,198,0
190,184,197,0
190,185,196,0
190,186,195,0
190,187,194,0
190,188,193,0
190,189,192,0
190,190,191,0
190,191,190,0
190,192,189,0
190,193,188,0
190,194,187,0
190,195,186,0
190,196,185,0
190,197,184,0
190,198,183,0
190,199,182,0
190,200,181,0
190,201,180,0
190,202,179,0
190,203,178,0
190,204,177,0
190,205,176,0
190,206,175,0
190,207,174,0
190,208,173,0
190,209,172,0
190,210,171,0
190,211,170,0
190,212,169,0
190,213,168,0
190,214,167,0
190,215,166,0
190,216,165,0
190,217,164,0
190,218,163,0
190,219,162,0
190,220,161,0
190,221,160,0
190,222,159,0
190,223,158,0
190,224,157,0
190,225,156,0
190,226,155,0
190,227,154,0
190,228,153,0
190,229,152,0
190,230,151,0
190,231,150,0
190,232,149,0
190,233,148,0
190,234,147,0
190,235,146,0
190,236,145,0
190,237,144,0
190,238,143,0
190,239,142,0
190,240,141,0
190,241,140,0
190,242,139,0
190,243,138,0
190,244,137,0
190,245,136,0
190,246,135,0
190,247,134,0
190,248,133,0
190,249,132,0
190,250,131,0
190,251,130,0
190,252,129,0
190,253,128,0
190,254,127,0
190,255,126,0
190,256,125,0
190,257,124,0
190,258,123,0
190,259,122,0
190,260,121,0
190,261,120,0
190,262,119,0
190,263,118,0
190,264,117,0
190,265,116,0
190,266,115,0
190,267,114,0
190,268,113,0
190,269,112,0
190,270,111,0
190,271,110,0
190,272,109,0
190,273,108,0
190,274,107,0
190,275,106,0
190,276,105,0
190,277,104,0
190,278,103,0
190,279,102,0
190,280,101,0
190,281,100,0
190,282,99,0
190,283,98,0
190,284,97,0
190,285,96,0
190,286,95,0
190,287,94,0
190,288,93,0
190,289,92,0
190,290,91,0
190,291,90,0
190,292,89,0
190,293,88,0
190,294,87,0
190,295,86,0
190,296,85,0
190,297,84,0
190,298,83,0
190,299,82,0
190,300,81,0
190,301,80,0
190,302,79,0
190,303,78,0
190,304,77,0
190,305,76,0
190,306,75,0
190,307,74,0
190,308,73,0
190,309,72,0
190,310,71,0
190,311,70,0
190,312,69,0
190,313,68,0
190,314,67,0
190,315,66,0
190,316,65,0
190,317,64,0
190,318,63,0
190,319,62,0
190,320,61,0
190,321,60,0
190,322,59,0
190,323,58,0
190,324,57,0
190,325,56,0
190,326,55,0
190,327,54,0
190,328,53,0
190,329,52,0
190,330,51,0
190,331,50,0
190,332,49,0
190,333,48,0
190,334,47,0
190,335,46,0
190,336,45,0
190,337,44,0
190,338,43,0
190,339,42,0
190,340,41,0
190,341,40,0
190,342,39,0
190,343,38,0
190,344,37,0
190,345,36,0
190,346,35,0
190,347,34,0
190,348,33,0
190,349,32,0
190,350,31,0
190,351,30,0
190,352,29,0
190,353,28,0
190,354,27,0
190,355,26,0
190,356,25,0
190,357,24,0
190,358,23,0
190,359,22,0
190,360,21,0
190,361,20,0
190,362,19,0
190,363,18,0
190,364,17,0
190,365,16,0
190,366,15,0
190,367,14,0
190,368,13,0
190,369,12,0
190,370,11,0
190,371,10,0
190,372,9,0
190,373,8,0
190,374,7,0
190,375,6,0
190,376,5,0
190,377,4,0
190,378,3,0
190,379,2,0
190,380,1,0
190,381,0,0
191,31,266,0
191,32,265,0
191,33,264,0
191,34,263,0
191,35,262,0
191,36,261,0
191,37,260,0
191,38,259,0
191,39,258,0
191,40,257,0
191,41,256,0
191,42,255,0
191,43,254,0
191,44,253,0
191,45,252,0
191,46,251,0
191,47,250,0
191,48,249,0
191,49,248,0
191,50,247,0
191,51,246,0
191,52,245,0
191,53,244,0
191,54,243,0
191,55,242,0
191,56,241,0
191,57,240,0
191,58,239,0
191,59,238,0
191,60,237,0
191,61,236,0
191,62,235,0
191,63,234,0
191,64,233,0
191,65,232,0
191,66,231,0
191,67,230,0
191,68,229,0
191,69,228,0
191,70,227,0
191,71,226,0
191,72,225,0
191,73,224,0
191,74,223,0
191,75,222,0
191,76,221,0
191,77,220,0
191,78,219,0
191,79,218,0
191,80,217,0
191,81,216,0
191,82,215,0
191,83,214,0
191,84,213,0
191,85,212,0
191,86,211,0
191,87,210,0
191,88,209,0
191,89,208,0
191,90,207,0
191,91,206,0
191,92,205,0
191,93,204,0
191,94,203,0
191,95,202,0
191,96,201,0
191,97,200,0
191,98,199,0
191,99,198,0
191,100,197,0
191,101,196,0
191,102,195,0
191,103,194,0
191,104,193,0
191,105,192,0
191,106,191,0
191,107,190,0
191,108,189,0
191,109,188,0
191,110,187,0
191,111,186,0
191,112,185,0
191,113,184,0
191,114,183,0
191,115,182,0
191,116,181,0
191,117,180,0
191,118,179,0
191,119,178,0
191,120,177,0
191,121,176,0
191,122,175,0
191,123,174,0
191,124,173,0
191,125,172,0
191,126,171,0
191,127,170,0
191,128,169,0
191,129,168,0
191,130,167,0
191,131,166,0
191,132,165,0
191,133,164,0
191,134,163,0
191,135,162,0
191,136,161,0
191,137,160,0
191,138,159,0
191,139,158,0
191,140,157,0
191,141,156,0
191,142,155,0
191,143,154,0
191,144,153,0
191,145,152,0
191,146,151,0
191,147,150,0
191,148,149,0
191,149,148,0
191,150,147,0
191,151,146,0
191,152,145,0
191,153,144,0
191,154,143,0
191,155,142,0
191,156,141,0
191,157,140,0
191,158,139,0
191,159,138,0
191,160,137,0
191,161,136,0
191,162,135,0
191,163,134,0
191,164,133,0
191,165,132,0
191,166,131,0
191,167,130,0
191,168,129,0
191,169,128,0
191,170,127,0
191,171,126,0
191,172,125,0
191,173,124,0
191,174,123,0
191,175,122,0
191,176,121,0
191,177,120,0
191,178,119,0
191,179,118,0
191,180,117,0
191,181,116,0
191,182,115,0
191,183,114,0
191,184,113,0
191,185,112,0
191,186,111,0
191,187,110,0
191,188,109,0
191,189,108,0
191,190,107,0
191,191,106,0
191,192,105,0
191,193,104,0
191,194,103,0
191,195,102,0
191,196,101,0
191,197,100,0
191,198,99,0
191,199,98,0
191,200,97,0
191,201,96,0
191,202,95,0
191,203,94,0
191,204,93,0
191,205,92,0
191,206,91,0
191,207,90,0
191,208,89,0
191,209,88,0
191,210,87,0
191,211,86,0
191,212,85,0
191,213,84,0
191,214,83,0
191,215,82,0
191,216,81,0
191,217,80,0
191,218,79,0
191,219,78,0
191,220,77,0
191,221,76,0
191,222,75,0
191,223,74,0
191,224,73,0
191,225,72,0
191,226,71,0
191,227,70,0
191,228,69,0
191,229,68,0
191,230,67,0
191,231,66,0
191,232,65,0
191,233,64,0
191,234,63,0
191,235,62,0
191,236,61,0
191,237,60,0
191,238,59,0
191,239,58,0
191,240,57,0
191,241,56,0
191,242,55,0
191,243,54,0
191,244,53,0
191,245,52,0
191,246,51,0
191,247,50,0
191,248,49,0
191,249,48,0
191,250,47,0
191,251,46,0
191,252,45,0
191,253,44,0
191,254,43,0
191,255,42,0
191,256,41,0
191,257,40,0
191,258,39,0
191,259,38,0
191,260,37,0
191,261,36,0
191,262,35,0
191,263,34,0
191,264,33,0
191,265,32,0
191,266,31,0
191,267,30,0
191,268,29,0
191,269,28,0
191,270,27,0
191,271,26,0
191,272,25,0
191,273,24,0
191,274,23,0
191,275,22,0
191,276,21,0
191,277,20,0
191,278,19,0
191,279,18,0
191,280,17,0
191,281,16,0
191,282,15,0
191,283,14,0
191,284,13,0
191,285,12,0
191,286,11,0
191,287,10,0
191,288,9,0
191,289,8,0
191,290,7,0
191,291,6,0
191,292,5,0
191,293,4,0
191,294,3,0
191,295,2,0
191,296,1,0
191,297,0,0
192,31,159,0
192,32,158,0
192,33,157,0
192,34,156,0
192,35,155,0
192,36,154,0
192,37,153,0
192,38,152,0
192,39,151,0
192,40,150,0
192,41,149,0
192,42,148,0
192,43,147,0
192,44,146,0
192,45,145,0
192,46,144,0
192,47,143,0
192,48,142,0
192,49,141,0
192,50,140,0
192,51,139,0
192,52,138,0
192,53,137,0
192,54,136,0
192,55,135,0
192,56,134,0
192,57,133,0
192,58,132,0
192,59,131,0
192,60,130,0
192,61,129,0
192,62,128,0
192,63,127,0
192,64,126,0
192,65,125,0
192,66,124,0
192,67,123,0
192,68,122,0
192,69,121,0
192,70,120,0
192,71,119,0
192,72,118,0
192,73,117,0
192,74,116,0
192,75,115,0
192,76,114,0
192,77,113,0
192,78,112,0
192,79,111,0
192,80,110,0
192,81,109,0
192,82,108,0
192,83,107,0
192,84,106,0
192,85,105,0
192,86,104,0
192,87,103,0
192,88,102,0
192,89,101,0
192,90,100,0
192,91,99,0
192,92,98,0
192,93,97,0
192,94,96,0
192,95,95,0
192,96,94,0
192,97,93,0
192,98,92,0
192,99,91,0
192,100,90,0
192,101,89,0
192,102,88,0
192,103,87,0
192,104,86,0
192,105,85,0
192,106,84,0
192,107,83,0
192,108,82,0
192,109,81,0
192,110,80,0
192,111,79,0
192,112,78,0
192,113,77,0
192,114,76,0
192,115,75,0
192,116,74,0
192,117,73,0
192,118,72,0
192,119,71,0
192,120,70,0
192,121,69,0
192,122,68,0
192,123,67,0
192,124,66,0
192,125,65,0
192,126,64,0
192,127,63,0
192,128,62,0
192,129,61,0
192,130,60,0
192,131,59,0
192,132,58,0
192,133,57,0
192,134,56,0
192,135,55,0
192,136,54,0
192,137,53,0
192,138,52,0
192,139,51,0
192,140,50,0
192,141,49,0
192,142,48,0
192,143,47,0
192,144,46,0
192,145,45,0
192,146,44,0
192,147,43,0
192,148,42,0
192,149,41,0
192,150,40,0
192,151,39,0
192,152,38,0
192,153,37,0
192,154,36,0
192,155,35,0
192,156,34,0
192,157,33,0
192,158,32,0
192,159,31,0
192,160,30,0
192,161,29,0
192,162,28,0
192,163,27,0
192,164,26,0
192,165,25,0
192,166,24,0
192,167,23,0
192,168,22,0
192,169,21,0
192,170,20,0
192,171,19,0
192,172,18,0
192,173,17,0
192,174,16,0
192,175,15,0
192,176,14,0
192,177,13,0
192,178,12,0
192,179,11,0
192,180,10,0
192,181,9,0
192,182,8,0
192,183,7,0
192,184,6,0
192,185,5,0
192,186,4,0
192,187,3,0
192,188,2,0
192,189,1,0
192,190,0,0
193,31,166,0
193,32,165,0
193,33,164,0
193,34,163,0
193,35,162,0
193,36,161,0
193,37,160,0
193,38,159,0
193,39,158,0
193,40,157,0
193,41,156,0
193,42,155,0
193,43,154,0
193,44,153,0
193,45,152,0
193,46,151,0
193,47,150,0
193,48,149,0
193,49,148,0
193,50,147,0
193,51,146,0
193,52,145,0
193,53,144,0
193,54,143,0
193,55,142,0
193,56,141,0
193,57,140,0
193,58,139,0
193,59,138,0
193,60,137,0
193,61,136,0
193,62,135,0
193,63,134,0
193,64,133,0
193,65,132,0
193,66,131,0
193,67,130,0
193,68,129,0
193,69,128,0
193,70,127,0
193,71,126,0
193,72,125,0
193,73,124,0
193,74,123,0
193,75,122,0
193,76,121,0
193,77,120,0
193,78,119,0
193,79,118,0
193,80,117,0
193,81,116,0
193,82,115,0
193,83,114,0
193,84,113,0
193,85,112,0
193,86,111,0
193,87,110,0
193,88,109,0
193,89,108,0
193,90,107,0
193,91,106,0
193,92,105,0
193,93,104,0
193,94,103,0
193,95,102,0
193,96,101,0
193,97,100,0
193,98,99,0
193,99,98,0
193,100,97,0
193,101,96,0
193,102,95,0
193,103,94,0
193,104,93,0
193,105,92,0
193,106,91,0
193,107,90,0
193,108,89,0
193,109,88,0
193,110,87,0
193,111,86,0
193,112,85,0
193,113,84,0
193,114,83,0
193,115,82,0
193,116,81,0
193,117,80,0
193,118,79,0
193,119,78,0
193,120,77,0
193,121,76,0
193,122,75,0
193,123,74,0
193,124,73,0
193,125,72,0
193,126,71,0
193,127,70,0
193,128,69,0
193,129,68,0
193,130,67,0
193,131,66,0
193,132,65,0
193,133,64,0
193,134,63,0
193,135,62,0
193,136,61,0
193,137,60,0
193,138,59,0
193,139,58,0
193,140,57,0
193,141,56,0
193,142,55,0
193,143,54,0
193,144,53,0
193,145,52,0
193,146,51,0
193,147,50,0
193,148,49,0
193,149,48,0
193,150,47,0
193,151,46,0
193,152,45,0
193,153,44,0
193,154,43,0
193,155,42,0
193,156,41,0
193,157,40,0
193,158,39,0
193,159,38,0
193,160,37,0
193,161,36,0
193,162,35,0
193,163,34,0
193,164,33,0
193,165,32,0
193,166,31,0
193,167,30,0
193,168,29,0
193,169,28,0
193,170,27,0
193,171,26,0
193,172,25,0
193,173,24,0
193,174,23,0
193,175,22,0
193,176,21,0
193,177,20,0
193,178,19,0
193,179,18,0
193,180,17,0
193,181,16,0
193,182,15,0
193,183,14,0
193,184,13,0
193,185,12,0
193,186,11,0
193,187,10,0
193,188,9,0
193,189,8,0
193,190,7,0
193,191,6,0
193,192,5,-1
193,193,4,-1
193,194,3,-1
193,195,2,-1
193,196,1,-1
193,197,0,-1
194,31,114,0
194,32,113,0
194,33,112,0
194,34,111,0
194,35,110,0
194,36,109,0
194,37,108,0
194,38,107,0
194,39,106,0
194,40,105,0
194,41,104,0
194,42,103,0
194,43,102,0
194,44,101,0
194,45,100,0
194,46,99,0
194,47,98,0
194,48,97,0
194,49,96,0
194,50,95,0
194,51,94,0
194,52,93,0
194,53,92,0
194,54,91,0
194,55,90,0
194,56,89,0
194,57,88,0
194,58,87,0
194,59,86,0
194,60,85,0
194,61,84,0
194,62,83,0
194,63,82,0
194,64,81,0
194,65,80,0
194,66,79,0
194,67,78,0
194,68,77,0
194,69,76,0
194,70,75,0
194,71,74,0
194,72,73,0
194,73,72,0
194,74,71,0
194,75,70,0
194,76,69,0
194,77,68,0
194,78,67,0
194,79,66,0
194,80,65,0
194,81,64,0
194,82,63,0
194,83,62,0
194,84,61,0
194,85,60,0
194,86,59,0
194,87,58,0
194,88,57,0
194,89,56,0
194,90,55,0
194,91,54,0
194,92,53,0
194,93,52,0
194,94,51,0
194,95,50,0
194,96,49,0
194,97,48,0
194,98,47,0
194,99,46,0
194,100,45,0
194,101,44,0
194,102,43,0
194,103,42,0
194,104,41,0
194,105,40,0
194,106,39,0
194,107,38,0
194,108,37,0
194,109,36,0
194,110,35,0
194,111,34,0
194,112,33,0
194,113,32,0
194,114,31,0
194,115,30,0
194,116,29,0
194,117,28,0
194,118,27,0
194,119,26,0
194,120,25,0
194,121,24,0
194,122,23,0
194,123,22,0
194,124,21,0
194,125,20,0
194,126,19,0
194,127,18,0
194,128,17,0
194,129,16,0
194,130,15,0
194,131,14,0
194,132,13,0
194,133,12,0
194,134,11,0
194,135,10,0
194,136,9,0
194,137,8,0
194,138,7,0
194,139,6,0
194,140,5,0
194,141,4,0
194,142,3,0
194,143,2,0
194,144,1,0
194,145,0,0
195,31,128,0
195,32,127,0
195,33,126,0
195,34,125,0
195,35,124,0
195,36,123,0
195,37,122,0
195,38,121,0
195,39,120,0
195,40,119,0
195,41,118,0
195,42,117,0
195,43,116,0
195,44,115,0
195,45,114,0
195,46,113,0
195,47,112,0
195,48,111,0
195,49,110,0
195,50,109,0
195,51,108,0
195,52,107,0
195,53,106,0
195,54,105,0
195,55,104,0
195,56,103,0
195,57,102,0
195,58,101,0
195,59,100,0
195,60,99,0
195,61,98,0
195,62,97,0
195,63,96,0
195,64,95,0
195,65,94,0
195,66,93,0
195,67,92,0
195,68,91,0
195,69,90,0
195,70,89,0
195,71,88,0
195,72,87,0
195,73,86,0
195,74,85,0
195,75,84,0
195,76,83,0
195,77,82,0
195,78,81,0
195,79,80,0
195,80,79,0
195,81,78,0
195,82,77,0
195,83,76,0
195,84,75,0
195,85,74,0
195,86,73,0
195,87,72,0
195,88,71,0
195,89,70,0
195,90,69,0
195,91,68,0
195,92,67,0
195,93,66,0
195,94,65,0
195,95,64,0
195,96,63,0
195,97,62,0
195,98,61,0
195,99,60,0
195,100,59,0
195,101,58,0
195,102,57,0
195,103,56,0
195,104,55,0
195,105,54,0
195,106,53,0
195,107,52,0
195,108,51,0
195,109,50,0
195,110,49,0
195,111,48,0
195,112,47,0
195,113,46,0
195,114,45,0
195,115,44,0
195,116,43,0
195,117,42,0
195,118,41,0
195,119,40,0
195,120,39,0
195,121,38,0
195,122,37,0
195,123,36,0
195,124,35,0
195,125,34,0
195,126,33,0
195,127,32,0
195,128,31,0
195,129,30,0
195,130,29,0
195,131,28,0
195,132,27,0
195,133,26,0
195,134,25,0
195,135,24,0
195,136,23,0
195,137,22,0
195,138,21,0
195,139,20,0
195,140,19,0
195,141,18,0
195,142,17,0
195,143,16,0
195,144,15,0
195,145,14,0
195,146,13,0
195,147,12,0
195,148,11,0
195,149,10,0
195,150,9,0
195,151,8,0
195,152,7,0
195,153,6,0
195,154,5,0
195,155,4,0
195,156,3,0
195,157,2,0
195,158,1,0
195,159,0,0
196,31,143,0
196,32,142,0
196,33,141,0
196,34,140,0
196,35,139,0
196,36,138,0
196,37,137,0
196,38,136,0
196,39,135,0
196,40,134,0
196,41,133,0
196,42,132,0
196,43,131,0
196,44,130,0
196,45,129,0
196,46,128,0
196,47,127,0
196,48,126,0
196,49,125,0
196,50,124,0
196,51,123,0
196,52,122,0
196,53,121,0
196,54,120,0
196,55,119,0
196,56,118,0
196,57,117,0
196,58,116,0
196,59,115,0
196,60,114,0
196,61,113,0
196,62,112,0
196,63,111,0
196,64,110,0
196,65,109,0
196,66,108,0
196,67,107,0
196,68,106,0
196,69,105,0
196,70,104,0
196,71,103,0
196,72,102,0
196,73,101,0
196,74,100,0
196,75,99,0
196,76,98,0
196,77,97,0
196,78,96,0
196,79,95,0
196,80,94,0
196,81,93,0
196,82,92,0
196,83,91,0
196,84,90,0
196,85,89,0
196,86,88,0
196,87,87,0
196,88,86,0
196,89,85,0
196,90,84,0
196,91,83,0
196,92,82,0
196,93,81,0
196,94,80,0
196,95,79,0
196,96,78,0
196,97,77,0
196,98,76,0
196,99,75,0
196,100,74,0
196,101,73,0
196,102,72,0
196,103,71,0
196,104,70,0
196,105,69,0
196,106,68,0
196,107,67,0
196,108,66,0
196,109,65,0
196,110,64,0
196,111,63,0
196,112,62,0
196,113,61,0
196,114,60,0
196,115,59,0
196,116,58,0
196,117,57,0
196,118,56,0
196,119,55,0
196,120,54,0
196,121,53,0
196,122,52,0
196,123,51,0
196,124,50,0
196,125,49,0
196,126,48,0
196,127,47,0
196,128,46,0
196,129,45,0
196,130,44,0
196,131,43,0
196,132,42,0
196,133,41,0
196,134,40,0
196,135,39,0
196,136,38,0
196,137,37,0
196,138,36,0
196,139,35,0
196,140,34,0
196,141,33,0
196,142,32,0
196,143,31,0
196,144,30,0
196,145,29,0
196,146,28,0
196,147,27,0
196,148,26,0
196,149,25,0
196,150,24,-1
196,151,23,-1
196,152,22,-1
196,153,21,0
196,154,20,0
196,155,19,0
196,156,18,-1
196,157,17,0
196,158,16,0
196,159,15,0
196,160,14,0
196,161,13,0
196,162,12,-1
196,163,11,-1
196,164,10,0
196,165,9,-1
196,166,8,-1
196,167,7,-1
196,168,6,-1
196,169,5,-1
196,170,4,-1
196,171,3,-1
196,172,2,-1
196,173,1,-1
196,174,0,-1
197,31,139,0
197,32,138,0
197,33,137,0
197,34,136,0
197,35,135,0
197,36,134,0
197,37,133,0
197,38,132,0
197,39,131,0
197,40,130,0
197,41,129,0
197,42,128,0
197,43,127,0
197,44,126,0
197,45,125,0
197,46,124,0
197,47,123,0
197,48,122,0
197,49,121,0
197,50,120,0
197,51,119,0
197,52,118,0
197,53,117,0
197,54,116,0
197,55,115,0
197,56,114,0
197,57,113,0
197,58,112,0
197,59,111,0
197,60,110,0
197,61,109,0
197,62,108,0
197,63,107,0
197,64,106,0
197,65,105,0
197,66,104,0
197,67,103,0
197,68,102,0
197,69,101,0
197,70,100,0
197,71,99,0
197,72,98,0
197,73,97,0
197,74,96,0
197,75,95,0
197,76,94,0
197,77,93,0
197,78,92,0
197,79,91,0
197,80,90,0
197,81,89,0
197,82,88,0
197,83,87,0
197,84,86,0
197,85,85,0
197,86,84,0
197,87,83,0
197,88,82,0
197,89,81,0
197,90,80,0
197,91,79,0
197,92,78,0
197,93,77,0
197,94,76,0
197,95,75,0
197,96,74,0
197,97,73,0
197,98,72,0
197,99,71,0
197,100,70,0
197,101,69,0
197,102,68,0
197,103,67,0
197,104,66,0
197,105,65,0
197,106,64,0
197,107,63,0
197,108,62,0
197,109,61,0
197,110,60,0
197,111,59,0
197,112,58,0
197,113,57,0
197,114,56,0
197,115,55,0
197,116,54,0
197,117,53,0
197,118,52,0
197,119,51,0
197,120,50,0
197,121,49,0
197,122,48,0
197,123,47,0
197,124,46,0
197,125,45,0
197,126,44,0
197,127,43,0
197,128,42,0
197,129,41,0
197,130,40,0
197,131,39,0
197,132,38,0
197,133,37,0
197,134,36,0
197,135,35,0
197,136,34,0
197,137,33,0
197,138,32,0
197,139,31,0
197,140,30,0
197,141,29,0
197,142,28,0
197,143,27,0
197,144,26,0
197,145,25,0
197,146,24,0
197,147,23,0
197,148,22,0
197,149,21,0
197,150,20,0
197,151,19,0
197,152,18,0
197,153,17,0
197,154,16,0
197,155,15,0
197,156,14,0
197,157,13,0
197,158,12,0
197,159,11,0
197,160,10,0
197,161,9,0
197,162,8,0
197,163,7,0
197,164,6,0
197,165,5,0
197,166,4,0
197,167,3,0
197,168,2,0
197,169,1,0
197,170,0,0
198,31,133,0
198,32,132,0
198,33,131,0
198,34,130,0
198,35,129,0
198,36,128,0
198,37,127,0
198,38,126,0
198,39,125,0
198,40,124,0
198,41,123,0
198,42,122,0
198,43,121,0
198,44,120,0
198,45,119,0
198,46,118,0
198,47,117,0
198,48,116,0
198,49,115,0
198,50,114,0
198,51,113,0
198,52,112,0
198,53,111,0
198,54,110,0
198,55,109,0
198,56,108,0
198,57,107,0
198,58,106,0
198,59,105,0
198,60,104,0
198,61,103,0
198,62,102,0
198,63,101,0
198,64,100,0
198,65,99,0
198,66,98,0
198,67,97,0
198,68,96,0
198,69,95,0
198,70,94,0
198,71,93,0
198,72,92,0
198,73,91,0
198,74,90,0
198,75,89,0
198,76,88,0
198,77,87,0
198,78,86,0
198,79,85,0
198,80,84,0
198,81,83,0
198,82,82,0
198,83,81,0
198,84,80,0
198,85,79,0
198,86,78,0
198,87,77,0
198,88,76,0
198,89,75,0
198,90,74,0
198,91,73,0
198,92,72,0
198,93,71,0
198,94,70,0
198,95,69,0
198,96,68,0
198,97,67,0
198,98,66,0
198,99,65,0
198,100,64,0
198,101,63,0
198,102,62,0
198,103,61,0
198,104,60,0
198,105,59,0
198,106,58,0
198,107,57,0
198,108,56,0
198,109,55,0
198,110,54,0
198,111,53,0
198,112,52,0
198,113,51,0
198,114,50,0
198,115,49,0
198,116,48,0
198,117,47,0
198,118,46,0
198,119,45,0
198,120,44,0
198,121,43,0
198,122,42,0
198,123,41,0
198,124,40,0
198,125,39,0
198,126,38,0
198,127,37,0
198,128,36,0
198,129,35,0
198,130,34,0
198,131,33,0
198,132,32,0
198,133,31,0
198,134,30,0
198,135,29,0
198,136,28,0
198,137,27,0
198,138,26,0
198,139,25,0
198,140,24,0
198,141,23,0
198,142,22,0
198,143,21,0
198,144,20,0
198,145,19,0
198,146,18,0
198,147,17,0
198,148,16,0
198,149,15,0
198,150,14,0
198,151,13,0
198,152,12,0
198,153,11,0
198,154,10,0
198,155,9,0
198,156,8,0
198,157,7,0
198,158,6,0
198,159,5,0
198,160,4,0
198,161,3,0
198,162,2,0
198,163,1,0
198,164,0,0
199,31,145,0
199,32,144,0
199,33,143,0
199,34,142,0
199,35,141,0
199,36,140,0
199,37,139,0
199,38,138,0
199,39,137,0
199,40,136,0
199,41,135,0
199,42,134,0
199,43,133,0
199,44,132,0
199,45,131,0
199,46,130,0
199,47,129,0
199,48,128,0
199,49,127,0
199,50,126,0
199,51,125,0
199,52,124,0
199,53,123,0
199,54,122,0
199,55,121,0
199,56,120,0
199,57,119,0
199,58,118,0
199,59,117,0
199,60,116,0
199,61,115,0
199,62,114,0
199,63,113,0
199,64,112,0
199,65,111,0
199,66,110,0
199,67,109,0
199,68,108,0
199,69,107,0
199,70,106,0
199,71,105,0
199,72,104,0
199,73,103,0
199,74,102,0
199,75,101,0
199,76,100,0
199,77,99,0
199,78,98,0
199,79,97,0
199,80,96,0
199,81,95,0
199,82,94,0
199,83,93,0
199,84,92,0
199,85,91,0
199,86,90,0
199,87,89,0
199,88,88,0
199,89,87,0
199,90,86,0
199,91,85,0
199,92,84,0
199,93,83,0
199,94,82,0
199,95,81,0
199,96,80,0
199,97,79,0
199,98,78,0
199,99,77,0
199,100,76,0
199,101,75,0
199,102,74,0
199,103,73,0
199,104,72,0
199,105,71,0
199,106,70,0
199,107,69,0
199,108,68,0
199,109,67,0
199,110,66,0
199,111,65,0
199,112,64,0
199,113,63,0
199,114,62,0
199,115,61,0
199,116,60,0
199,117,59,0
199,118,58,0
199,119,57,0
199,120,56,0
199,121,55,0
199,122,54,0
199,123,53,0
199,124,52,0
199,125,51,0
199,126,50,0
199,127,49,0
199,128,48,0
199,129,47,0
199,130,46,0
199,131,45,0
199,132,44,0
199,133,43,0
199,134,42,0
199,135,41,0
199,136,40,0
199,137,39,0
199,138,38,0
199,139,37,0
199,140,36,0
199,141,35,0
199,142,34,0
199,143,33,0
199,144,32,0
199,145,31,0
199,146,30,0
199,147,29,0
199,148,28,0
199,149,27,0
199,150,26,0
199,151,25,0
199,152,24,0
199,153,23,0
199,154,22,0
199,155,21,0
199,156,20,0
199,157,19,0
199,158,18,0
199,159,17,0
199,160,16,0
199,161,15,0
199,162,14,0
199,163,13,0
199,164,12,0
199,165,11,0
199,166,10,0
199,167,9,0
199,168,8,0
199,169,7,0
199,170,6,0
199,171,5,0
199,172,4,-1
199,173,3,-1
199,174,2,0
199,175,1,0
199,176,0,0
200,31,194,0
200,32,193,0
200,33,192,0
200,34,191,0
200,35,190,0
200,36,189,0
200,37,188,0
200,38,187,0
200,39,186,0
200,40,185,0
200,41,184,0
200,42,183,0
200,43,182,0
200,44,181,0
200,45,180,0
200,46,179,0
200,47,178,0
200,48,177,0
200,49,176,0
200,50,175,0
200,51,174,0
200,52,173,0
200,53,172,0
200,54,171,0
200,55,170,0
200,56,169,0
200,57,168,0
200,58,167,0
200,59,166,0
200,60,165,0
200,61,164,0
200,62,163,0
200,63,162,0
200,64,161,0
200,65,160,0
200,66,159,0
200,67,158,0
200,68,157,0
200,69,156,0
200,70,155,0
200,71,154,0
200,72,153,0
200,73,152,0
200,74,151,0
200,75,150,0
200,76,149,0
200,77,148,0
200,78,147,0
200,79,146,0
200,80,145,0
200,81,144,0
200,82,143,0
200,83,142,0
200,84,141,0
200,85,140,0
200,86,139,0
200,87,138,0
200,88,137,0
200,89,136,0
200,90,135,0
200,91,134,0
200,92,133,0
200,93,132,0
200,94,131,0
200,95,130,0
200,96,129,0
200,97,128,0
200,98,127,0
200,99,126,0
200,100,125,0
200,101,124,0
200,102,123,0
200,103,122,0
200,104,121,0
200,105,120,0
200,106,119,0
200,107,118,0
200,108,117,0
200,109,116,0
200,110,115,0
200,111,114,0
200,112,113,0
200,113,112,0
200,114,111,0
200,115,110,0
200,116,109,0
200,117,108,0
200,118,107,0
200,119,106,0
200,120,105,0
200,121,104,0
200,122,103,0
200,123,102,0
200,124,101,0
200,125,100,0
200,126,99,0
200,127,98,0
200,128,97,0
200,129,96,0
200,130,95,0
200,131,94,0
200,132,93,0
200,133,92,0
200,134,91,0
200,135,90,0
200,136,89,0
200,137,88,0
200,138,87,0
200,139,86,0
200,140,85,0
200,141,84,0
200,142,83,0
200,143,82,0
200,144,81,0
200,145,80,0
200,146,79,0
200,147,78,0
200,148,77,0
200,149,76,0
200,150,75,0
200,151,74,0
200,152,73,0
200,153,72,0
200,154,71,0
200,155,70,0
200,156,69,0
200,157,68,0
200,158,67,0
200,159,66,0
200,160,65,0
200,161,64,0
200,162,63,0
200,163,62,0
200,164,61,0
200,165,60,0
200,166,59,0
200,167,58,0
200,168,57,0
200,169,56,0
200,170,55,0
200,171,54,0
200,172,53,0
200,173,52,0
200,174,51,0
200,175,50,0
200,176,49,0
200,177,48,0
200,178,47,0
200,179,46,0
200,180,45,0
200,181,44,0
200,182,43,0
200,183,42,0
200,184,41,0
200,185,40,0
200,186,39,0
200,187,38,0
200,188,37,0
200,189,36,0
200,190,35,0
200,191,34,0
200,192,33,0
200,193,32,0
200,194,31,0
200,195,30,0
200,196,29,0
200,197,28,0
200,198,27,0
200,199,26,0
200,200,25,0
200,201,24,0
200,202,23,0
200,203,22,0
200,204,21,0
200,205,20,0
200,206,19,0
200,207,18,0
200,208,17,0
200,209,16,0
200,210,15,0
200,211,14,0
200,212,13,0
200,213,12,0
200,214,11,0
200,215,10,0
200,216,9,0
200,217,8,0
200,218,7,0
200,219,6,0
200,220,5,0
200,221,4,0
200,222,3,0
200,223,2,0
200,224,1,0
200,225,0,0
201,31,347,0
201,32,346,0
201,33,345,0
201,34,344,0
201,35,343,0
201,36,342,0
201,37,341,0
201,38,340,0
201,39,339,0
201,40,338,0
201,41,337,0
201,42,336,0
201,43,335,0
201,44,334,0
201,45,333,0
201,46,332,0
201,47,331,0
201,48,330,0
201,49,329,0
201,50,328,0
201,51,327,0
201,52,326,0
201,53,325,0
201,54,324,0
201,55,323,0
201,56,322,0
201,57,321,0
201,58,320,0
201,59,319,0
201,60,318,0
201,61,317,0
201,62,316,0
201,63,315,0
201,64,314,0
201,65,313,0
201,66,312,0
201,67,311,0
201,68,310,0
201,69,309,0
201,70,308,0
201,71,307,0
201,72,306,0
201,73,305,0
201,74,304,0
201,75,303,0
201,76,302,0
201,77,301,0
201,78,300,0
201,79,299,0
201,80,298,0
201,81,297,0
201,82,296,0
201,83,295,0
201,84,294,0
201,85,293,0
201,86,292,0
201,87,291,0
201,88,290,0
201,89,289,0
201,90,288,0
201,91,287,0
201,92,286,0
201,93,285,0
201,94,284,0
201,95,283,0
201,96,282,0
201,97,281,0
201,98,280,0
201,99,279,0
201,100,278,0
201,101,277,0
201,102,276,0
201,103,275,0
201,104,274,0
201,105,273,0
201,106,272,0
201,107,271,0
201,108,270,0
201,109,269,0
201,110,268,0
201,111,267,0
201,112,266,0
201,113,265,0
201,114,264,0
201,115,263,0
201,116,262,0
201,117,261,0
201,118,260,0
201,119,259,0
201,120,258,0
201,121,257,0
201,122,256,0
201,123,255,0
201,124,254,0
201,125,253,0
201,126,252,0
201,127,251,0
201,128,250,0
201,129,249,0
201,130,248,0
201,131,247,0
201,132,246,0
201,133,245,0
201,134,244,0
201,135,243,0
201,136,242,0
201,137,241,0
201,138,240,0
201,139,239,0
201,140,238,0
201,141,237,0
201,142,236,0
201,143,235,0
201,144,234,0
201,145,233,0
201,146,232,0
201,147,231,0
201,148,230,0
201,149,229,0
201,150,228,0
201,151,227,0
201,152,226,0
201,153,225,0
201,154,224,0
201,155,223,0
201,156,222,0
201,157,221,0
201,158,220,0
201,159,219,0
201,160,218,0
201,161,217,0
201,162,216,0
201,163,215,0
201,164,214,0
201,165,213,0
201,166,212,0
201,167,211,0
201,168,210,0
201,169,209,0
201,170,208,0
201,171,207,0
201,172,206,0
201,173,205,0
201,174,204,0
201,175,203,0
201,176,202,0
201,177,201,0
201,178,200,0
201,179,199,0
201,180,198,0
201,181,197,0
201,182,196,0
201,183,195,0
201,184,194,0
201,185,193,0
201,186,192,0
201,187,191,0
201,188,190,0
201,189,189,0
201,190,188,0
201,191,187,0
201,192,186,0
201,193,185,0
201,194,184,0
201,195,183,0
201,196,182,0
201,197,181,0
201,198,180,0
201,199,179,0
201,200,178,0
201,201,177,0
201,202,176,0
201,203,175,0
201,204,174,0
201,205,173,0
201,206,172,0
201,207,171,0
201,208,170,0
201,209,169,0
201,210,168,0
201,211,167,0
201,212,166,0
201,213,165,0
201,214,164,0
201,215,163,0
201,216,162,0
201,217,161,0
201,218,160,0
201,219,159,0
201,220,158,0
201,221,157,0
201,222,156,0
201,223,155,0
201,224,154,0
201,225,153,0
201,226,152,0
201,227,151,0
201,228,150,0
201,229,149,0
201,230,148,0
201,231,147,0
201,232,146,0
201,233,145,0
201,234,144,0
201,235,143,0
201,236,142,0
201,237,141,0
201,238,140,0
201,239,139,0
201,240,138,0
201,241,137,0
201,242,136,0
201,243,135,0
201,244,134,0
201,245,133,0
201,246,132,0
201,247,131,0
201,248,130,0
201,249,129,0
201,250,128,0
201,251,127,0
201,252,126,0
201,253,125,0
201,254,124,0
201,255,123,0
201,256,122,0
201,257,121,0
201,258,120,0
201,259,119,0
201,260,118,0
201,261,117,0
201,262,116,0
201,263,115,0
201,264,114,0
201,265,113,0
201,266,112,0
201,267,111,0
201,268,110,0
201,269,109,0
201,270,108,0
201,271,107,0
201,272,106,0
201,273,105,0
201,274,104,0
201,275,103,0
201,276,102,0
201,277,101,0
201,278,100,0
201,279,99,0
201,280,98,0
201,281,97,0
201,282,96,0
201,283,95,0
201,284,94,0
201,285,93,0
201,286,92,0
201,287,91,0
201,288,90,0
201,289,89,0
201,290,88,0
201,291,87,0
201,292,86,0
201,293,85,0
201,294,84,0
201,295,83,0
201,296,82,0
201,297,81,0
201,298,80,0
201,299,79,0
201,300,78,0
201,301,77,0
201,302,76,0
201,303,75,0
201,304,74,0
201,305,73,0
201,306,72,0
201,307,71,0
201,308,70,0
201,309,69,0
201,310,68,0
201,311,67,0
201,312,66,0
201,313,65,0
201,314,64,0
201,315,63,0
201,316,62,0
201,317,61,0
201,318,60,0
201,319,59,0
201,320,58,0
201,321,57,0
201,322,56,0
201,323,55,0
201,324,54,0
201,325,53,0
201,326,52,0
201,327,51,0
201,328,50,0
201,329,49,0
201,330,48,0
201,331,47,0
201,332,46,0
201,333,45,0
201,334,44,0
201,335,43,0
201,336,42,0
201,337,41,0
201,338,40,0
201,339,39,0
201,340,38,0
201,341,37,0
201,342,36,0
201,343,35,0
201,344,34,0
201,345,33,0
201,346,32,0
201,347,31,0
201,348,30,0
201,349,29,0
201,350,28,0
201,351,27,0
201,352,26,0
201,353,25,0
201,354,24,0
201,355,23,0
201,356,22,0
201,357,21,0
201,358,20,0
201,359,19,0
201,360,18,0
201,361,17,0
201,362,16,0
201,363,15,0
201,364,14,0
201,365,13,0
201,366,12,0
201,367,11,0
201,368,10,0
201,369,9,0
201,370,8,0
201,371,7,0
201,372,6,0
201,373,5,0
201,374,4,0
201,375,3,0
201,376,2,-1
201,377,1,0
201,378,0,0
202,31,210,0
202,32,209,0
202,33,208,0
202,34,207,0
202,35,206,0
202,36,205,0
202,37,204,0
202,38,203,0
202,39,202,0
202,40,201,0
202,41,200,0
202,42,199,0
202,43,198,0
202,44,197,0
202,45,196,0
202,46,195,0
202,47,194,0
202,48,193,0
202,49,192,0
202,50,191,0
202,51,190,0
202,52,189,0
202,53,188,0
202,54,187,0
202,55,186,0
202,56,185,0
202,57,184,0
202,58,183,0
202,59,182,0
202,60,181,0
202,61,180,0
202,62,179,0
202,63,178,0
202,64,177,0
202,65,176,0
202,66,175,0
202,67,174,0
202,68,173,0
202,69,172,0
202,70,171,0
202,71,170,0
202,72,169,0
202,73,168,0
202,74,167,0
202,75,166,0
202,76,165,0
202,77,164,0
202,78,163,0
202,79,162,0
202,80,161,0
202,81,160,0
202,82,159,0
202,83,158,0
202,84,157,0
202,85,156,0
202,86,155,0
202,87,154,0
202,88,153,0
202,89,152,0
202,90,151,0
202,91,150,0
202,92,149,0
202,93,148,0
202,94,147,0
202,95,146,0
202,96,145,0
202,97,144,0
202,98,143,0
202,99,142,0
202,100,141,0
202,101,140,0
202,102,139,0
202,103,138,0
202,104,137,0
202,105,136,0
202,106,135,0
202,107,134,0
202,108,133,0
202,109,132,0
202,110,131,0
202,111,130,0
202,112,129,0
202,113,128,0
202,114,127,0
202,115,126,0
202,116,125,0
202,117,124,0
202,118,123,0
202,119,122,0
202,120,121,0
202,121,120,0
202,122,119,0
202,123,118,0
202,124,117,0
202,125,116,0
202,126,115,0
202,127,114,0
202,128,113,0
202,129,112,0
202,130,111,0
202,131,110,0
202,132,109,0
202,133,108,0
202,134,107,0
202,135,106,0
202,136,105,0
202,137,104,0
202,138,103,0
202,139,102,0
202,140,101,0
202,141,100,0
202,142,99,0
202,143,98,0
202,144,97,0
202,145,96,0
202,146,95,0
202,147,94,0
202,148,93,0
202,149,92,0
202,150,91,0
202,151,90,0
202,152,89,0
202,153,88,0
202,154,87,0
202,155,86,0
202,156,85,0
202,157,84,0
202,158,83,0
202,159,82,0
202,160,81,0
202,161,80,0
202,162,79,0
202,163,78,0
202,164,77,0
202,165,76,0
202,166,75,0
202,167,74,0
202,168,73,0
202,169,72,0
202,170,71,0
202,171,70,0
202,172,69,0
202,173,68,0
202,174,67,0
202,175,66,0
202,176,65,0
202,177,64,0
202,178,63,0
202,179,62,0
202,180,61,0
202,181,60,0
202,182,59,0
202,183,58,0
202,184,57,0
202,185,56,0
202,186,55,0
202,187,54,0
202,188,53,0
202,189,52,0
202,190,51,0
202,191,50,0
202,192,49,0
202,193,48,0
202,194,47,0
202,195,46,0
202,196,45,0
202,197,44,0
202,198,43,0
202,199,42,0
202,200,41,0
202,201,40,0
202,202,39,0
202,203,38,0
202,204,37,0
202,205,36,0
202,206,35,0
202,207,34,0
202,208,33,0
202,209,32,0
202,210,31,0
202,211,30,0
202,212,29,0
202,213,28,0
202,214,27,0
202,215,26,0
202,216,25,0
202,217,24,0
202,218,23,0
202,219,22,0
202,220,21,0
202,221,20,0
202,222,19,0
202,223,18,0
202,224,17,0
202,225,16,0
202,226,15,0
202,227,14,0
202,228,13,0
202,229,12,0
202,230,11,0
202,231,10,0
202,232,9,0
202,233,8,0
202,234,7,0
202,235,6,0
202,236,5,0
202,237,4,0
202,238,3,0
202,239,2,0
202,240,1,0
202,241,0,0
203,31,293,0
203,32,292,0
203,33,291,0
203,34,290,0
203,35,289,0
203,36,288,0
203,37,287,0
203,38,286,0
203,39,285,0
203,40,284,0
203,41,283,0
203,42,282,0
203,43,281,0
203,44,280,0
203,45,279,0
203,46,278,0
203,47,277,0
203,48,276,0
203,49,275,0
203,50,274,0
203,51,273,0
203,52,272,0
203,53,271,0
203,54,270,0
203,55,269,0
203,56,268,0
203,57,267,0
203,58,266,0
203,59,265,0
203,60,264,0
203,61,263,0
203,62,262,0
203,63,261,0
203,64,260,0
203,65,259,0
203,66,258,0
203,67,257,0
203,68,256,0
203,69,255,0
203,70,254,0
203,71,253,0
203,72,252,0
203,73,251,0
203,74,250,0
203,75,249,0
203,76,248,0
203,77,247,0
203,78,246,0
203,79,245,0
203,80,244,0
203,81,243,0
203,82,242,0
203,83,241,0
203,84,240,0
203,85,239,0
203,86,238,0
203,87,237,0
203,88,236,0
203,89,235,0
203,90,234,0
203,91,233,0
203,92,232,0
203,93,231,0
203,94,230,0
203,95,229,0
203,96,228,0
203,97,227,0
203,98,226,0
203,99,225,0
203,100,224,0
203,101,223,0
203,102,222,0
203,103,221,0
203,104,220,0
203,105,219,0
203,106,218,0
203,107,217,0
203,108,216,0
203,109,215,0
203,110,214,0
203,111,213,0
203,112,212,0
203,113,211,0
203,114,210,0
203,115,209,0
203,116,208,0
203,117,207,0
203,118,206,0
203,119,205,0
203,120,204,0
203,121,203,0
203,122,202,0
203,123,201,0
203,124,200,0
203,125,199,0
203,126,198,0
203,127,197,0
203,128,196,0
203,129,195,0
203,130,194,0
203,131,193,0
203,132,192,0
203,133,191,0
203,134,190,0
203,135,189,0
203,136,188,0
203,137,187,0
203,138,186,0
203,139,185,0
203,140,184,0
203,141,183,0
203,142,182,0
203,143,181,0
203,144,180,0
203,145,179,0
203,146,178,0
203,147,177,0
203,148,176,0
203,149,175,0
203,150,174,0
203,151,173,0
203,152,172,0
203,153,171,0
203,154,170,0
203,155,169,0
203,156,168,0
203,157,167,0
203,158,166,0
203,159,165,0
203,160,164,0
203,161,163,0
203,162,162,0
203,163,161,0
203,164,160,0
203,165,159,0
203,166,158,0
203,167,157,0
203,168,156,0
203,169,155,0
203,170,154,0
203,171,153,0
203,172,152,0
203,173,151,0
203,174,150,0
203,175,149,0
203,176,148,0
203,177,147,0
203,178,146,0
203,179,145,0
203,180,144,0
203,181,143,0
203,182,142,0
203,183,141,0
203,184,140,0
203,185,139,0
203,186,138,0
203,187,137,0
203,188,136,0
203,189,135,0
203,190,134,0
203,191,133,0
203,192,132,0
203,193,131,0
203,194,130,0
203,195,129,0
203,196,128,0
203,197,127,0
203,198,126,0
203,199,125,0
203,200,124,0
203,201,123,0
203,202,122,0
203,203,121,0
203,204,120,0
203,205,119,0
203,206,118,0
203,207,117,0
203,208,116,0
203,209,115,0
203,210,114,0
203,211,113,0
203,212,112,0
203,213,111,0
203,214,110,0
203,215,109,0
203,216,108,0
203,217,107,0
203,218,106,0
203,219,105,0
203,220,104,0
203,221,103,0
203,222,102,0
203,223,101,0
203,224,100,0
203,225,99,0
203,226,98,0
203,227,97,0
203,228,96,0
203,229,95,0
203,230,94,0
203,231,93,0
203,232,92,0
203,233,91,0
203,234,90,0
203,235,89,0
203,236,88,0
203,237,87,0
203,238,86,0
203,239,85,0
203,240,84,0
203,241,83,0
203,242,82,0
203,243,81,0
203,244,80,0
203,245,79,0
203,246,78,0
203,247,77,0
203,248,76,0
203,249,75,0
203,250,74,0
203,251,73,0
203,252,72,0
203,253,71,0
203,254,70,0
203,255,69,0
203,256,68,0
203,257,67,0
203,258,66,0
203,259,65,0
203,260,64,0
203,261,63,0
203,262,62,0
203,263,61,0
203,264,60,0
203,265,59,0
203,266,58,0
203,267,57,0
203,268,56,0
203,269,55,0
203,270,54,0
203,271,53,0
203,272,52,0
203,273,51,0
203,274,50,0
203,275,49,0
203,276,48,0
203,277,47,0
203,278,46,0
203,279,45,0
203,280,44,0
203,281,43,0
203,282,42,0
203,283,41,0
203,284,40,0
203,285,39,0
203,286,38,0
203,287,37,0
203,288,36,0
203,289,35,0
203,290,34,0
203,291,33,0
203,292,32,0
203,293,31,0
203,294,30,0
203,295,29,0
203,296,28,0
203,297,27,0
203,298,26,0
203,299,25,0
203,300,24,0
203,301,23,0
203,302,22,0
203,303,21,0
203,304,20,0
203,305,19,0
203,306,18,0
203,307,17,0
203,308,16,0
203,309,15,0
203,310,14,0
203,311,13,0
203,312,12,0
203,313,11,0
203,314,10,0
203,315,9,0
203,316,8,0
203,317,7,0
203,318,6,0
203,319,5,0
203,320,4,0
203,321,3,0
203,322,2,0
203,323,1,0
203,324,0,0
204,31,180,0
204,32,179,0
204,33,178,0
204,34,177,0
204,35,176,0
204,36,175,0
204,37,174,0
204,38,173,0
204,39,172,0
204,40,171,0
204,41,170,0
204,42,169,0
204,43,168,0
204,44,167,0
204,45,166,0
204,46,165,0
204,47,164,0
204,48,163,0
204,49,162,0
204,50,161,0
204,51,160,0
204,52,159,0
204,53,158,0
204,54,157,0
204,55,156,0
204,56,155,0
204,57,154,0
204,58,153,0
204,59,152,0
204,60,151,0
204,61,150,0
204,62,149,0
204,63,148,0
204,64,147,0
204,65,146,0
204,66,145,0
204,67,144,0
204,68,143,0
204,69,142,0
204,70,141,0
204,71,140,0
204,72,139,0
204,73,138,0
204,74,137,0
204,75,136,0
204,76,135,0
204,77,134,0
204,78,133,0
204,79,132,0
204,80,131,0
204,81,130,0
204,82,129,0
204,83,128,0
204,84,127,0
204,85,126,0
204,86,125,0
204,87,124,0
204,88,123,0
204,89,122,0
204,90,121,0
204,91,120,0
204,92,119,0
204,93,118,0
204,94,117,0
204,95,116,0
204,96,115,0
204,97,114,0
204,98,113,0
204,99,112,0
204,100,111,0
204,101,110,0
204,102,109,0
204,103,108,0
204,104,107,0
204,105,106,0
204,106,105,0
204,107,104,0
204,108,103,0
204,109,102,0
204,110,101,0
204,111,100,0
204,112,99,0
204,113,98,0
204,114,97,0
204,115,96,0
204,116,95,0
204,117,94,0
204,118,93,0
204,119,92,0
204,120,91,0
204,121,90,0
204,122,89,0
204,123,88,0
204,124,87,0
204,125,86,0
204,126,85,0
204,127,84,0
204,128,83,0
204,129,82,0
204,130,81,0
204,131,80,0
204,132,79,0
204,133,78,0
204,134,77,0
204,135,76,0
204,136,75,0
204,137,74,0
204,138,73,0
204,139,72,0
204,140,71,0
204,141,70,0
204,142,69,0
204,143,68,0
204,144,67,0
204,145,66,0
204,146,65,0
204,147,64,0
204,148,63,0
204,149,62,0
204,150,61,0
204,151,60,0
204,152,59,0
204,153,58,0
204,154,57,0
204,155,56,0
204,156,55,0
204,157,54,0
204,158,53,0
204,159,52,0
204,160,51,0
204,161,50,0
204,162,49,0
204,163,48,0
204,164,47,0
204,165,46,0
204,166,45,0
204,167,44,0
204,168,43,0
204,169,42,0
204,170,41,0
204,171,40,0
204,172,39,0
204,173,38,0
204,174,37,0
204,175,36,0
204,176,35,0
204,177,34,0
204,178,33,0
204,179,32,0
204,180,31,-1
204,181,30,0
204,182,29,0
204,183,28,-1
204,184,27,-1
204,185,26,-1
204,186,25,-1
204,187,24,-1
204,188,23,-1
204,189,22,-1
204,190,21,0
204,191,20,-1
204,192,19,-1
204,193,18,-1
204,194,17,-1
204,195,16,-1
204,196,15,-1
204,197,14,-1
204,198,13,-1
204,199,12,-1
204,200,11,-1
204,201,10,-1
204,202,9,-1
204,203,8,-1
204,204,7,-1
204,205,6,-1
204,206,5,-1
204,207,4,-1
204,208,3,-1
204,209,2,-1
204,210,1,-1
204,211,0,-1
205,31,211,0
205,32,210,0
205,33,209,0
205,34,208,0
205,35,207,0
205,36,206,0
205,37,205,0
205,38,204,0
205,39,203,0
205,40,202,0
205,41,201,0
205,42,200,0
205,43,199,0
205,44,198,0
205,45,197,0
205,46,196,0
205,47,195,0
205,48,194,0
205,49,193,0
205,50,192,0
205,51,191,0
205,52,190,0
205,53,189,0
205,54,188,0
205,55,187,0
205,56,186,0
205,57,185,0
205,58,184,0
205,59,183,0
205,60,182,0
205,61,181,0
205,62,180,0
205,63,179,0
205,64,178,0
205,65,177,0
205,66,176,0
205,67,175,0
205,68,174,0
205,69,173,0
205,70,172,0
205,71,171,0
205,72,170,0
205,73,169,0
205,74,168,0
205,75,167,0
205,76,166,0
205,77,165,0
205,78,164,0
205,79,163,0
205,80,162,0
205,81,161,0
205,82,160,0
205,83,159,0
205,84,158,0
205,85,157,0
205,86,156,0
205,87,155,0
205,88,154,0
205,89,153,0
205,90,152,0
205,91,151,0
205,92,150,0
205,93,149,0
205,94,148,0
205,95,147,0
205,96,146,0
205,97,145,0
205,98,144,0
205,99,143,0
205,100,142,0
205,101,141,0
205,102,140,0
205,103,139,0
205,104,138,0
205,105,137,0
205,106,136,0
205,107,135,0
205,108,134,0
205,109,133,0
205,110,132,0
205,111,131,0
205,112,130,0
205,113,129,0
205,114,128,0
205,115,127,0
205,116,126,0
205,117,125,0
205,118,124,0
205,119,123,0
205,120,122,0
205,121,121,0
205,122,120,0
205,123,119,0
205,124,118,0
205,125,117,0
205,126,116,0
205,127,115,0
205,128,114,0
205,129,113,0
205,130,112,0
205,131,111,0
205,132,110,0
205,133,109,0
205,134,108,0
205,135,107,0
205,136,106,0
205,137,105,0
205,138,104,0
205,139,103,0
205,140,102,0
205,141,101,0
205,142,100,0
205,143,99,0
205,144,98,0
205,145,97,0
205,146,96,0
205,147,95,0
205,148,94,0
205,149,93,0
205,150,92,0
205,151,91,0
205,152,90,0
205,153,89,0
205,154,88,0
205,155,87,0
205,156,86,0
205,157,85,0
205,158,84,0
205,159,83,0
205,160,82,0
205,161,81,0
205,162,80,0
205,163,79,0
205,164,78,0
205,165,77,0
205,166,76,0
205,167,75,0
205,168,74,0
205,169,73,0
205,170,72,0
205,171,71,0
205,172,70,0
205,173,69,0
205,174,68,0
205,175,67,0
205,176,66,0
205,177,65,0
205,178,64,0
205,179,63,0
205,180,62,0
205,181,61,0
205,182,60,0
205,183,59,0
205,184,58,0
205,185,57,0
205,186,56,0
205,187,55,0
205,188,54,0
205,189,53,0
205,190,52,0
205,191,51,0
205,192,50,0
205,193,49,0
205,194,48,0
205,195,47,0
205,196,46,0
205,197,45,0
205,198,44,0
205,199,43,0
205,200,42,0
205,201,41,0
205,202,40,0
205,203,39,0
205,204,38,0
205,205,37,0
205,206,36,0
205,207,35,0
205,208,34,0
205,209,33,0
205,210,32,0
205,211,31,0
205,212,30,0
205,213,29,0
205,214,28,0
205,215,27,0
205,216,26,0
205,217,25,0
205,218,24,0
205,219,23,0
205,220,22,0
205,221,21,0
205,222,20,0
205,223,19,0
205,224,18,0
205,225,17,0
205,226,16,0
205,227,15,0
205,228,14,0
205,229,13,0
205,230,12,0
205,231,11,0
205,232,10,0
205,233,9,0
205,234,8,0
205,235,7,0
205,236,6,0
205,237,5,0
205,238,4,0
205,239,3,0
205,240,2,0
205,241,1,0
205,242,0,0
206,31,232,0
206,32,231,0
206,33,230,0
206,34,229,0
206,35,228,0
206,36,227,0
206,37,226,0
206,38,225,0
206,39,224,0
206,40,223,0
206,41,222,0
206,42,221,0
206,43,220,0
206,44,219,0
206,45,218,0
206,46,217,0
206,47,216,0
206,48,215,0
206,49,214,0
206,50,213,0
206,51,212,0
206,52,211,0
206,53,210,0
206,54,209,0
206,55,208,0
206,56,207,0
206,57,206,0
206,58,205,0
206,59,204,0
206,60,203,0
206,61,202,0
206,62,201,0
206,63,200,0
206,64,199,0
206,65,198,0
206,66,197,0
206,67,196,0
206,68,195,0
206,69,194,0
206,70,193,0
206,71,192,0
206,72,191,0
206,73,190,0
206,74,189,0
206,75,188,0
206,76,187,0
206,77,186,0
206,78,185,0
206,79,184,0
206,80,183,0
206,81,182,0
206,82,181,0
206,83,180,0
206,84,179,0
206,85,178,0
206,86,177,0
206,87,176,0
206,88,175,0
206,89,174,0
206,90,173,0
206,91,172,0
206,92,171,0
206,93,170,0
206,94,169,0
206,95,168,0
206,96,167,0
206,97,166,0
206,98,165,0
206,99,164,0
206,100,163,0
206,101,162,0
206,102,161,0
206,103,160,0
206,104,159,0
206,105,158,0
206,106,157,0
206,107,156,0
206,108,155,0
206,109,154,0
206,110,153,0
206,111,152,0
206,112,151,0
206,113,150,0
206,114,149,0
206,115,148,0
206,116,147,0
206,117,146,0
206,118,145,0
206,119,144,0
206,120,143,0
206,121,142,0
206,122,141,0
206,123,140,0
206,124,139,0
206,125,138,0
206,126,137,0
206,127,136,0
206,128,135,0
206,129,134,0
206,130,133,0
206,131,132,0
206,132,131,0
206,133,130,0
206,134,129,0
206,135,128,0
206,136,127,0
206,137,126,0
206,138,125,0
206,139,124,0
206,140,123,0
206,141,122,0
206,142,121,0
206,143,120,0
206,144,119,0
206,145,118,0
206,146,117,0
206,147,116,0
206,148,115,0
206,149,114,0
206,150,113,0
206,151,112,0
206,152,111,0
206,153,110,0
206,154,109,0
206,155,108,0
206,156,107,0
206,157,106,0
206,158,105,0
206,159,104,0
206,160,103,0
206,161,102,0
206,162,101,0
206,163,100,0
206,164,99,0
206,165,98,0
206,166,97,0
206,167,96,0
206,168,95,0
206,169,94,0
206,170,93,0
206,171,92,0
206,172,91,0
206,173,90,0
206,174,89,0
206,175,88,0
206,176,87,0
206,177,86,0
206,178,85,0
206,179,84,0
206,180,83,0
206,181,82,0
206,182,81,0
206,183,80,0
206,184,79,0
206,185,78,0
206,186,77,0
206,187,76,0
206,188,75,0
206,189,74,0
206,190,73,0
206,191,72,0
206,192,71,0
206,193,70,0
206,194,69,0
206,195,68,0
206,196,67,0
206,197,66,0
206,198,65,0
206,199,64,0
206,200,63,0
206,201,62,0
206,202,61,0
206,203,60,0
206,204,59,0
206,205,58,0
206,206,57,0
206,207,56,0
206,208,55,0
206,209,54,0
206,210,53,0
206,211,52,0
206,212,51,0
206,213,50,0
206,214,49,0
206,215,48,0
206,216,47,0
206,217,46,0
206,218,45,0
206,219,44,0
206,220,43,0
206,221,42,0
206,222,41,0
206,223,40,0
206,224,39,0
206,225,38,0
206,226,37,0
206,227,36,0
206,228,35,0
206,229,34,0
206,230,33,0
206,231,32,0
206,232,31,0
206,233,30,0
206,234,29,0
206,235,28,0
206,236,27,0
206,237,26,0
206,238,25,0
206,239,24,0
206,240,23,0
206,241,22,0
206,242,21,0
206,243,20,0
206,244,19,0
206,245,18,0
206,246,17,0
206,247,16,0
206,248,15,0
206,249,14,0
206,250,13,0
206,251,12,0
206,252,11,0
206,253,10,0
206,254,9,0
206,255,8,0
206,256,7,0
206,257,6,0
206,258,5,0
206,259,4,0
206,260,3,-1
206,261,2,-1
206,262,1,0
206,263,0,0
207,31,348,0
207,32,347,0
207,33,346,0
207,34,345,0
207,35,344,0
207,36,343,0
207,37,342,0
207,38,341,0
207,39,340,0
207,40,339,0
207,41,338,0
207,42,337,0
207,43,336,0
207,44,335,0
207,45,334,0
207,46,333,0
207,47,332,0
207,48,331,0
207,49,330,0
207,50,329,0
207,51,328,0
207,52,327,0
207,53,326,0
207,54,325,0
207,55,324,0
207,56,323,0
207,57,322,0
207,58,321,0
207,59,320,0
207,60,319,0
207,61,318,0
207,62,317,0
207,63,316,0
207,64,315,0
207,65,314,0
207,66,313,0
207,67,312,0
207,68,311,0
207,69,310,0
207,70,309,0
207,71,308,0
207,72,307,0
207,73,306,0
207,74,305,0
207,75,304,0
207,76,303,0
207,77,302,0
207,78,301,0
207,79,300,0
207,80,299,0
207,81,298,0
207,82,297,0
207,83,296,0
207,84,295,0
207,85,294,0
207,86,293,0
207,87,292,0
207,88,291,0
207,89,290,0
207,90,289,0
207,91,288,0
207,92,287,0
207,93,286,0
207,94,285,0
207,95,284,0
207,96,283,0
207,97,282,0
207,98,281,0
207,99,280,0
207,100,279,0
207,101,278,0
207,102,277,0
207,103,276,0
207,104,275,0
207,105,274,0
207,106,273,0
207,107,272,0
207,108,271,0
207,109,270,0
207,110,269,0
207,111,268,0
207,112,267,0
207,113,266,0
207,114,265,0
207,115,264,0
207,116,263,0
207,117,262,0
207,118,261,0
207,119,260,0
207,120,259,0
207,121,258,0
207,122,257,0
207,123,256,0
207,124,255,0
207,125,254,0
207,126,253,0
207,127,252,0
207,128,251,0
207,129,250,0
207,130,249,0
207,131,248,0
207,132,247,0
207,133,246,0
207,134,245,0
207,135,244,0
207,136,243,0
207,137,242,0
207,138,241,0
207,139,240,0
207,140,239,0
207,141,238,0
207,142,237,0
207,143,236,0
207,144,235,0
207,145,234,0
207,146,233,0
207,147,232,0
207,148,231,0
207,149,230,0
207,150,229,0
207,151,228,0
207,152,227,0
207,153,226,0
207,154,225,0
207,155,224,0
207,156,223,0
207,157,222,0
207,158,221,0
207,159,220,0
207,160,219,0
207,161,218,0
207,162,217,0
207,163,216,0
207,164,215,0
207,165,214,0
207,166,213,0
207,167,212,0
207,168,211,0
207,169,210,0
207,170,209,0
207,171,208,0
207,172,207,0
207,173,206,0
207,174,205,0
207,175,204,0
207,176,203,0
207,177,202,0
207,178,201,0
207,179,200,0
207,180,199,0
207,181,198,0
207,182,197,0
207,183,196,0
207,184,195,0
207,185,194,0
207,186,193,0
207,187,192,0
207,188,191,0
207,189,190,0
207,190,189,0
207,191,188,0
207,192,187,0
207,193,186,0
207,194,185,0
207,195,184,0
207,196,183,0
207,197,182,0
207,198,181,0
207,199,180,0
207,200,179,0
207,201,178,0
207,202,177,0
207,203,176,0
207,204,175,0
207,205,174,0
207,206,173,0
207,207,172,0
207,208,171,0
207,209,170,0
207,210,169,0
207,211,168,0
207,212,167,0
207,213,166,0
207,214,165,0
207,215,164,0
207,216,163,0
207,217,162,0
207,218,161,0
207,219,160,0
207,220,159,0
207,221,158,0
207,222,157,0
207,223,156,0
207,224,155,0
207,225,154,0
207,226,153,0
207,227,152,0
207,228,151,0
207,229,150,0
207,230,149,0
207,231,148,0
207,232,147,0
207,233,146,0
207,234,145,0
207,235,144,0
207,236,143,0
207,237,142,0
207,238,141,0
207,239,140,0
207,240,139,0
207,241,138,0
207,242,137,0
207,243,136,0
207,244,135,0
207,245,134,0
207,246,133,0
207,247,132,0
207,248,131,0
207,249,130,0
207,250,129,0
207,251,128,0
207,252,127,0
207,253,126,0
207,254,125,0
207,255,124,0
207,256,123,0
207,257,122,0
207,258,121,0
207,259,120,0
207,260,119,0
207,261,118,0
207,262,117,0
207,263,116,0
207,264,115,0
207,265,114,0
207,266,113,0
207,267,112,0
207,268,111,0
207,269,110,0
207,270,109,0
207,271,108,0
207,272,107,0
207,273,106,0
207,274,105,0
207,275,104,0
207,276,103,0
207,277,102,0
207,278,101,0
207,279,100,0
207,280,99,0
207,281,98,0
207,282,97,0
207,283,96,0
207,284,95,0
207,285,94,0
207,286,93,0
207,287,92,0
207,288,91,0
207,289,90,0
207,290,89,0
207,291,88,0
207,292,87,0
207,293,86,0
207,294,85,0
207,295,84,0
207,296,83,0
207,297,82,0
207,298,81,0
207,299,80,0
207,300,79,0
207,301,78,0
207,302,77,0
207,303,76,0
207,304,75,0
207,305,74,0
207,306,73,0
207,307,72,0
207,308,71,0
207,309,70,0
207,310,69,0
207,311,68,0
207,312,67,0
207,313,66,0
207,314,65,0
207,315,64,0
207,316,63,0
207,317,62,0
207,318,61,0
207,319,60,0
207,320,59,0
207,321,58,0
207,322,57,0
207,323,56,0
207,324,55,0
207,325,54,0
207,326,53,0
207,327,52,0
207,328,51,0
207,329,50,0
207,330,49,0
207,331,48,0
207,332,47,0
207,333,46,0
207,334,45,0
207,335,44,0
207,336,43,0
207,337,42,0
207,338,41,0
207,339,40,0
207,340,39,0
207,341,38,0
207,342,37,0
207,343,36,0
207,344,35,0
207,345,34,0
207,346,33,0
207,347,32,0
207,348,31,0
207,349,30,0
207,350,29,0
207,351,28,0
207,352,27,0
207,353,26,0
207,354,25,0
207,355,24,0
207,356,23,0
207,357,22,0
207,358,21,0
207,359,20,0
207,360,19,0
207,361,18,0
207,362,17,0
207,363,16,0
207,364,15,0
207,365,14,0
207,366,13,0
207,367,12,0
207,368,11,0
207,369,10,0
207,370,9,0
207,371,8,0
207,372,7,0
207,373,6,0
207,374,5,0
207,375,4,0
207,376,3,0
207,377,2,0
207,378,1,0
207,379,0,0
208,31,259,0
208,32,258,0
208,33,257,0
208,34,256,0
208,35,255,0
208,36,254,0
208,37,253,0
208,38,252,0
208,39,251,0
208,40,250,0
208,41,249,0
208,42,248,0
208,43,247,0
208,44,246,0
208,45,245,0
208,46,244,0
208,47,243,0
208,48,242,0
208,49,241,0
208,50,240,0
208,51,239,0
208,52,238,0
208,53,237,0
208,54,236,0
208,55,235,0
208,56,234,0
208,57,233,0
208,58,232,0
208,59,231,0
208,60,230,0
208,61,229,0
208,62,228,0
208,63,227,0
208,64,226,0
208,65,225,0
208,66,224,0
208,67,223,0
208,68,222,0
208,69,221,0
208,70,220,0
208,71,219,0
208,72,218,0
208,73,217,0
208,74,216,0
208,75,215,0
208,76,214,0
208,77,213,0
208,78,212,0
208,79,211,0
208,80,210,0
208,81,209,0
208,82,208,0
208,83,207,0
208,84,206,0
208,85,205,0
208,86,204,0
208,87,203,0
208,88,202,0
208,89,201,0
208,90,200,0
208,91,199,0
208,92,198,0
208,93,197,0
208,94,196,0
208,95,195,0
208,96,194,0
208,97,193,0
208,98,192,0
208,99,191,0
208,100,190,0
208,101,189,0
208,102,188,0
208,103,187,0
208,104,186,0
208,105,185,0
208,106,184,0
208,107,183,0
208,108,182,0
208,109,181,0
208,110,180,0
208,111,179,0
208,112,178,0
208,113,177,0
208,114,176,0
208,115,175,0
208,116,174,0
208,117,173,0
208,118,172,0
208,119,171,0
208,120,170,0
208,121,169,0
208,122,168,0
208,123,167,0
208,124,166,0
208,125,165,0
208,126,164,0
208,127,163,0
208,128,162,0
208,129,161,0
208,130,160,0
208,131,159,0
208,132,158,0
208,133,157,0
208,134,156,0
208,135,155,0
208,136,154,0
208,137,153,0
208,138,152,0
208,139,151,0
208,140,150,0
208,141,149,0
208,142,148,0
208,143,147,0
208,144,146,0
208,145,145,0
208,146,144,0
208,147,143,0
208,148,142,0
208,149,141,0
208,150,140,0
208,151,139,0
208,152,138,0
208,153,137,0
208,154,136,0
208,155,135,0
208,156,134,0
208,157,133,0
208,158,132,0
208,159,131,0
208,160,130,0
208,161,129,0
208,162,128,0
208,163,127,0
208,164,126,0
208,165,125,0
208,166,124,0
208,167,123,0
208,168,122,0
208,169,121,0
208,170,120,0
208,171,119,0
208,172,118,0
208,173,117,0
208,174,116,0
208,175,115,0
208,176,114,0
208,177,113,0
208,178,112,0
208,179,111,0
208,180,110,0
208,181,109,0
208,182,108,0
208,183,107,0
208,184,106,0
208,185,105,0
208,186,104,0
208,187,103,0
208,188,102,0
208,189,101,0
208,190,100,0
208,191,99,0
208,192,98,0
208,193,97,0
208,194,96,0
208,195,95,0
208,196,94,0
208,197,93,0
208,198,92,0
208,199,91,0
208,200,90,0
208,201,89,0
208,202,88,0
208,203,87,0
208,204,86,0
208,205,85,0
208,206,84,0
208,207,83,0
208,208,82,0
208,209,81,0
208,210,80,0
208,211,79,0
208,212,78,0
208,213,77,0
208,214,76,0
208,215,75,0
208,216,74,0
208,217,73,0
208,218,72,0
208,219,71,0
208,220,70,0
208,221,69,0
208,222,68,0
208,223,67,0
208,224,66,0
208,225,65,0
208,226,64,0
208,227,63,0
208,228,62,0
208,229,61,0
208,230,60,0
208,231,59,0
208,232,58,0
208,233,57,0
208,234,56,0
208,235,55,0
208,236,54,0
208,237,53,0
208,238,52,0
208,239,51,0
208,240,50,0
208,241,49,0
208,242,48,0
208,243,47,0
208,244,46,0
208,245,45,0
208,246,44,0
208,247,43,-1
208,248,42,-1
208,249,41,0
208,250,40,-1
208,251,39,-1
208,252,38,0
208,253,37,-1
208,254,36,-1
208,255,35,-1
208,256,34,-1
208,257,33,-1
208,258,32,-1
208,259,31,-1
208,260,30,-1
208,261,29,-1
208,262,28,-1
208,263,27,-1
208,264,26,-1
208,265,25,-1
208,266,24,-1
208,267,23,-1
208,268,22,-1
208,269,21,-1
208,270,20,-1
208,271,19,-1
208,272,18,-1
208,273,17,-1
208,274,16,-1
208,275,15,-1
208,276,14,-1
208,277,13,-1
208,278,12,-1
208,279,11,-1
208,280,10,-1
208,281,9,-1
208,282,8,-1
208,283,7,-1
208,284,6,-1
208,285,5,-1
208,286,4,-1
208,287,3,-1
208,288,2,-1
208,289,1,-1
208,290,0,-1
209,31,130,0
209,32,129,0
209,33,128,0
209,34,127,0
209,35,126,0
209,36,125,0
209,37,124,0
209,38,123,0
209,39,122,0
209,40,121,0
209,41,120,0
209,42,119,0
209,43,118,0
209,44,117,0
209,45,116,0
209,46,115,0
209,47,114,0
209,48,113,0
209,49,112,0
209,50,111,0
209,51,110,0
209,52,109,0
209,53,108,0
209,54,107,0
209,55,106,0
209,56,105,0
209,57,104,0
209,58,103,0
209,59,102,0
209,60,101,0
209,61,100,0
209,62,99,0
209,63,98,0
209,64,97,0
209,65,96,0
209,66,95,0
209,67,94,0
209,68,93,0
209,69,92,0
209,70,91,0
209,71,90,0
209,72,89,0
209,73,88,0
209,74,87,0
209,75,86,0
209,76,85,0
209,77,84,0
209,78,83,0
209,79,82,0
209,80,81,0
209,81,80,0
209,82,79,0
209,83,78,0
209,84,77,0
209,85,76,0
209,86,75,0
209,87,74,0
209,88,73,0
209,89,72,0
209,90,71,0
209,91,70,0
209,92,69,0
209,93,68,0
209,94,67,0
209,95,66,0
209,96,65,0
209,97,64,0
209,98,63,0
209,99,62,0
209,100,61,0
209,101,60,0
209,102,59,0
209,103,58,0
209,104,57,0
209,105,56,0
209,106,55,0
209,107,54,0
209,108,53,0
209,109,52,0
209,110,51,0
209,111,50,0
209,112,49,0
209,113,48,0
209,114,47,0
209,115,46,0
209,116,45,0
209,117,44,0
209,118,43,0
209,119,42,0
209,120,41,0
209,121,40,0
209,122,39,0
209,123,38,0
209,124,37,0
209,125,36,0
209,126,35,0
209,127,34,0
209,128,33,0
209,129,32,0
209,130,31,0
209,131,30,0
209,132,29,0
209,133,28,0
209,134,27,0
209,135,26,0
209,136,25,0
209,137,24,0
209,138,23,0
209,139,22,0
209,140,21,0
209,141,20,0
209,142,19,0
209,143,18,0
209,144,17,0
209,145,16,0
209,146,15,0
209,147,14,0
209,148,13,0
209,149,12,0
209,150,11,0
209,151,10,0
209,152,9,0
209,153,8,0
209,154,7,0
209,155,6,0
209,156,5,0
209,157,4,0
209,158,3,0
209,159,2,0
209,160,1,0
209,161,0,0
210,31,136,0
210,32,135,0
210,33,134,0
210,34,133,0
210,35,132,0
210,36,131,0
210,37,130,0
210,38,129,0
210,39,128,0
210,40,127,0
210,41,126,0
210,42,125,0
210,43,124,0
210,44,123,0
210,45,122,0
210,46,121,0
210,47,120,0
210,48,119,0
210,49,118,0
210,50,117,0
210,51,116,0
210,52,115,0
210,53,114,0
210,54,113,0
210,55,112,0
210,56,111,0
210,57,110,0
210,58,109,0
210,59,108,0
210,60,107,0
210,61,106,0
210,62,105,0
210,63,104,0
210,64,103,0
210,65,102,0
210,66,101,0
210,67,100,0
210,68,99,0
210,69,98,0
210,70,97,0
210,71,96,0
210,72,95,0
210,73,94,0
210,74,93,0
210,75,92,0
210,76,91,0
210,77,90,0
210,78,89,0
210,79,88,0
210,80,87,0
210,81,86,0
210,82,85,0
210,83,84,0
210,84,83,0
210,85,82,0
210,86,81,0
210,87,80,0
210,88,79,0
210,89,78,0
210,90,77,0
210,91,76,0
210,92,75,0
210,93,74,0
210,94,73,0
210,95,72,0
210,96,71,0
210,97,70,0
210,98,69,0
210,99,68,0
210,100,67,0
210,101,66,0
210,102,65,0
210,103,64,0
210,104,63,0
210,105,62,0
210,106,61,0
210,107,60,0
210,108,59,0
210,109,58,0
210,110,57,0
210,111,56,0
210,112,55,0
210,113,54,0
210,114,53,0
210,115,52,0
210,116,51,0
210,117,50,0
210,118,49,0
210,119,48,0
210,120,47,0
210,121,46,0
210,122,45,0
210,123,44,0
210,124,43,0
210,125,42,0
210,126,41,0
210,127,40,0
210,128,39,0
210,129,38,0
210,130,37,0
210,131,36,0
210,132,35,0
210,133,34,0
210,134,33,0
210,135,32,0
210,136,31,0
210,137,30,0
210,138,29,0
210,139,28,0
210,140,27,0
210,141,26,-1
210,142,25,0
210,143,24,0
210,144,23,-1
210,145,22,0
210,146,21,-1
210,147,20,-1
210,148,19,-1
210,149,18,-1
210,150,17,-1
210,151,16,0
210,152,15,-1
210,153,14,-1
210,154,13,-1
210,155,12,-1
210,156,11,-1
210,157,10,-1
210,158,9,-1
210,159,8,-1
210,160,7,-1
210,161,6,-1
210,162,5,-1
210,163,4,-1
210,164,3,-1
210,165,2,-1
210,166,1,-1
210,167,0,-1
211,31,115,0
211,32,114,0
211,33,113,0
211,34,112,0
211,35,111,0
211,36,110,0
211,37,109,0
211,38,108,0
211,39,107,0
211,40,106,0
211,41,105,0
211,42,104,0
211,43,103,0
211,44,102,0
211,45,101,0
211,46,100,0
211,47,99,0
211,48,98,0
211,49,97,0
211,50,96,0
211,51,95,0
211,52,94,0
211,53,93,0
211,54,92,0
211,55,91,0
211,56,90,0
211,57,89,0
211,58,88,0
211,59,87,0
211,60,86,0
211,61,85,0
211,62,84,0
211,63,83,0
211,64,82,0
211,65,81,0
211,66,80,0
211,67,79,0
211,68,78,0
211,69,77,0
211,70,76,0
211,71,75,0
211,72,74,0
211,73,73,0
211,74,72,0
211,75,71,0
211,76,70,0
211,77,69,0
211,78,68,0
211,79,67,0
211,80,66,0
211,81,65,0
211,82,64,0
211,83,63,0
211,84,62,0
211,85,61,0
211,86,60,0
211,87,59,0
211,88,58,0
211,89,57,0
211,90,56,0
211,91,55,0
211,92,54,0
211,93,53,0
211,94,52,0
211,95,51,0
211,96,50,0
211,97,49,0
211,98,48,0
211,99,47,0
211,100,46,0
211,101,45,0
211,102,44,0
211,103,43,0
211,104,42,0
211,105,41,0
211,106,40,0
211,107,39,0
211,108,38,0
211,109,37,0
211,110,36,0
211,111,35,0
211,112,34,0
211,113,33,0
211,114,32,0
211,115,31,0
211,116,30,0
211,117,29,0
211,118,28,0
211,119,27,0
211,120,26,0
211,121,25,0
211,122,24,0
211,123,23,0
211,124,22,0
211,125,21,0
211,126,20,0
211,127,19,0
211,128,18,0
211,129,17,0
211,130,16,0
211,131,15,0
211,132,14,0
211,133,13,0
211,134,12,0
211,135,11,0
211,136,10,0
211,137,9,0
211,138,8,0
211,139,7,0
211,140,6,0
211,141,5,0
211,142,4,0
211,143,3,0
211,144,2,0
211,145,1,0
211,146,0,0
212,31,198,0
212,32,197,0
212,33,196,0
212,34,195,0
212,35,194,0
212,36,193,0
212,37,192,0
212,38,191,0
212,39,190,0
212,40,189,0
212,41,188,0
212,42,187,0
212,43,186,0
212,44,185,0
212,45,184,0
212,46,183,0
212,47,182,0
212,48,181,0
212,49,180,0
212,50,179,0
212,51,178,0
212,52,177,0
212,53,176,0
212,54,175,0
212,55,174,0
212,56,173,0
212,57,172,0
212,58,171,0
212,59,170,0
212,60,169,0
212,61,168,0
212,62,167,0
212,63,166,0
212,64,165,0
212,65,164,0
212,66,163,0
212,67,162,0
212,68,161,0
212,69,160,0
212,70,159,0
212,71,158,0
212,72,157,0
212,73,156,0
212,74,155,0
212,75,154,0
212,76,153,0
212,77,152,0
212,78,151,0
212,79,150,0
212,80,149,0
212,81,148,0
212,82,147,0
212,83,146,0
212,84,145,0
212,85,144,0
212,86,143,0
212,87,142,0
212,88,141,0
212,89,140,0
212,90,139,0
212,91,138,0
212,92,137,0
212,93,136,0
212,94,135,0
212,95,134,0
212,96,133,0
212,97,132,0
212,98,131,0
212,99,130,0
212,100,129,0
212,101,128,0
212,102,127,0
212,103,126,0
212,104,125,0
212,105,124,0
212,106,123,0
212,107,122,0
212,108,121,0
212,109,120,0
212,110,119,0
212,111,118,0
212,112,117,0
212,113,116,0
212,114,115,0
212,115,114,0
212,116,113,0
212,117,112,0
212,118,111,0
212,119,110,0
212,120,109,0
212,121,108,0
212,122,107,0
212,123,106,0
212,124,105,0
212,125,104,0
212,126,103,0
212,127,102,0
212,128,101,0
212,129,100,0
212,130,99,0
212,131,98,0
212,132,97,0
212,133,96,0
212,134,95,0
212,135,94,0
212,136,93,0
212,137,92,0
212,138,91,0
212,139,90,0
212,140,89,0
212,141,88,0
212,142,87,0
212,143,86,0
212,144,85,0
212,145,84,0
212,146,83,0
212,147,82,0
212,148,81,0
212,149,80,0
212,150,79,0
212,151,78,0
212,152,77,0
212,153,76,0
212,154,75,0
212,155,74,0
212,156,73,0
212,157,72,0
212,158,71,0
212,159,70,0
212,160,69,0
212,161,68,0
212,162,67,0
212,163,66,0
212,164,65,0
212,165,64,0
212,166,63,0
212,167,62,0
212,168,61,0
212,169,60,0
212,170,59,0
212,171,58,0
212,172,57,0
212,173,56,0
212,174,55,0
212,175,54,0
212,176,53,0
212,177,52,0
212,178,51,0
212,179,50,0
212,180,49,0
212,181,48,0
212,182,47,0
212,183,46,0
212,184,45,0
212,185,44,0
212,186,43,0
212,187,42,0
212,188,41,0
212,189,40,0
212,190,39,0
212,191,38,0
212,192,37,0
212,193,36,0
212,194,35,0
212,195,34,0
212,196,33,0
212,197,32,0
212,198,31,0
212,199,30,0
212,200,29,0
212,201,28,0
212,202,27,0
212,203,26,0
212,204,25,0
212,205,24,0
212,206,23,0
212,207,22,0
212,208,21,0
212,209,20,0
212,210,19,0
212,211,18,0
212,212,17,0
212,213,16,0
212,214,15,0
212,215,14,0
212,216,13,0
212,217,12,0
212,218,11,-1
212,219,10,-1
212,220,9,0
212,221,8,0
212,222,7,0
212,223,6,0
212,224,5,0
212,225,4,0
212,226,3,-1
212,227,2,-1
212,228,1,-1
212,229,0,0
213,31,166,0
213,32,165,0
213,33,164,0
213,34,163,0
213,35,162,0
213,36,161,0
213,37,160,0
213,38,159,0
213,39,158,0
213,40,157,0
213,41,156,0
213,42,155,0
213,43,154,0
213,44,153,0
213,45,152,0
213,46,151,0
213,47,150,0
213,48,149,0
213,49,148,0
213,50,147,0
213,51,146,0
213,52,145,0
213,53,144,0
213,54,143,0
213,55,142,0
213,56,141,0
213,57,140,0
213,58,139,0
213,59,138,0
213,60,137,0
213,61,136,0
213,62,135,0
213,63,134,0
213,64,133,0
213,65,132,0
213,66,131,0
213,67,130,0
213,68,129,0
213,69,128,0
213,70,127,0
213,71,126,0
213,72,125,0
213,73,124,0
213,74,123,0
213,75,122,0
213,76,121,0
213,77,120,0
213,78,119,0
213,79,118,0
213,80,117,0
213,81,116,0
213,82,115,0
213,83,114,0
213,84,113,0
213,85,112,0
213,86,111,0
213,87,110,0
213,88,109,0
213,89,108,0
213,90,107,0
213,91,106,0
213,92,105,0
213,93,104,0
213,94,103,0
213,95,102,0
213,96,101,0
213,97,100,0
213,98,99,0
213,99,98,0
213,100,97,0
213,101,96,0
213,102,95,0
213,103,94,0
213,104,93,0
213,105,92,0
213,106,91,0
213,107,90,0
213,108,89,0
213,109,88,0
213,110,87,0
213,111,86,0
213,112,85,0
213,113,84,0
213,114,83,0
213,115,82,0
213,116,81,0
213,117,80,0
213,118,79,0
213,119,78,0
213,120,77,0
213,121,76,0
213,122,75,0
213,123,74,0
213,124,73,0
213,125,72,0
213,126,71,0
213,127,70,0
213,128,69,0
213,129,68,0
213,130,67,0
213,131,66,0
213,132,65,0
213,133,64,0
213,134,63,0
213,135,62,0
213,136,61,0
213,137,60,0
213,138,59,0
213,139,58,0
213,140,57,0
213,141,56,0
213,142,55,0
213,143,54,0
213,144,53,0
213,145,52,0
213,146,51,0
213,147,50,0
213,148,49,0
213,149,48,0
213,150,47,0
213,151,46,0
213,152,45,0
213,153,44,0
213,154,43,0
213,155,42,0
213,156,41,0
213,157,40,0
213,158,39,0
213,159,38,0
213,160,37,0
213,161,36,0
213,162,35,0
213,163,34,0
213,164,33,0
213,165,32,0
213,166,31,0
213,167,30,0
213,168,29,0
213,169,28,0
213,170,27,0
213,171,26,0
213,172,25,0
213,173,24,0
213,174,23,0
213,175,22,0
213,176,21,0
213,177,20,0
213,178,19,0
213,179,18,0
213,180,17,0
213,181,16,0
213,182,15,0
213,183,14,0
213,184,13,0
213,185,12,0
213,186,11,0
213,187,10,0
213,188,9,0
213,189,8,0
213,190,7,0
213,191,6,0
213,192,5,0
213,193,4,0
213,194,3,0
213,195,2,0
213,196,1,0
213,197,0,0
214,31,97,0
214,32,96,0
214,33,95,0
214,34,94,0
214,35,93,0
214,36,92,0
214,37,91,0
214,38,90,0
214,39,89,0
214,40,88,0
214,41,87,0
214,42,86,0
214,43,85,0
214,44,84,0
214,45,83,0
214,46,82,0
214,47,81,0
214,48,80,0
214,49,79,0
214,50,78,0
214,51,77,0
214,52,76,0
214,53,75,0
214,54,74,0
214,55,73,0
214,56,72,0
214,57,71,0
214,58,70,0
214,59,69,0
214,60,68,0
214,61,67,0
214,62,66,0
214,63,65,0
214,64,64,0
214,65,63,0
214,66,62,0
214,67,61,0
214,68,60,0
214,69,59,0
214,70,58,0
214,71,57,0
214,72,56,0
214,73,55,0
214,74,54,0
214,75,53,0
214,76,52,0
214,77,51,0
214,78,50,0
214,79,49,0
214,80,48,0
214,81,47,0
214,82,46,0
214,83,45,0
214,84,44,0
214,85,43,0
214,86,42,0
214,87,41,0
214,88,40,0
214,89,39,0
214,90,38,0
214,91,37,0
214,92,36,0
214,93,35,0
214,94,34,0
214,95,33,0
214,96,32,0
214,97,31,0
214,98,30,0
214,99,29,0
214,100,28,0
214,101,27,0
214,102,26,0
214,103,25,0
214,104,24,0
214,105,23,0
214,106,22,0
214,107,21,0
214,108,20,0
214,109,19,0
214,110,18,0
214,111,17,0
214,112,16,0
214,113,15,0
214,114,14,0
214,115,13,0
214,116,12,0
214,117,11,0
214,118,10,0
214,119,9,0
214,120,8,0
214,121,7,0
214,122,6,0
214,123,5,0
214,124,4,0
214,125,3,0
214,126,2,0
214,127,1,0
214,128,0,0
215,31,330,0
215,32,329,0
215,33,328,0
215,34,327,0
215,35,326,0
215,36,325,0
215,37,324,0
215,38,323,0
215,39,322,0
215,40,321,0
215,41,320,0
215,42,319,0
215,43,318,0
215,44,317,0
215,45,316,0
215,46,315,0
215,47,314,0
215,48,313,0
215,49,312,0
215,50,311,0
215,51,310,0
215,52,309,0
215,53,308,0
215,54,307,0
215,55,306,0
215,56,305,0
215,57,304,0
215,58,303,0
215,59,302,0
215,60,301,0
215,61,300,0
215,62,299,0
215,63,298,0
215,64,297,0
215,65,296,0
215,66,295,0
215,67,294,0
215,68,293,0
215,69,292,0
215,70,291,0
215,71,290,0
215,72,289,0
215,73,288,0
215,74,287,0
215,75,286,0
215,76,285,0
215,77,284,0
215,78,283,0
215,79,282,0
215,80,281,0
215,81,280,0
215,82,279,0
215,83,278,0
215,84,277,0
215,85,276,0
215,86,275,0
215,87,274,0
215,88,273,0
215,89,272,0
215,90,271,0
215,91,270,0
215,92,269,0
215,93,268,0
215,94,267,0
215,95,266,0
215,96,265,0
215,97,264,0
215,98,263,0
215,99,262,0
215,100,261,0
215,101,260,0
215,102,259,0
215,103,258,0
215,104,257,0
215,105,256,0
215,106,255,0
215,107,254,0
215,108,253,0
215,109,252,0
215,110,251,0
215,111,250,0
215,112,249,0
215,113,248,0
215,114,247,0
215,115,246,0
215,116,245,0
215,117,244,0
215,118,243,0
215,119,242,0
215,120,241,0
215,121,240,0
215,122,239,0
215,123,238,0
215,124,237,0
215,125,236,0
215,126,235,0
215,127,234,0
215,128,233,0
215,129,232,0
215,130,231,0
215,131,230,0
215,132,229,0
215,133,228,0
215,134,227,0
215,135,226,0
215,136,225,0
215,137,224,0
215,138,223,0
215,139,222,0
215,140,221,0
215,141,220,0
215,142,219,0
215,143,218,0
215,144,217,0
215,145,216,0
215,146,215,0
215,147,214,0
215,148,213,0
215,149,212,0
215,150,211,0
215,151,210,0
215,152,209,0
215,153,208,0
215,154,207,0
215,155,206,0
215,156,205,0
215,157,204,0
215,158,203,0
215,159,202,0
215,160,201,0
215,161,200,0
215,162,199,0
215,163,198,0
215,164,197,0
215,165,196,0
215,166,195,0
215,167,194,0
215,168,193,0
215,169,192,0
215,170,191,0
215,171,190,0
215,172,189,0
215,173,188,0
215,174,187,0
215,175,186,0
215,176,185,0
215,177,184,0
215,178,183,0
215,179,182,0
215,180,181,0
215,181,180,0
215,182,179,0
215,183,178,0
215,184,177,0
215,185,176,0
215,186,175,0
215,187,174,0
215,188,173,0
215,189,172,0
215,190,171,0
215,191,170,0
215,192,169,0
215,193,168,0
215,194,167,0
215,195,166,0
215,196,165,0
215,197,164,0
215,198,163,0
215,199,162,0
215,200,161,0
215,201,160,0
215,202,159,0
215,203,158,0
215,204,157,0
215,205,156,0
215,206,155,0
215,207,154,0
215,208,153,0
215,209,152,0
215,210,151,0
215,211,150,0
215,212,149,0
215,213,148,0
215,214,147,0
215,215,146,0
215,216,145,0
215,217,144,0
215,218,143,0
215,219,142,0
215,220,141,0
215,221,140,0
215,222,139,0
215,223,138,0
215,224,137,0
215,225,136,0
215,226,135,0
215,227,134,0
215,228,133,0
215,229,132,0
215,230,131,0
215,231,130,0
215,232,129,0
215,233,128,0
215,234,127,0
215,235,126,0
215,236,125,0
215,237,124,0
215,238,123,0
215,239,122,0
215,240,121,0
215,241,120,0
215,242,119,0
215,243,118,0
215,244,117,0
215,245,116,0
215,246,115,0
215,247,114,0
215,248,113,0
215,249,112,0
215,250,111,0
215,251,110,0
215,252,109,0
215,253,108,0
215,254,107,0
215,255,106,0
215,256,105,0
215,257,104,0
215,258,103,0
215,259,102,0
215,260,101,0
215,261,100,0
215,262,99,0
215,263,98,0
215,264,97,0
215,265,96,0
215,266,95,0
215,267,94,0
215,268,93,0
215,269,92,0
215,270,91,0
215,271,90,0
215,272,89,0
215,273,88,0
215,274,87,0
215,275,86,0
215,276,85,0
215,277,84,0
215,278,83,0
215,279,82,0
215,280,81,0
215,281,80,0
215,282,79,0
215,283,78,0
215,284,77,0
215,285,76,0
215,286,75,0
215,287,74,0
215,288,73,0
215,289,72,0
215,290,71,0
215,291,70,0
215,292,69,0
215,293,68,0
215,294,67,0
215,295,66,0
215,296,65,0
215,297,64,0
215,298,63,0
215,299,62,0
215,300,61,0
215,301,60,0
215,302,59,0
215,303,58,0
215,304,57,0
215,305,56,0
215,306,55,0
215,307,54,0
215,308,53,0
215,309,52,0
215,310,51,0
215,311,50,0
215,312,49,0
215,313,48,0
215,314,47,0
215,315,46,0
215,316,45,0
215,317,44,0
215,318,43,0
215,319,42,0
215,320,41,0
215,321,40,0
215,322,39,0
215,323,38,0
215,324,37,0
215,325,36,0
215,326,35,0
215,327,34,0
215,328,33,0
215,329,32,0
215,330,31,0
215,331,30,0
215,332,29,0
215,333,28,0
215,334,27,0
215,335,26,0
215,336,25,0
215,337,24,0
215,338,23,0
215,339,22,0
215,340,21,0
215,341,20,0
215,342,19,0
215,343,18,0
215,344,17,0
215,345,16,0
215,346,15,0
215,347,14,0
215,348,13,0
215,349,12,0
215,350,11,0
215,351,10,0
215,352,9,0
215,353,8,0
215,354,7,0
215,355,6,0
215,356,5,0
215,357,4,-1
215,358,3,0
215,359,2,0
215,360,1,-1
215,361,0,0
216,31,213,0
216,32,212,0
216,33,211,0
216,34,210,0
216,35,209,0
216,36,208,0
216,37,207,0
216,38,206,0
216,39,205,0
216,40,204,0
216,41,203,0
216,42,202,0
216,43,201,0
216,44,200,0
216,45,199,0
216,46,198,0
216,47,197,0
216,48,196,0
216,49,195,0
216,50,194,0
216,51,193,0
216,52,192,0
216,53,191,0
216,54,190,0
216,55,189,0
216,56,188,0
216,57,187,0
216,58,186,0
216,59,185,0
216,60,184,0
216,61,183,0
216,62,182,0
216,63,181,0
216,64,180,0
216,65,179,0
216,66,178,0
216,67,177,0
216,68,176,0
216,69,175,0
216,70,174,0
216,71,173,0
216,72,172,0
216,73,171,0
216,74,170,0
216,75,169,0
216,76,168,0
216,77,167,0
216,78,166,0
216,79,165,0
216,80,164,0
216,81,163,0
216,82,162,0
216,83,161,0
216,84,160,0
216,85,159,0
216,86,158,0
216,87,157,0
216,88,156,0
216,89,155,0
216,90,154,0
216,91,153,0
216,92,152,0
216,93,151,0
216,94,150,0
216,95,149,0
216,96,148,0
216,97,147,0
216,98,146,0
216,99,145,0
216,100,144,0
216,101,143,0
216,102,142,0
216,103,141,0
216,104,140,0
216,105,139,0
216,106,138,0
216,107,137,0
216,108,136,0
216,109,135,0
216,110,134,0
216,111,133,0
216,112,132,0
216,113,131,0
216,114,130,0
216,115,129,0
216,116,128,0
216,117,127,0
216,118,126,0
216,119,125,0
216,120,124,0
216,121,123,0
216,122,122,0
216,123,121,0
216,124,120,0
216,125,119,0
216,126,118,0
216,127,117,0
216,128,116,0
216,129,115,0
216,130,114,0
216,131,113,0
216,132,112,0
216,133,111,0
216,134,110,0
216,135,109,0
216,136,108,0
216,137,107,0
216,138,106,0
216,139,105,0
216,140,104,0
216,141,103,0
216,142,102,0
216,143,101,0
216,144,100,0
216,145,99,0
216,146,98,0
216,147,97,0
216,148,96,0
216,149,95,0
216,150,94,0
216,151,93,0
216,152,92,0
216,153,91,0
216,154,90,0
216,155,89,0
216,156,88,0
216,157,87,0
216,158,86,0
216,159,85,0
216,160,84,0
216,161,83,0
216,162,82,0
216,163,81,0
216,164,80,0
216,165,79,0
216,166,78,0
216,167,77,0
216,168,76,0
216,169,75,0
216,170,74,0
216,171,73,0
216,172,72,0
216,173,71,0
216,174,70,0
216,175,69,0
216,176,68,0
216,177,67,0
216,178,66,0
216,179,65,0
216,180,64,0
216,181,63,0
216,182,62,0
216,183,61,0
216,184,60,0
216,185,59,0
216,186,58,0
216,187,57,0
216,188,56,0
216,189,55,0
216,190,54,0
216,191,53,0
216,192,52,0
216,193,51,0
216,194,50,0
216,195,49,0
216,196,48,0
216,197,47,0
216,198,46,0
216,199,45,0
216,200,44,0
216,201,43,0
216,202,42,0
216,203,41,0
216,204,40,0
216,205,39,0
216,206,38,0
216,207,37,0
216,208,36,0
216,209,35,0
216,210,34,0
216,211,33,0
216,212,32,0
216,213,31,0
216,214,30,0
216,215,29,0
216,216,28,0
216,217,27,0
216,218,26,0
216,219,25,0
216,220,24,0
216,221,23,0
216,222,22,0
216,223,21,0
216,224,20,0
216,225,19,0
216,226,18,0
216,227,17,0
216,228,16,0
216,229,15,0
216,230,14,0
216,231,13,0
216,232,12,0
216,233,11,0
216,234,10,0
216,235,9,0
216,236,8,0
216,237,7,0
216,238,6,0
216,239,5,0
216,240,4,0
216,241,3,-1
216,242,2,-1
216,243,1,0
216,244,0,0
217,31,169,0
217,32,168,0
217,33,167,0
217,34,166,0
217,35,165,0
217,36,164,0
217,37,163,0
217,38,162,0
217,39,161,0
217,40,160,0
217,41,159,0
217,42,158,0
217,43,157,0
217,44,156,0
217,45,155,0
217,46,154,0
217,47,153,0
217,48,152,0
217,49,151,0
217,50,150,0
217,51,149,0
217,52,148,0
217,53,147,0
217,54,146,0
217,55,145,0
217,56,144,0
217,57,143,0
217,58,142,0
217,59,141,0
217,60,140,0
217,61,139,0
217,62,138,0
217,63,137,0
217,64,136,0
217,65,135,0
217,66,134,0
217,67,133,0
217,68,132,0
217,69,131,0
217,70,130,0
217,71,129,0
217,72,128,0
217,73,127,0
217,74,126,0
217,75,125,0
217,76,124,0
217,77,123,0
217,78,122,0
217,79,121,0
217,80,120,0
217,81,119,0
217,82,118,0
217,83,117,0
217,84,116,0
217,85,115,0
217,86,114,0
217,87,113,0
217,88,112,0
217,89,111,0
217,90,110,0
217,91,109,0
217,92,108,0
217,93,107,0
217,94,106,0
217,95,105,0
217,96,104,0
217,97,103,0
217,98,102,0
217,99,101,0
217,100,100,0
217,101,99,0
217,102,98,0
217,103,97,0
217,104,96,0
217,105,95,0
217,106,94,0
217,107,93,0
217,108,92,0
217,109,91,0
217,110,90,0
217,111,89,0
217,112,88,0
217,113,87,0
217,114,86,0
217,115,85,0
217,116,84,0
217,117,83,0
217,118,82,0
217,119,81,0
217,120,80,0
217,121,79,0
217,122,78,0
217,123,77,0
217,124,76,0
217,125,75,0
217,126,74,0
217,127,73,0
217,128,72,0
217,129,71,0
217,130,70,0
217,131,69,0
217,132,68,0
217,133,67,0
217,134,66,0
217,135,65,0
217,136,64,0
217,137,63,0
217,138,62,0
217,139,61,0
217,140,60,0
217,141,59,0
217,142,58,0
217,143,57,0
217,144,56,0
217,145,55,0
217,146,54,0
217,147,53,0
217,148,52,0
217,149,51,0
217,150,50,0
217,151,49,0
217,152,48,0
217,153,47,0
217,154,46,0
217,155,45,0
217,156,44,0
217,157,43,0
217,158,42,0
217,159,41,0
217,160,40,0
217,161,39,0
217,162,38,0
217,163,37,0
217,164,36,0
217,165,35,0
217,166,34,0
217,167,33,0
217,168,32,0
217,169,31,0
217,170,30,0
217,171,29,0
217,172,28,0
217,173,27,0
217,174,26,0
217,175,25,0
217,176,24,0
217,177,23,0
217,178,22,0
217,179,21,0
217,180,20,0
217,181,19,0
217,182,18,0
217,183,17,0
217,184,16,0
217,185,15,0
217,186,14,0
217,187,13,0
217,188,12,0
217,189,11,0
217,190,10,0
217,191,9,0
217,192,8,0
217,193,7,0
217,194,6,0
217,195,5,0
217,196,4,0
217,197,3,0
217,198,2,0
217,199,1,0
217,200,0,0
218,31,205,0
218,32,204,0
218,33,203,0
218,34,202,0
218,35,201,0
218,36,200,0
218,37,199,0
218,38,198,0
218,39,197,0
218,40,196,0
218,41,195,0
218,42,194,0
218,43,193,0
218,44,192,0
218,45,191,0
218,46,190,0
218,47,189,0
218,48,188,0
218,49,187,0
218,50,186,0
218,51,185,0
218,52,184,0
218,53,183,0
218,54,182,0
218,55,181,0
218,56,180,0
218,57,179,0
218,58,178,0
218,59,177,0
218,60,176,0
218,61,175,0
218,62,174,0
218,63,173,0
218,64,172,0
218,65,171,0
218,66,170,0
218,67,169,0
218,68,168,0
218,69,167,0
218,70,166,0
218,71,165,0
218,72,164,0
218,73,163,0
218,74,162,0
218,75,161,0
218,76,160,0
218,77,159,0
218,78,158,0
218,79,157,0
218,80,156,0
218,81,155,0
218,82,154,0
218,83,153,0
218,84,152,0
218,85,151,0
218,86,150,0
218,87,149,0
218,88,148,0
218,89,147,0
218,90,146,0
218,91,145,0
218,92,144,0
218,93,143,0
218,94,142,0
218,95,141,0
218,96,140,0
218,97,139,0
218,98,138,0
218,99,137,0
218,100,136,0
218,101,135,0
218,102,134,0
218,103,133,0
218,104,132,0
218,105,131,0
218,106,130,0
218,107,129,0
218,108,128,0
218,109,127,0
218,110,126,0
218,111,125,0
218,112,124,0
218,113,123,0
218,114,122,0
218,115,121,0
218,116,120,0
218,117,119,0
218,118,118,0
218,119,117,0
218,120,116,0
218,121,115,0
218,122,114,0
218,123,113,0
218,124,112,0
218,125,111,0
218,126,110,0
218,127,109,0
218,128,108,0
218,129,107,0
218,130,106,0
218,131,105,0
218,132,104,0
218,133,103,0
218,134,102,0
218,135,101,0
218,136,100,0
218,137,99,0
218,138,98,0
218,139,97,0
218,140,96,0
218,141,95,0
218,142,94,0
218,143,93,0
218,144,92,0
218,145,91,0
218,146,90,0
218,147,89,0
218,148,88,0
218,149,87,0
218,150,86,0
218,151,85,0
218,152,84,0
218,153,83,0
218,154,82,0
218,155,81,0
218,156,80,0
218,157,79,0
218,158,78,0
218,159,77,0
218,160,76,0
218,161,75,0
218,162,74,0
218,163,73,0
218,164,72,0
218,165,71,0
218,166,70,0
218,167,69,0
218,168,68,0
218,169,67,0
218,170,66,0
218,171,65,0
218,172,64,0
218,173,63,0
218,174,62,0
218,175,61,0
218,176,60,0
218,177,59,0
218,178,58,0
218,179,57,0
218,180,56,0
218,181,55,0
218,182,54,0
218,183,53,0
218,184,52,0
218,185,51,0
218,186,50,0
218,187,49,0
218,188,48,0
218,189,47,0
218,190,46,0
218,191,45,0
218,192,44,0
218,193,43,0
218,194,42,0
218,195,41,0
218,196,40,0
218,197,39,0
218,198,38,0
218,199,37,0
218,200,36,0
218,201,35,0
218,202,34,0
218,203,33,0
218,204,32,0
218,205,31,0
218,206,30,0
218,207,29,0
218,208,28,0
218,209,27,0
218,210,26,0
218,211,25,0
218,212,24,0
218,213,23,0
218,214,22,0
218,215,21,0
218,216,20,0
218,217,19,0
218,218,18,0
218,219,17,0
218,220,16,0
218,221,15,0
218,222,14,0
218,223,13,0
218,224,12,0
218,225,11,0
218,226,10,0
218,227,9,0
218,228,8,0
218,229,7,0
218,230,6,0
218,231,5,0
218,232,4,0
218,233,3,0
218,234,2,0
218,235,1,0
218,236,0,0
219,31,159,0
219,32,158,0
219,33,157,0
219,34,156,0
219,35,155,0
219,36,154,0
219,37,153,0
219,38,152,0
219,39,151,0
219,40,150,0
219,41,149,0
219,42,148,0
219,43,147,0
219,44,146,0
219,45,145,0
219,46,144,0
219,47,143,0
219,48,142,0
219,49,141,0
219,50,140,0
219,51,139,0
219,52,138,0
219,53,137,0
219,54,136,0
219,55,135,0
219,56,134,0
219,57,133,0
219,58,132,0
219,59,131,0
219,60,130,0
219,61,129,0
219,62,128,0
219,63,127,0
219,64,126,0
219,65,125,0
219,66,124,0
219,67,123,0
219,68,122,0
219,69,121,0
219,70,120,0
219,71,119,0
219,72,118,0
219,73,117,0
219,74,116,0
219,75,115,0
219,76,114,0
219,77,113,0
219,78,112,0
219,79,111,0
219,80,110,0
219,81,109,0
219,82,108,0
219,83,107,0
219,84,106,0
219,85,105,0
219,86,104,0
219,87,103,0
219,88,102,0
219,89,101,0
219,90,100,0
219,91,99,0
219,92,98,0
219,93,97,0
219,94,96,0
219,95,95,0
219,96,94,0
219,97,93,0
219,98,92,0
219,99,91,0
219,100,90,0
219,101,89,0
219,102,88,0
219,103,87,0
219,104,86,0
219,105,85,0
219,106,84,0
219,107,83,0
219,108,82,0
219,109,81,0
219,110,80,0
219,111,79,0
219,112,78,0
219,113,77,0
219,114,76,0
219,115,75,0
219,116,74,0
219,117,73,0
219,118,72,0
219,119,71,0
219,120,70,0
219,121,69,0
219,122,68,0
219,123,67,0
219,124,66,0
219,125,65,0
219,126,64,0
219,127,63,0
219,128,62,0
219,129,61,0
219,130,60,0
219,131,59,0
219,132,58,0
219,133,57,0
219,134,56,0
219,135,55,0
219,136,54,0
219,137,53,0
219,138,52,0
219,139,51,0
219,140,50,0
219,141,49,0
219,142,48,0
219,143,47,0
219,144,46,0
219,145,45,0
219,146,44,0
219,147,43,0
219,148,42,0
219,149,41,0
219,150,40,0
219,151,39,0
219,152,38,0
219,153,37,0
219,154,36,0
219,155,35,0
219,156,34,0
219,157,33,0
219,158,32,0
219,159,31,0
219,160,30,0
219,161,29,0
219,162,28,0
219,163,27,0
219,164,26,0
219,165,25,0
219,166,24,0
219,167,23,0
219,168,22,0
219,169,21,0
219,170,20,0
219,171,19,0
219,172,18,0
219,173,17,0
219,174,16,0
219,175,15,0
219,176,14,0
219,177,13,0
219,178,12,0
219,179,11,0
219,180,10,0
219,181,9,0
219,182,8,0
219,183,7,0
219,184,6,0
219,185,5,0
219,186,4,0
219,187,3,0
219,188,2,0
219,189,1,0
219,190,0,0
220,31,171,0
220,32,170,0
220,33,169,0
220,34,168,0
220,35,167,0
220,36,166,0
220,37,165,0
220,38,164,0
220,39,163,0
220,40,162,0
220,41,161,0
220,42,160,0
220,43,159,0
220,44,158,0
220,45,157,0
220,46,156,0
220,47,155,0
220,48,154,0
220,49,153,0
220,50,152,0
220,51,151,0
220,52,150,0
220,53,149,0
220,54,148,0
220,55,147,0
220,56,146,0
220,57,145,0
220,58,144,0
220,59,143,0
220,60,142,0
220,61,141,0
220,62,140,0
220,63,139,0
220,64,138,0
220,65,137,0
220,66,136,0
220,67,135,0
220,68,134,0
220,69,133,0
220,70,132,0
220,71,131,0
220,72,130,0
220,73,129,0
220,74,128,0
220,75,127,0
220,76,126,0
220,77,125,0
220,78,124,0
220,79,123,0
220,80,122,0
220,81,121,0
220,82,120,0
220,83,119,0
220,84,118,0
220,85,117,0
220,86,116,0
220,87,115,0
220,88,114,0
220,89,113,0
220,90,112,0
220,91,111,0
220,92,110,0
220,93,109,0
220,94,108,0
220,95,107,0
220,96,106,0
220,97,105,0
220,98,104,0
220,99,103,0
220,100,102,0
220,101,101,0
220,102,100,0
220,103,99,0
220,104,98,0
220,105,97,0
220,106,96,0
220,107,95,0
220,108,94,0
220,109,93,0
220,110,92,0
220,111,91,0
220,112,90,0
220,113,89,0
220,114,88,0
220,115,87,0
220,116,86,0
220,117,85,0
220,118,84,0
220,119,83,0
220,120,82,0
220,121,81,0
220,122,80,0
220,123,79,0
220,124,78,0
220,125,77,0
220,126,76,0
220,127,75,0
220,128,74,0
220,129,73,0
220,130,72,0
220,131,71,0
220,132,70,0
220,133,69,0
220,134,68,0
220,135,67,0
220,136,66,0
220,137,65,0
220,138,64,0
220,139,63,0
220,140,62,0
220,141,61,0
220,142,60,0
220,143,59,0
220,144,58,0
220,145,57,0
220,146,56,0
220,147,55,0
220,148,54,0
220,149,53,0
220,150,52,0
220,151,51,0
220,152,50,0
220,153,49,0
220,154,48,0
220,155,47,0
220,156,46,0
220,157,45,0
220,158,44,0
220,159,43,0
220,160,42,0
220,161,41,0
220,162,40,0
220,163,39,0
220,164,38,0
220,165,37,0
220,166,36,0
220,167,35,0
220,168,34,0
220,169,33,0
220,170,32,0
220,171,31,0
220,172,30,0
220,173,29,0
220,174,28,0
220,175,27,0
220,176,26,0
220,177,25,0
220,178,24,0
220,179,23,0
220,180,22,0
220,181,21,0
220,182,20,0
220,183,19,0
220,184,18,0
220,185,17,0
220,186,16,0
220,187,15,0
220,188,14,0
220,189,13,0
220,190,12,0
220,191,11,0
220,192,10,0
220,193,9,0
220,194,8,0
220,195,7,0
220,196,6,0
220,197,5,0
220,198,4,0
220,199,3,0
220,200,2,0
220,201,1,0
220,202,0,0
221,31,243,0
221,32,242,0
221,33,241,0
221,34,240,0
221,35,239,0
221,36,238,0
221,37,237,0
221,38,236,0
221,39,235,0
221,40,234,0
221,41,233,0
221,42,232,0
221,43,231,0
221,44,230,0
221,45,229,0
221,46,228,0
221,47,227,0
221,48,226,0
221,49,225,0
221,50,224,0
221,51,223,0
221,52,222,0
221,53,221,0
221,54,220,0
221,55,219,0
221,56,218,0
221,57,217,0
221,58,216,0
221,59,215,0
221,60,214,0
221,61,213,0
221,62,212,0
221,63,211,0
221,64,210,0
221,65,209,0
221,66,208,0
221,67,207,0
221,68,206,0
221,69,205,0
221,70,204,0
221,71,203,0
221,72,202,0
221,73,201,0
221,74,200,0
221,75,199,0
221,76,198,0
221,77,197,0
221,78,196,0
221,79,195,0
221,80,194,0
221,81,193,0
221,82,192,0
221,83,191,0
221,84,190,0
221,85,189,0
221,86,188,0
221,87,187,0
221,88,186,0
221,89,185,0
221,90,184,0
221,91,183,0
221,92,182,0
221,93,181,0
221,94,180,0
221,95,179,0
221,96,178,0
221,97,177,0
221,98,176,0
221,99,175,0
221,100,174,0
221,101,173,0
221,102,172,0
221,103,171,0
221,104,170,0
221,105,169,0
221,106,168,0
221,107,167,0
221,108,166,0
221,109,165,0
221,110,164,0
221,111,163,0
221,112,162,0
221,113,161,0
221,114,160,0
221,115,159,0
221,116,158,0
221,117,157,0
221,118,156,0
221,119,155,0
221,120,154,0
221,121,153,0
221,122,152,0
221,123,151,0
221,124,150,0
221,125,149,0
221,126,148,0
221,127,147,0
221,128,146,0
221,129,145,0
221,130,144,0
221,131,143,0
221,132,142,0
221,133,141,0
221,134,140,0
221,135,139,0
221,136,138,0
221,137,137,0
221,138,136,0
221,139,135,0
221,140,134,0
221,141,133,0
221,142,132,0
221,143,131,0
221,144,130,0
221,145,129,0
221,146,128,0
221,147,127,0
221,148,126,0
221,149,125,0
221,150,124,0
221,151,123,0
221,152,122,0
221,153,121,0
221,154,120,0
221,155,119,0
221,156,118,0
221,157,117,0
221,158,116,0
221,159,115,0
221,160,114,0
221,161,113,0
221,162,112,0
221,163,111,0
221,164,110,0
221,165,109,0
221,166,108,0
221,167,107,0
221,168,106,0
221,169,105,0
221,170,104,0
221,171,103,0
221,172,102,0
221,173,101,0
221,174,100,0
221,175,99,0
221,176,98,0
221,177,97,0
221,178,96,0
221,179,95,0
221,180,94,0
221,181,93,0
221,182,92,0
221,183,91,0
221,184,90,0
221,185,89,0
221,186,88,0
221,187,87,0
221,188,86,0
221,189,85,0
221,190,84,0
221,191,83,0
221,192,82,0
221,193,81,0
221,194,80,0
221,195,79,0
221,196,78,0
221,197,77,0
221,198,76,0
221,199,75,0
221,200,74,0
221,201,73,0
221,202,72,0
221,203,71,0
221,204,70,0
221,205,69,0
221,206,68,0
221,207,67,0
221,208,66,0
221,209,65,0
221,210,64,0
221,211,63,0
221,212,62,0
221,213,61,0
221,214,60,0
221,215,59,0
221,216,58,0
221,217,57,0
221,218,56,0
221,219,55,0
221,220,54,0
221,221,53,0
221,222,52,0
221,223,51,0
221,224,50,0
221,225,49,0
221,226,48,0
221,227,47,0
221,228,46,0
221,229,45,0
221,230,44,0
221,231,43,0
221,232,42,0
221,233,41,0
221,234,40,0
221,235,39,0
221,236,38,0
221,237,37,0
221,238,36,0
221,239,35,0
221,240,34,0
221,241,33,0
221,242,32,0
221,243,31,0
221,244,30,0
221,245,29,0
221,246,28,0
221,247,27,0
221,248,26,0
221,249,25,0
221,250,24,0
221,251,23,0
221,252,22,0
221,253,21,0
221,254,20,0
221,255,19,0
221,256,18,0
221,257,17,0
221,258,16,0
221,259,15,0
221,260,14,0
221,261,13,0
221,262,12,0
221,263,11,0
221,264,10,0
221,265,9,0
221,266,8,0
221,267,7,0
221,268,6,0
221,269,5,0
221,270,4,0
221,271,3,0
221,272,2,0
221,273,1,0
221,274,0,0
222,31,171,0
222,32,170,0
222,33,169,0
222,34,168,0
222,35,167,0
222,36,166,0
222,37,165,0
222,38,164,0
222,39,163,0
222,40,162,0
222,41,161,0
222,42,160,0
222,43,159,0
222,44,158,0
222,45,157,0
222,46,156,0
222,47,155,0
222,48,154,0
222,49,153,0
222,50,152,0
222,51,151,0
222,52,150,0
222,53,149,0
222,54,148,0
222,55,147,0
222,56,146,0
222,57,145,0
222,58,144,0
222,59,143,0
222,60,142,0
222,61,141,0
222,62,140,0
222,63,139,0
222,64,138,0
222,65,137,0
222,66,136,0
222,67,135,0
222,68,134,0
222,69,133,0
222,70,132,0
222,71,131,0
222,72,130,0
222,73,129,0
222,74,128,0
222,75,127,0
222,76,126,0
222,77,125,0
222,78,124,0
222,79,123,0
222,80,122,0
222,81,121,0
222,82,120,0
222,83,119,0
222,84,118,0
222,85,117,0
222,86,116,0
222,87,115,0
222,88,114,0
222,89,113,0
222,90,112,0
222,91,111,0
222,92,110,0
222,93,109,0
222,94,108,0
222,95,107,0
222,96,106,0
222,97,105,0
222,98,104,0
222,99,103,0
222,100,102,0
222,101,101,0
222,102,100,0
222,103,99,0
222,104,98,0
222,105,97,0
222,106,96,0
222,107,95,0
222,108,94,0
222,109,93,0
222,110,92,0
222,111,91,0
222,112,90,0
222,113,89,0
222,114,88,0
222,115,87,0
222,116,86,0
222,117,85,0
222,118,84,0
222,119,83,0
222,120,82,0
222,121,81,0
222,122,80,0
222,123,79,0
222,124,78,0
222,125,77,0
222,126,76,0
222,127,75,0
222,128,74,0
222,129,73,0
222,130,72,0
222,131,71,0
222,132,70,0
222,133,69,0
222,134,68,0
222,135,67,0
222,136,66,0
222,137,65,0
222,138,64,0
222,139,63,0
222,140,62,0
222,141,61,0
222,142,60,0
222,143,59,0
222,144,58,0
222,145,57,0
222,146,56,0
222,147,55,0
222,148,54,0
222,149,53,0
222,150,52,0
222,151,51,0
222,152,50,0
222,153,49,0
222,154,48,0
222,155,47,0
222,156,46,0
222,157,45,0
222,158,44,0
222,159,43,0
222,160,42,0
222,161,41,0
222,162,40,0
222,163,39,0
222,164,38,0
222,165,37,0
222,166,36,0
222,167,35,0
222,168,34,0
222,169,33,0
222,170,32,0
222,171,31,0
222,172,30,0
222,173,29,0
222,174,28,0
222,175,27,0
222,176,26,0
222,177,25,0
222,178,24,0
222,179,23,0
222,180,22,0
222,181,21,0
222,182,20,0
222,183,19,0
222,184,18,0
222,185,17,0
222,186,16,0
222,187,15,0
222,188,14,0
222,189,13,0
222,190,12,0
222,191,11,0
222,192,10,0
222,193,9,0
222,194,8,0
222,195,7,0
222,196,6,0
222,197,5,0
222,198,4,0
222,199,3,0
222,200,2,0
222,201,1,0
222,202,0,0
223,31,216,0
223,32,215,0
223,33,214,0
223,34,213,0
223,35,212,0
223,36,211,0
223,37,210,0
223,38,209,0
223,39,208,0
223,40,207,0
223,41,206,0
223,42,205,0
223,43,204,0
223,44,203,0
223,45,202,0
223,46,201,0
223,47,200,0
223,48,199,0
223,49,198,0
223,50,197,0
223,51,196,0
223,52,195,0
223,53,194,0
223,54,193,0
223,55,192,0
223,56,191,0
223,57,190,0
223,58,189,0
223,59,188,0
223,60,187,0
223,61,186,0
223,62,185,0
223,63,184,0
223,64,183,0
223,65,182,0
223,66,181,0
223,67,180,0
223,68,179,0
223,69,178,0
223,70,177,0
223,71,176,0
223,72,175,0
223,73,174,0
223,74,173,0
223,75,172,0
223,76,171,0
223,77,170,0
223,78,169,0
223,79,168,0
223,80,167,0
223,81,166,0
223,82,165,0
223,83,164,0
223,84,163,0
223,85,162,0
223,86,161,0
223,87,160,0
223,88,159,0
223,89,158,0
223,90,157,0
223,91,156,0
223,92,155,0
223,93,154,0
223,94,153,0
223,95,152,0
223,96,151,0
223,97,150,0
223,98,149,0
223,99,148,0
223,100,147,0
223,101,146,0
223,102,145,0
223,103,144,0
223,104,143,0
223,105,142,0
223,106,141,0
223,107,140,0
223,108,139,0
223,109,138,0
223,110,137,0
223,111,136,0
223,112,135,0
223,113,134,0
223,114,133,0
223,115,132,0
223,116,131,0
223,117,130,0
223,118,129,0
223,119,128,0
223,120,127,0
223,121,126,0
223,122,125,0
223,123,124,0
223,124,123,0
223,125,122,0
223,126,121,0
223,127,120,0
223,128,119,0
223,129,118,0
223,130,117,0
223,131,116,0
223,132,115,0
223,133,114,0
223,134,113,0
223,135,112,0
223,136,111,0
223,137,110,0
223,138,109,0
223,139,108,0
223,140,107,0
223,141,106,0
223,142,105,0
223,143,104,0
223,144,103,0
223,145,102,0
223,146,101,0
223,147,100,0
223,148,99,0
223,149,98,0
223,150,97,0
223,151,96,0
223,152,95,0
223,153,94,0
223,154,93,0
223,155,92,0
223,156,91,0
223,157,90,0
223,158,89,0
223,159,88,0
223,160,87,0
223,161,86,0
223,162,85,0
223,163,84,0
223,164,83,0
223,165,82,0
223,166,81,0
223,167,80,0
223,168,79,0
223,169,78,0
223,170,77,0
223,171,76,0
223,172,75,0
223,173,74,0
223,174,73,0
223,175,72,0
223,176,71,0
223,177,70,0
223,178,69,0
223,179,68,0
223,180,67,0
223,181,66,0
223,182,65,0
223,183,64,0
223,184,63,0
223,185,62,0
223,186,61,0
223,187,60,0
223,188,59,0
223,189,58,0
223,190,57,0
223,191,56,0
223,192,55,0
223,193,54,0
223,194,53,0
223,195,52,0
223,196,51,0
223,197,50,0
223,198,49,0
223,199,48,0
223,200,47,0
223,201,46,0
223,202,45,0
223,203,44,0
223,204,43,0
223,205,42,0
223,206,41,0
223,207,40,0
223,208,39,0
223,209,38,0
223,210,37,0
223,211,36,0
223,212,35,0
223,213,34,0
223,214,33,0
223,215,32,0
223,216,31,0
223,217,30,0
223,218,29,0
223,219,28,0
223,220,27,0
223,221,26,0
223,222,25,0
223,223,24,0
223,224,23,0
223,225,22,0
223,226,21,0
223,227,20,0
223,228,19,0
223,229,18,0
223,230,17,0
223,231,16,0
223,232,15,0
223,233,14,0
223,234,13,0
223,235,12,0
223,236,11,0
223,237,10,0
223,238,9,0
223,239,8,0
223,240,7,0
223,241,6,0
223,242,5,0
223,243,4,0
223,244,3,0
223,245,2,0
223,246,1,0
223,247,0,0
224,31,237,0
224,32,236,0
224,33,235,0
224,34,234,0
224,35,233,0
224,36,232,0
224,37,231,0
224,38,230,0
224,39,229,0
224,40,228,0
224,41,227,0
224,42,226,0
224,43,225,0
224,44,224,0
224,45,223,0
224,46,222,0
224,47,221,0
224,48,220,0
224,49,219,0
224,50,218,0
224,51,217,0
224,52,216,0
224,53,215,0
224,54,214,0
224,55,213,0
224,56,212,0
224,57,211,0
224,58,210,0
224,59,209,0
224,60,208,0
224,61,207,0
224,62,206,0
224,63,205,0
224,64,204,0
224,65,203,0
224,66,202,0
224,67,201,0
224,68,200,0
224,69,199,0
224,70,198,0
224,71,197,0
224,72,196,0
224,73,195,0
224,74,194,0
224,75,193,0
224,76,192,0
224,77,191,0
224,78,190,0
224,79,189,0
224,80,188,0
224,81,187,0
224,82,186,0
224,83,185,0
224,84,184,0
224,85,183,0
224,86,182,0
224,87,181,0
224,88,180,0
224,89,179,0
224,90,178,0
224,91,177,0
224,92,176,0
224,93,175,0
224,94,174,0
224,95,173,0
224,96,172,0
224,97,171,0
224,98,170,0
224,99,169,0
224,100,168,0
224,101,167,0
224,102,166,0
224,103,165,0
224,104,164,0
224,105,163,0
224,106,162,0
224,107,161,0
224,108,160,0
224,109,159,0
224,110,158,0
224,111,157,0
224,112,156,0
224,113,155,0
224,114,154,0
224,115,153,0
224,116,152,0
224,117,151,0
224,118,150,0
224,119,149,0
224,120,148,0
224,121,147,0
224,122,146,0
224,123,145,0
224,124,144,0
224,125,143,0
224,126,142,0
224,127,141,0
224,128,140,0
224,129,139,0
224,130,138,0
224,131,137,0
224,132,136,0
224,133,135,0
224,134,134,0
224,135,133,0
224,136,132,0
224,137,131,0
224,138,130,0
224,139,129,0
224,140,128,0
224,141,127,0
224,142,126,0
224,143,125,0
224,144,124,0
224,145,123,0
224,146,122,0
224,147,121,0
224,148,120,0
224,149,119,0
224,150,118,0
224,151,117,0
224,152,116,0
224,153,115,0
224,154,114,0
224,155,113,0
224,156,112,0
224,157,111,0
224,158,110,0
224,159,109,0
224,160,108,0
224,161,107,0
224,162,106,0
224,163,105,0
224,164,104,0
224,165,103,0
224,166,102,0
224,167,101,0
224,168,100,0
224,169,99,0
224,170,98,0
224,171,97,0
224,172,96,0
224,173,95,0
224,174,94,0
224,175,93,0
224,176,92,0
224,177,91,0
224,178,90,0
224,179,89,0
224,180,88,0
224,181,87,0
224,182,86,0
224,183,85,0
224,184,84,0
224,185,83,0
224,186,82,0
224,187,81,0
224,188,80,0
224,189,79,0
224,190,78,0
224,191,77,0
224,192,76,0
224,193,75,0
224,194,74,0
224,195,73,0
224,196,72,0
224,197,71,0
224,198,70,0
224,199,69,0
224,200,68,0
224,201,67,0
224,202,66,0
224,203,65,0
224,204,64,0
224,205,63,0
224,206,62,0
224,207,61,0
224,208,60,0
224,209,59,0
224,210,58,0
224,211,57,0
224,212,56,0
224,213,55,0
224,214,54,0
224,215,53,0
224,216,52,0
224,217,51,0
224,218,50,0
224,219,49,0
224,220,48,0
224,221,47,0
224,222,46,0
224,223,45,0
224,224,44,0
224,225,43,0
224,226,42,0
224,227,41,0
224,228,40,0
224,229,39,0
224,230,38,0
224,231,37,0
224,232,36,0
224,233,35,0
224,234,34,0
224,235,33,0
224,236,32,0
224,237,31,0
224,238,30,0
224,239,29,0
224,240,28,0
224,241,27,0
224,242,26,0
224,243,25,0
224,244,24,0
224,245,23,0
224,246,22,0
224,247,21,0
224,248,20,0
224,249,19,0
224,250,18,0
224,251,17,0
224,252,16,0
224,253,15,0
224,254,14,0
224,255,13,0
224,256,12,0
224,257,11,0
224,258,10,0
224,259,9,0
224,260,8,0
224,261,7,0
224,262,6,0
224,263,5,0
224,264,4,0
224,265,3,0
224,266,2,0
224,267,1,0
224,268,0,0
225,31,387,0
225,32,386,0
225,33,385,0
225,34,384,0
225,35,383,0
225,36,382,0
225,37,381,0
225,38,380,0
225,39,379,0
225,40,378,0
225,41,377,0
225,42,376,0
225,43,375,0
225,44,374,0
225,45,373,0
225,46,372,0
225,47,371,0
225,48,370,0
225,49,369,0
225,50,368,0
225,51,367,0
225,52,366,0
225,53,365,0
225,54,364,0
225,55,363,0
225,56,362,0
225,57,361,0
225,58,360,0
225,59,359,0
225,60,358,0
225,61,357,0
225,62,356,0
225,63,355,0
225,64,354,0
225,65,353,0
225,66,352,0
225,67,351,0
225,68,350,0
225,69,349,0
225,70,348,0
225,71,347,0
225,72,346,0
225,73,345,0
225,74,344,0
225,75,343,0
225,76,342,0
225,77,341,0
225,78,340,0
225,79,339,0
225,80,338,0
225,81,337,0
225,82,336,0
225,83,335,0
225,84,334,0
225,85,333,0
225,86,332,0
225,87,331,0
225,88,330,0
225,89,329,-1
225,90,328,0
225,91,327,0
225,92,326,0
225,93,325,0
225,94,324,0
225,95,323,0
225,96,322,0
225,97,321,0
225,98,320,0
225,99,319,0
225,100,318,0
225,101,317,0
225,102,316,0
225,103,315,0
225,104,314,0
225,105,313,0
225,106,312,0
225,107,311,0
225,108,310,0
225,109,309,0
225,110,308,0
225,111,307,0
225,112,306,0
225,113,305,0
225,114,304,0
225,115,303,0
225,116,302,0
225,117,301,0
225,118,300,0
225,119,299,0
225,120,298,0
225,121,297,0
225,122,296,0
225,123,295,0
225,124,294,0
225,125,293,0
225,126,292,0
225,127,291,0
225,128,290,0
225,129,289,0
225,130,288,0
225,131,287,0
225,132,286,0
225,133,285,0
225,134,284,0
225,135,283,0
225,136,282,0
225,137,281,0
225,138,280,0
225,139,279,0
225,140,278,0
225,141,277,0
225,142,276,0
225,143,275,0
225,144,274,0
225,145,273,0
225,146,272,0
225,147,271,0
225,148,270,0
225,149,269,0
225,150,268,0
225,151,267,0
225,152,266,0
225,153,265,0
225,154,264,0
225,155,263,0
225,156,262,0
225,157,261,0
225,158,260,0
225,159,259,0
225,160,258,0
225,161,257,0
225,162,256,0
225,163,255,0
225,164,254,0
225,165,253,0
225,166,252,0
225,167,251,0
225,168,250,0
225,169,249,0
225,170,248,0
225,171,247,0
225,172,246,0
225,173,245,0
225,174,244,0
225,175,243,0
225,176,242,0
225,177,241,0
225,178,240,0
225,179,239,0
225,180,238,0
225,181,237,0
225,182,236,0
225,183,235,0
225,184,234,0
225,185,233,-1
225,186,232,0
225,187,231,0
225,188,230,0
225,189,229,0
225,190,228,0
225,191,227,0
225,192,226,0
225,193,225,0
225,194,224,0
225,195,223,0
225,196,222,0
225,197,221,0
225,198,220,0
225,199,219,0
225,200,218,0
225,201,217,0
225,202,216,0
225,203,215,0
225,204,214,0
225,205,213,0
225,206,212,0
225,207,211,0
225,208,210,0
225,209,209,0
225,210,208,0
225,211,207,0
225,212,206,0
225,213,205,0
225,214,204,0
225,215,203,0
225,216,202,0
225,217,201,0
225,218,200,0
225,219,199,0
225,220,198,0
225,221,197,0
225,222,196,0
225,223,195,0
225,224,194,0
225,225,193,0
225,226,192,0
225,227,191,0
225,228,190,0
225,229,189,0
225,230,188,0
225,231,187,0
225,232,186,0
225,233,185,0
225,234,184,0
225,235,183,0
225,236,182,0
225,237,181,0
225,238,180,0
225,239,179,0
225,240,178,0
225,241,177,0
225,242,176,0
225,243,175,0
225,244,174,0
225,245,173,0
225,246,172,0
225,247,171,0
225,248,170,0
225,249,169,0
225,250,168,0
225,251,167,0
225,252,166,0
225,253,165,0
225,254,164,0
225,255,163,0
225,256,162,0
225,257,161,0
225,258,160,0
225,259,159,0
225,260,158,0
225,261,157,0
225,262,156,0
225,263,155,0
225,264,154,0
225,265,153,0
225,266,152,0
225,267,151,0
225,268,150,0
225,269,149,0
225,270,148,0
225,271,147,0
225,272,146,0
225,273,145,0
225,274,144,0
225,275,143,0
225,276,142,0
225,277,141,0
225,278,140,0
225,279,139,0
225,280,138,0
225,281,137,0
225,282,136,0
225,283,135,0
225,284,134,0
225,285,133,0
225,286,132,0
225,287,131,0
225,288,130,0
225,289,129,0
225,290,128,0
225,291,127,0
225,292,126,0
225,293,125,0
225,294,124,0
225,295,123,0
225,296,122,0
225,297,121,0
225,298,120,0
225,299,119,0
225,300,118,0
225,301,117,0
225,302,116,0
225,303,115,0
225,304,114,0
225,305,113,0
225,306,112,0
225,307,111,0
225,308,110,0
225,309,109,0
225,310,108,0
225,311,107,0
225,312,106,0
225,313,105,0
225,314,104,0
225,315,103,0
225,316,102,0
225,317,101,0
225,318,100,0
225,319,99,0
225,320,98,0
225,321,97,0
225,322,96,0
225,323,95,0
225,324,94,0
225,325,93,0
225,326,92,0
225,327,91,0
225,328,90,0
225,329,89,0
225,330,88,0
225,331,87,0
225,332,86,0
225,333,85,0
225,334,84,0
225,335,83,0
225,336,82,0
225,337,81,0
225,338,80,0
225,339,79,0
225,340,78,0
225,341,77,0
225,342,76,0
225,343,75,0
225,344,74,0
225,345,73,0
225,346,72,0
225,347,71,0
225,348,70,0
225,349,69,0
225,350,68,0
225,351,67,0
225,352,66,0
225,353,65,0
225,354,64,0
225,355,63,0
225,356,62,0
225,357,61,0
225,358,60,0
225,359,59,0
225,360,58,0
225,361,57,0
225,362,56,0
225,363,55,0
225,364,54,0
225,365,53,0
225,366,52,0
225,367,51,0
225,368,50,0
225,369,49,0
225,370,48,0
225,371,47,0
225,372,46,0
225,373,45,0
225,374,44,0
225,375,43,0
225,376,42,0
225,377,41,0
225,378,40,0
225,379,39,0
225,380,38,0
225,381,37,0
225,382,36,0
225,383,35,0
225,384,34,0
225,385,33,0
225,386,32,0
225,387,31,0
225,388,30,0
225,389,29,0
225,390,28,0
225,391,27,0
225,392,26,0
225,393,25,0
225,394,24,0
225,395,23,0
225,396,22,0
225,397,21,0
225,398,20,0
225,399,19,0
225,400,18,0
225,401,17,0
225,402,16,0
225,403,15,0
225,404,14,0
225,405,13,0
225,406,12,0
225,407,11,0
225,408,10,0
225,409,9,0
225,410,8,0
225,411,7,0
225,412,6,0
225,413,5,0
225,414,4,0
225,415,3,0
225,416,2,0
225,417,1,0
225,418,0,0
226,31,163,0
226,32,162,0
226,33,161,0
226,34,160,0
226,35,159,0
226,36,158,0
226,37,157,0
226,38,156,0
226,39,155,0
226,40,154,0
226,41,153,0
226,42,152,0
226,43,151,0
226,44,150,0
226,45,149,0
226,46,148,0
226,47,147,0
226,48,146,0
226,49,145,0
226,50,144,0
226,51,143,0
226,52,142,0
226,53,141,0
226,54,140,0
226,55,139,0
226,56,138,0
226,57,137,0
226,58,136,0
226,59,135,0
226,60,134,0
226,61,133,0
226,62,132,0
226,63,131,0
226,64,130,0
226,65,129,0
226,66,128,0
226,67,127,0
226,68,126,0
226,69,125,0
226,70,124,0
226,71,123,0
226,72,122,0
226,73,121,0
226,74,120,0
226,75,119,0
226,76,118,0
226,77,117,0
226,78,116,0
226,79,115,0
226,80,114,0
226,81,113,0
226,82,112,0
226,83,111,0
226,84,110,0
226,85,109,0
226,86,108,0
226,87,107,0
226,88,106,0
226,89,105,0
226,90,104,0
226,91,103,0
226,92,102,0
226,93,101,0
226,94,100,0
226,95,99,0
226,96,98,0
226,97,97,0
226,98,96,0
226,99,95,0
226,100,94,0
226,101,93,0
226,102,92,0
226,103,91,0
226,104,90,0
226,105,89,0
226,106,88,0
226,107,87,0
226,108,86,0
226,109,85,0
226,110,84,0
226,111,83,0
226,112,82,0
226,113,81,0
226,114,80,0
226,115,79,0
226,116,78,0
226,117,77,0
226,118,76,0
226,119,75,0
226,120,74,0
226,121,73,0
226,122,72,0
226,123,71,0
226,124,70,0
226,125,69,0
226,126,68,0
226,127,67,0
226,128,66,0
226,129,65,0
226,130,64,0
226,131,63,0
226,132,62,0
226,133,61,0
226,134,60,0
226,135,59,0
226,136,58,0
226,137,57,0
226,138,56,0
226,139,55,0
226,140,54,0
226,141,53,0
226,142,52,0
226,143,51,0
226,144,50,0
226,145,49,0
226,146,48,0
226,147,47,0
226,148,46,0
226,149,45,0
226,150,44,0
226,151,43,0
226,152,42,0
226,153,41,0
226,154,40,0
226,155,39,0
226,156,38,0
226,157,37,0
226,158,36,0
226,159,35,0
226,160,34,0
226,161,33,0
226,162,32,0
226,163,31,0
226,164,30,0
226,165,29,0
226,166,28,0
226,167,27,0
226,168,26,0
226,169,25,0
226,170,24,0
226,171,23,0
226,172,22,0
226,173,21,0
226,174,20,0
226,175,19,0
226,176,18,0
226,177,17,0
226,178,16,0
226,179,15,0
226,180,14,0
226,181,13,0
226,182,12,0
226,183,11,0
226,184,10,0
226,185,9,0
226,186,8,0
226,187,7,0
226,188,6,0
226,189,5,0
226,190,4,0
226,191,3,0
226,192,2,0
226,193,1,0
226,194,0,0
227,31,256,0
227,32,255,0
227,33,254,0
227,34,253,0
227,35,252,0
227,36,251,0
227,37,250,0
227,38,249,0
227,39,248,0
227,40,247,0
227,41,246,0
227,42,245,0
227,43,244,0
227,44,243,0
227,45,242,0
227,46,241,0
227,47,240,0
227,48,239,0
227,49,238,0
227,50,237,0
227,51,236,0
227,52,235,0
227,53,234,0
227,54,233,0
227,55,232,0
227,56,231,0
227,57,230,0
227,58,229,0
227,59,228,0
227,60,227,0
227,61,226,0
227,62,225,0
227,63,224,0
227,64,223,0
227,65,222,0
227,66,221,0
227,67,220,0
227,68,219,0
227,69,218,0
227,70,217,0
227,71,216,0
227,72,215,0
227,73,214,0
227,74,213,0
227,75,212,0
227,76,211,0
227,77,210,0
227,78,209,0
227,79,208,0
227,80,207,0
227,81,206,0
227,82,205,0
227,83,204,0
227,84,203,0
227,85,202,0
227,86,201,0
227,87,200,0
227,88,199,0
227,89,198,0
227,90,197,0
227,91,196,0
227,92,195,0
227,93,194,0
227,94,193,0
227,95,192,0
227,96,191,0
227,97,190,0
227,98,189,0
227,99,188,0
227,100,187,0
227,101,186,0
227,102,185,0
227,103,184,0
227,104,183,0
227,105,182,0
227,106,181,0
227,107,180,0
227,108,179,0
227,109,178,0
227,110,177,0
227,111,176,0
227,112,175,0
227,113,174,0
227,114,173,0
227,115,172,0
227,116,171,0
227,117,170,0
227,118,169,0
227,119,168,0
227,120,167,0
227,121,166,0
227,122,165,0
227,123,164,0
227,124,163,0
227,125,162,0
227,126,161,0
227,127,160,0
227,128,159,0
227,129,158,0
227,130,157,0
227,131,156,0
227,132,155,0
227,133,154,0
227,134,153,0
227,135,152,0
227,136,151,0
227,137,150,0
227,138,149,0
227,139,148,0
227,140,147,0
227,141,146,0
227,142,145,0
227,143,144,0
227,144,143,0
227,145,142,0
227,146,141,0
227,147,140,0
227,148,139,0
227,149,138,0
227,150,137,0
227,151,136,0
227,152,135,0
227,153,134,0
227,154,133,0
227,155,132,0
227,156,131,0
227,157,130,0
227,158,129,0
227,159,128,0
227,160,127,0
227,161,126,0
227,162,125,0
227,163,124,0
227,164,123,0
227,165,122,0
227,166,121,0
227,167,120,0
227,168,119,0
227,169,118,0
227,170,117,0
227,171,116,0
227,172,115,0
227,173,114,0
227,174,113,0
227,175,112,0
227,176,111,0
227,177,110,0
227,178,109,0
227,179,108,0
227,180,107,0
227,181,106,0
227,182,105,0
227,183,104,0
227,184,103,0
227,185,102,0
227,186,101,0
227,187,100,0
227,188,99,0
227,189,98,0
227,190,97,0
227,191,96,0
227,192,95,0
227,193,94,0
227,194,93,0
227,195,92,0
227,196,91,0
227,197,90,0
227,198,89,0
227,199,88,0
227,200,87,0
227,201,86,0
227,202,85,0
227,203,84,0
227,204,83,0
227,205,82,0
227,206,81,0
227,207,80,0
227,208,79,0
227,209,78,0
227,210,77,0
227,211,76,0
227,212,75,0
227,213,74,0
227,214,73,0
227,215,72,0
227,216,71,0
227,217,70,0
227,218,69,0
227,219,68,0
227,220,67,0
227,221,66,0
227,222,65,0
227,223,64,0
227,224,63,0
227,225,62,0
227,226,61,0
227,227,60,0
227,228,59,0
227,229,58,0
227,230,57,0
227,231,56,0
227,232,55,0
227,233,54,0
227,234,53,0
227,235,52,0
227,236,51,0
227,237,50,0
227,238,49,0
227,239,48,0
227,240,47,0
227,241,46,0
227,242,45,0
227,243,44,0
227,244,43,0
227,245,42,0
227,246,41,0
227,247,40,0
227,248,39,0
227,249,38,0
227,250,37,0
227,251,36,0
227,252,35,0
227,253,34,0
227,254,33,0
227,255,32,0
227,256,31,0
227,257,30,0
227,258,29,0
227,259,28,0
227,260,27,0
227,261,26,0
227,262,25,0
227,263,24,0
227,264,23,0
227,265,22,0
227,266,21,0
227,267,20,0
227,268,19,0
227,269,18,0
227,270,17,0
227,271,16,0
227,272,15,0
227,273,14,0
227,274,13,0
227,275,12,0
227,276,11,0
227,277,10,0
227,278,9,0
227,279,8,0
227,280,7,0
227,281,6,0
227,282,5,0
227,283,4,0
227,284,3,0
227,285,2,0
227,286,1,0
227,287,0,0
228,31,248,0
228,32,247,0
228,33,246,0
228,34,245,0
228,35,244,0
228,36,243,0
228,37,242,0
228,38,241,0
228,39,240,0
228,40,239,0
228,41,238,0
228,42,237,0
228,43,236,0
228,44,235,0
228,45,234,0
228,46,233,0
228,47,232,0
228,48,231,0
228,49,230,0
228,50,229,0
228,51,228,0
228,52,227,0
228,53,226,0
228,54,225,0
228,55,224,0
228,56,223,0
228,57,222,0
228,58,221,0
228,59,220,0
228,60,219,0
228,61,218,0
228,62,217,0
228,63,216,0
228,64,215,0
228,65,214,0
228,66,213,0
228,67,212,0
228,68,211,0
228,69,210,0
228,70,209,0
228,71,208,0
228,72,207,0
228,73,206,0
228,74,205,0
228,75,204,0
228,76,203,0
228,77,202,0
228,78,201,0
228,79,200,0
228,80,199,0
228,81,198,0
228,82,197,0
228,83,196,0
228,84,195,0
228,85,194,0
228,86,193,0
228,87,192,0
228,88,191,0
228,89,190,0
228,90,189,0
228,91,188,0
228,92,187,0
228,93,186,0
228,94,185,0
228,95,184,0
228,96,183,0
228,97,182,0
228,98,181,0
228,99,180,0
228,100,179,0
228,101,178,0
228,102,177,0
228,103,176,0
228,104,175,0
228,105,174,0
228,106,173,0
228,107,172,0
228,108,171,0
228,109,170,0
228,110,169,0
228,111,168,0
228,112,167,0
228,113,166,0
228,114,165,0
228,115,164,0
228,116,163,0
228,117,162,0
228,118,161,0
228,119,160,0
228,120,159,0
228,121,158,0
228,122,157,0
228,123,156,0
228,124,155,0
228,125,154,0
228,126,153,0
228,127,152,0
228,128,151,0
228,129,150,0
228,130,149,0
228,131,148,0
228,132,147,0
228,133,146,0
228,134,145,0
228,135,144,0
228,136,143,0
228,137,142,0
228,138,141,0
228,139,140,0
228,140,139,0
228,141,138,0
228,142,137,0
228,143,136,0
228,144,135,0
228,145,134,0
228,146,133,0
228,147,132,0
228,148,131,0
228,149,130,0
228,150,129,0
228,151,128,0
228,152,127,0
228,153,126,0
228,154,125,0
228,155,124,0
228,156,123,0
228,157,122,0
228,158,121,0
228,159,120,0
228,160,119,0
228,161,118,0
228,162,117,0
228,163,116,0
228,164,115,0
228,165,114,0
228,166,113,0
228,167,112,0
228,168,111,0
228,169,110,0
228,170,109,0
228,171,108,0
228,172,107,0
228,173,106,0
228,174,105,0
228,175,104,0
228,176,103,0
228,177,102,0
228,178,101,0
228,179,100,0
228,180,99,0
228,181,98,0
228,182,97,0
228,183,96,0
228,184,95,0
228,185,94,0
228,186,93,0
228,187,92,0
228,188,91,0
228,189,90,0
228,190,89,0
228,191,88,0
228,192,87,0
228,193,86,0
228,194,85,0
228,195,84,0
228,196,83,0
228,197,82,0
228,198,81,0
228,199,80,0
228,200,79,0
228,201,78,0
228,202,77,0
228,203,76,0
228,204,75,0
228,205,74,0
228,206,73,0
228,207,72,0
228,208,71,0
228,209,70,0
228,210,69,0
228,211,68,0
228,212,67,0
228,213,66,0
228,214,65,0
228,215,64,0
228,216,63,0
228,217,62,0
228,218,61,0
228,219,60,0
228,220,59,0
228,221,58,0
228,222,57,0
228,223,56,0
228,224,55,0
228,225,54,0
228,226,53,0
228,227,52,0
228,228,51,0
228,229,50,0
228,230,49,0
228,231,48,0
228,232,47,0
228,233,46,0
228,234,45,0
228,235,44,0
228,236,43,0
228,237,42,0
228,238,41,0
228,239,40,0
228,240,39,0
228,241,38,0
228,242,37,0
228,243,36,0
228,244,35,0
228,245,34,0
228,246,33,0
228,247,32,0
228,248,31,0
228,249,30,0
228,250,29,0
228,251,28,0
228,252,27,0
228,253,26,0
228,254,25,0
228,255,24,0
228,256,23,0
228,257,22,0
228,258,21,0
228,259,20,0
228,260,19,0
228,261,18,0
228,262,17,0
228,263,16,0
228,264,15,0
228,265,14,0
228,266,13,0
228,267,12,0
228,268,11,0
228,269,10,0
228,270,9,0
228,271,8,0
228,272,7,0
228,273,6,0
228,274,5,0
228,275,4,0
228,276,3,0
228,277,2,0
228,278,1,0
228,279,0,0
229,31,249,0
229,32,248,0
229,33,247,0
229,34,246,0
229,35,245,0
229,36,244,0
229,37,243,0
229,38,242,0
229,39,241,0
229,40,240,0
229,41,239,0
229,42,238,0
229,43,237,0
229,44,236,0
229,45,235,0
229,46,234,0
229,47,233,0
229,48,232,0
229,49,231,0
229,50,230,0
229,51,229,0
229,52,228,0
229,53,227,0
229,54,226,0
229,55,225,0
229,56,224,0
229,57,223,0
229,58,222,0
229,59,221,0
229,60,220,0
229,61,219,0
229,62,218,0
229,63,217,0
229,64,216,0
229,65,215,0
229,66,214,0
229,67,213,0
229,68,212,0
229,69,211,0
229,70,210,0
229,71,209,0
229,72,208,0
229,73,207,0
229,74,206,0
229,75,205,0
229,76,204,0
229,77,203,0
229,78,202,0
229,79,201,0
229,80,200,0
229,81,199,0
229,82,198,0
229,83,197,0
229,84,196,0
229,85,195,0
229,86,194,0
229,87,193,0
229,88,192,0
229,89,191,0
229,90,190,0
229,91,189,0
229,92,188,0
229,93,187,0
229,94,186,0
229,95,185,0
229,96,184,0
229,97,183,0
229,98,182,0
229,99,181,0
229,100,180,0
229,101,179,0
229,102,178,0
229,103,177,0
229,104,176,0
229,105,175,0
229,106,174,0
229,107,173,0
229,108,172,0
229,109,171,0
229,110,170,0
229,111,169,0
229,112,168,0
229,113,167,0
229,114,166,0
229,115,165,0
229,116,164,0
229,117,163,0
229,118,162,0
229,119,161,0
229,120,160,0
229,121,159,0
229,122,158,0
229,123,157,0
229,124,156,0
229,125,155,0
229,126,154,0
229,127,153,0
229,128,152,0
229,129,151,0
229,130,150,0
229,131,149,0
229,132,148,0
229,133,147,0
229,134,146,0
229,135,145,0
229,136,144,0
229,137,143,0
229,138,142,0
229,139,141,0
229,140,140,0
229,141,139,0
229,142,138,0
229,143,137,0
229,144,136,0
229,145,135,0
229,146,134,0
229,147,133,0
229,148,132,0
229,149,131,0
229,150,130,0
229,151,129,0
229,152,128,0
229,153,127,0
229,154,126,0
229,155,125,0
229,156,124,0
229,157,123,0
229,158,122,0
229,159,121,0
229,160,120,0
229,161,119,0
229,162,118,0
229,163,117,0
229,164,116,0
229,165,115,0
229,166,114,0
229,167,113,0
229,168,112,0
229,169,111,0
229,170,110,0
229,171,109,0
229,172,108,0
229,173,107,0
229,174,106,0
229,175,105,0
229,176,104,0
229,177,103,0
229,178,102,0
229,179,101,0
229,180,100,0
229,181,99,0
229,182,98,0
229,183,97,0
229,184,96,0
229,185,95,0
229,186,94,0
229,187,93,0
229,188,92,0
229,189,91,0
229,190,90,0
229,191,89,0
229,192,88,0
229,193,87,0
229,194,86,0
229,195,85,0
229,196,84,0
229,197,83,0
229,198,82,0
229,199,81,0
229,200,80,0
229,201,79,0
229,202,78,0
229,203,77,0
229,204,76,0
229,205,75,0
229,206,74,0
229,207,73,0
229,208,72,0
229,209,71,0
229,210,70,0
229,211,69,0
229,212,68,0
229,213,67,0
229,214,66,0
229,215,65,0
229,216,64,0
229,217,63,0
229,218,62,0
229,219,61,0
229,220,60,0
229,221,59,0
229,222,58,0
229,223,57,0
229,224,56,0
229,225,55,0
229,226,54,0
229,227,53,0
229,228,52,0
229,229,51,0
229,230,50,0
229,231,49,0
229,232,48,0
229,233,47,0
229,234,46,0
229,235,45,0
229,236,44,0
229,237,43,0
229,238,42,0
229,239,41,0
229,240,40,0
229,241,39,0
229,242,38,0
229,243,37,0
229,244,36,0
229,245,35,0
229,246,34,0
229,247,33,0
229,248,32,0
229,249,31,0
229,250,30,0
229,251,29,0
229,252,28,0
229,253,27,0
229,254,26,0
229,255,25,0
229,256,24,0
229,257,23,0
229,258,22,0
229,259,21,0
229,260,20,0
229,261,19,0
229,262,18,0
229,263,17,0
229,264,16,0
229,265,15,0
229,266,14,0
229,267,13,0
229,268,12,0
229,269,11,0
229,270,10,0
229,271,9,0
229,272,8,0
229,273,7,0
229,274,6,0
229,275,5,0
229,276,4,0
229,277,3,0
229,278,2,0
229,279,1,0
229,280,0,0
230,31,219,0
230,32,218,0
230,33,217,0
230,34,216,0
230,35,215,0
230,36,214,0
230,37,213,0
230,38,212,0
230,39,211,0
230,40,210,0
230,41,209,0
230,42,208,0
230,43,207,0
230,44,206,0
230,45,205,0
230,46,204,0
230,47,203,0
230,48,202,0
230,49,201,0
230,50,200,0
230,51,199,0
230,52,198,0
230,53,197,0
230,54,196,0
230,55,195,0
230,56,194,0
230,57,193,0
230,58,192,0
230,59,191,0
230,60,190,0
230,61,189,0
230,62,188,0
230,63,187,0
230,64,186,0
230,65,185,0
230,66,184,0
230,67,183,0
230,68,182,0
230,69,181,0
230,70,180,0
230,71,179,0
230,72,178,0
230,73,177,0
230,74,176,0
230,75,175,0
230,76,174,0
230,77,173,0
230,78,172,0
230,79,171,0
230,80,170,0
230,81,169,0
230,82,168,0
230,83,167,0
230,84,166,0
230,85,165,0
230,86,164,0
230,87,163,0
230,88,162,0
230,89,161,0
230,90,160,0
230,91,159,0
230,92,158,0
230,93,157,0
230,94,156,0
230,95,155,0
230,96,154,0
230,97,153,0
230,98,152,0
230,99,151,0
230,100,150,0
230,101,149,0
230,102,148,0
230,103,147,0
230,104,146,0
230,105,145,0
230,106,144,0
230,107,143,0
230,108,142,0
230,109,141,0
230,110,140,0
230,111,139,0
230,112,138,0
230,113,137,0
230,114,136,0
230,115,135,0
230,116,134,0
230,117,133,0
230,118,132,0
230,119,131,0
230,120,130,0
230,121,129,0
230,122,128,0
230,123,127,0
230,124,126,0
230,125,125,0
230,126,124,0
230,127,123,0
230,128,122,0
230,129,121,0
230,130,120,0
230,131,119,0
230,132,118,0
230,133,117,0
230,134,116,0
230,135,115,0
230,136,114,0
230,137,113,0
230,138,112,0
230,139,111,0
230,140,110,0
230,141,109,0
230,142,108,0
230,143,107,0
230,144,106,0
230,145,105,0
230,146,104,0
230,147,103,0
230,148,102,0
230,149,101,0
230,150,100,0
230,151,99,0
230,152,98,0
230,153,97,0
230,154,96,0
230,155,95,0
230,156,94,0
230,157,93,0
230,158,92,0
230,159,91,0
230,160,90,0
230,161,89,0
230,162,88,0
230,163,87,0
230,164,86,0
230,165,85,0
230,166,84,0
230,167,83,0
230,168,82,0
230,169,81,0
230,170,80,0
230,171,79,0
230,172,78,0
230,173,77,0
230,174,76,0
230,175,75,0
230,176,74,0
230,177,73,0
230,178,72,0
230,179,71,0
230,180,70,0
230,181,69,0
230,182,68,0
230,183,67,0
230,184,66,0
230,185,65,0
230,186,64,0
230,187,63,0
230,188,62,0
230,189,61,0
230,190,60,0
230,191,59,0
230,192,58,0
230,193,57,0
230,194,56,0
230,195,55,0
230,196,54,0
230,197,53,0
230,198,52,0
230,199,51,0
230,200,50,0
230,201,49,0
230,202,48,0
230,203,47,0
230,204,46,0
230,205,45,0
230,206,44,0
230,207,43,0
230,208,42,0
230,209,41,0
230,210,40,0
230,211,39,0
230,212,38,0
230,213,37,0
230,214,36,0
230,215,35,0
230,216,34,0
230,217,33,0
230,218,32,0
230,219,31,0
230,220,30,0
230,221,29,0
230,222,28,0
230,223,27,0
230,224,26,0
230,225,25,0
230,226,24,0
230,227,23,0
230,228,22,0
230,229,21,0
230,230,20,0
230,231,19,0
230,232,18,0
230,233,17,0
230,234,16,0
230,235,15,0
230,236,14,0
230,237,13,0
230,238,12,0
230,239,11,0
230,240,10,0
230,241,9,0
230,242,8,0
230,243,7,0
230,244,6,0
230,245,5,0
230,246,4,0
230,247,3,0
230,248,2,0
230,249,1,0
230,250,0,0
231,31,163,0
231,32,162,0
231,33,161,0
231,34,160,0
231,35,159,0
231,36,158,0
231,37,157,0
231,38,156,0
231,39,155,0
231,40,154,0
231,41,153,0
231,42,152,0
231,43,151,0
231,44,150,0
231,45,149,0
231,46,148,0
231,47,147,0
231,48,146,0
231,49,145,0
231,50,144,0
231,51,143,0
231,52,142,0
231,53,141,0
231,54,140,0
231,55,139,0
231,56,138,0
231,57,137,0
231,58,136,0
231,59,135,0
231,60,134,0
231,61,133,0
231,62,132,0
231,63,131,0
231,64,130,0
231,65,129,0
231,66,128,0
231,67,127,0
231,68,126,0
231,69,125,0
231,70,124,0
231,71,123,0
231,72,122,0
231,73,121,0
231,74,120,0
231,75,119,0
231,76,118,0
231,77,117,0
231,78,116,0
231,79,115,0
231,80,114,0
231,81,113,0
231,82,112,0
231,83,111,0
231,84,110,0
231,85,109,0
231,86,108,0
231,87,107,0
231,88,106,0
231,89,105,0
231,90,104,0
231,91,103,0
231,92,102,0
231,93,101,0
231,94,100,0
231,95,99,0
231,96,98,0
231,97,97,0
231,98,96,0
231,99,95,0
231,100,94,0
231,101,93,0
231,102,92,0
231,103,91,0
231,104,90,0
231,105,89,0
231,106,88,0
231,107,87,0
231,108,86,0
231,109,85,0
231,110,84,0
231,111,83,0
231,112,82,0
231,113,81,0
231,114,80,0
231,115,79,0
231,116,78,0
231,117,77,0
231,118,76,0
231,119,75,0
231,120,74,0
231,121,73,0
231,122,72,0
231,123,71,0
231,124,70,0
231,125,69,0
231,126,68,0
231,127,67,0
231,128,66,0
231,129,65,0
231,130,64,0
231,131,63,0
231,132,62,0
231,133,61,0
231,134,60,0
231,135,59,0
231,136,58,0
231,137,57,0
231,138,56,0
231,139,55,0
231,140,54,0
231,141,53,0
231,142,52,0
231,143,51,0
231,144,50,0
231,145,49,0
231,146,48,0
231,147,47,0
231,148,46,0
231,149,45,0
231,150,44,0
231,151,43,0
231,152,42,0
231,153,41,0
231,154,40,0
231,155,39,0
231,156,38,0
231,157,37,0
231,158,36,0
231,159,35,0
231,160,34,0
231,161,33,0
231,162,32,0
231,163,31,0
231,164,30,0
231,165,29,0
231,166,28,0
231,167,27,0
231,168,26,0
231,169,25,0
231,170,24,0
231,171,23,0
231,172,22,0
231,173,21,0
231,174,20,0
231,175,19,0
231,176,18,0
231,177,17,0
231,178,16,0
231,179,15,0
231,180,14,0
231,181,13,0
231,182,12,0
231,183,11,0
231,184,10,0
231,185,9,0
231,186,8,0
231,187,7,0
231,188,6,0
231,189,5,0
231,190,4,0
231,191,3,0
231,192,2,0
231,193,1,0
231,194,0,0
232,31,242,0
232,32,241,0
232,33,240,0
232,34,239,0
232,35,238,0
232,36,237,0
232,37,236,0
232,38,235,0
232,39,234,0
232,40,233,0
232,41,232,0
232,42,231,0
232,43,230,0
232,44,229,0
232,45,228,0
232,46,227,0
232,47,226,0
232,48,225,0
232,49,224,0
232,50,223,0
232,51,222,0
232,52,221,0
232,53,220,0
232,54,219,0
232,55,218,0
232,56,217,0
232,57,216,0
232,58,215,0
232,59,214,0
232,60,213,0
232,61,212,0
232,62,211,0
232,63,210,0
232,64,209,0
232,65,208,0
232,66,207,0
232,67,206,0
232,68,205,0
232,69,204,0
232,70,203,0
232,71,202,0
232,72,201,0
232,73,200,0
232,74,199,0
232,75,198,0
232,76,197,0
232,77,196,0
232,78,195,0
232,79,194,0
232,80,193,0
232,81,192,0
232,82,191,0
232,83,190,0
232,84,189,0
232,85,188,0
232,86,187,0
232,87,186,0
232,88,185,0
232,89,184,0
232,90,183,0
232,91,182,0
232,92,181,0
232,93,180,0
232,94,179,0
232,95,178,0
232,96,177,0
232,97,176,0
232,98,175,0
232,99,174,0
232,100,173,0
232,101,172,0
232,102,171,0
232,103,170,0
232,104,169,0
232,105,168,0
232,106,167,0
232,107,166,0
232,108,165,0
232,109,164,0
232,110,163,0
232,111,162,0
232,112,161,0
232,113,160,0
232,114,159,0
232,115,158,0
232,116,157,0
232,117,156,0
232,118,155,0
232,119,154,0
232,120,153,0
232,121,152,0
232,122,151,0
232,123,150,0
232,124,149,0
232,125,148,0
232,126,147,0
232,127,146,0
232,128,145,0
232,129,144,0
232,130,143,0
232,131,142,0
232,132,141,0
232,133,140,0
232,134,139,0
232,135,138,0
232,136,137,0
232,137,136,0
232,138,135,0
232,139,134,0
232,140,133,0
232,141,132,0
232,142,131,0
232,143,130,0
232,144,129,0
232,145,128,0
232,146,127,0
232,147,126,0
232,148,125,0
232,149,124,0
232,150,123,0
232,151,122,0
232,152,121,0
232,153,120,0
232,154,119,0
232,155,118,0
232,156,117,0
232,157,116,0
232,158,115,0
232,159,114,0
232,160,113,0
232,161,112,0
232,162,111,0
232,163,110,0
232,164,109,0
232,165,108,0
232,166,107,0
232,167,106,0
232,168,105,0
232,169,104,0
232,170,103,0
232,171,102,0
232,172,101,0
232,173,100,0
232,174,99,0
232,175,98,0
232,176,97,0
232,177,96,0
232,178,95,0
232,179,94,0
232,180,93,0
232,181,92,0
232,182,91,0
232,183,90,0
232,184,89,0
232,185,88,0
232,186,87,0
232,187,86,0
232,188,85,0
232,189,84,0
232,190,83,0
232,191,82,0
232,192,81,0
232,193,80,0
232,194,79,0
232,195,78,0
232,196,77,0
232,197,76,0
232,198,75,0
232,199,74,0
232,200,73,0
232,201,72,0
232,202,71,0
232,203,70,0
232,204,69,0
232,205,68,0
232,206,67,0
232,207,66,0
232,208,65,0
232,209,64,0
232,210,63,0
232,211,62,0
232,212,61,0
232,213,60,0
232,214,59,0
232,215,58,0
232,216,57,0
232,217,56,0
232,218,55,0
232,219,54,0
232,220,53,0
232,221,52,0
232,222,51,0
232,223,50,0
232,224,49,0
232,225,48,0
232,226,47,0
232,227,46,0
232,228,45,0
232,229,44,0
232,230,43,0
232,231,42,0
232,232,41,0
232,233,40,0
232,234,39,0
232,235,38,0
232,236,37,0
232,237,36,0
232,238,35,0
232,239,34,0
232,240,33,0
232,241,32,0
232,242,31,0
232,243,30,0
232,244,29,0
232,245,28,0
232,246,27,0
232,247,26,0
232,248,25,0
232,249,24,0
232,250,23,0
232,251,22,0
232,252,21,0
232,253,20,0
232,254,19,0
232,255,18,0
232,256,17,0
232,257,16,0
232,258,15,0
232,259,14,0
232,260,13,0
232,261,12,0
232,262,11,0
232,263,10,0
232,264,9,0
232,265,8,0
232,266,7,0
232,267,6,0
232,268,5,0
232,269,4,0
232,270,3,0
232,271,2,0
232,272,1,0
232,273,0,0
233,31,258,0
233,32,257,0
233,33,256,0
233,34,255,0
233,35,254,0
233,36,253,0
233,37,252,0
233,38,251,0
233,39,250,0
233,40,249,0
233,41,248,0
233,42,247,0
233,43,246,0
233,44,245,0
233,45,244,0
233,46,243,0
233,47,242,0
233,48,241,0
233,49,240,0
233,50,239,0
233,51,238,0
233,52,237,0
233,53,236,0
233,54,235,0
233,55,234,0
233,56,233,0
233,57,232,0
233,58,231,0
233,59,230,0
233,60,229,0
233,61,228,0
233,62,227,0
233,63,226,0
233,64,225,0
233,65,224,0
233,66,223,0
233,67,222,0
233,68,221,0
233,69,220,0
233,70,219,0
233,71,218,0
233,72,217,0
233,73,216,0
233,74,215,0
233,75,214,0
233,76,213,0
233,77,212,0
233,78,211,0
233,79,210,0
233,80,209,0
233,81,208,0
233,82,207,0
233,83,206,0
233,84,205,0
233,85,204,0
233,86,203,0
233,87,202,0
233,88,201,0
233,89,200,0
233,90,199,0
233,91,198,0
233,92,197,0
233,93,196,0
233,94,195,0
233,95,194,0
233,96,193,0
233,97,192,0
233,98,191,0
233,99,190,0
233,100,189,0
233,101,188,0
233,102,187,0
233,103,186,0
233,104,185,0
233,105,184,0
233,106,183,0
233,107,182,0
233,108,181,0
233,109,180,0
233,110,179,0
233,111,178,0
233,112,177,0
233,113,176,0
233,114,175,0
233,115,174,0
233,116,173,0
233,117,172,0
233,118,171,0
233,119,170,0
233,120,169,0
233,121,168,0
233,122,167,0
233,123,166,0
233,124,165,0
233,125,164,0
233,126,163,0
233,127,162,0
233,128,161,0
233,129,160,0
233,130,159,0
233,131,158,0
233,132,157,0
233,133,156,0
233,134,155,0
233,135,154,0
233,136,153,0
233,137,152,0
233,138,151,0
233,139,150,0
233,140,149,0
233,141,148,0
233,142,147,0
233,143,146,0
233,144,145,0
233,145,144,0
233,146,143,0
233,147,142,0
233,148,141,0
233,149,140,0
233,150,139,0
233,151,138,0
233,152,137,0
233,153,136,0
233,154,135,0
233,155,134,0
233,156,133,0
233,157,132,0
233,158,131,0
233,159,130,0
233,160,129,0
233,161,128,0
233,162,127,0
233,163,126,0
233,164,125,0
233,165,124,0
233,166,123,0
233,167,122,0
233,168,121,0
233,169,120,0
233,170,119,0
233,171,118,0
233,172,117,0
233,173,116,0
233,174,115,0
233,175,114,0
233,176,113,0
233,177,112,0
233,178,111,0
233,179,110,0
233,180,109,0
233,181,108,0
233,182,107,0
233,183,106,0
233,184,105,0
233,185,104,0
233,186,103,0
233,187,102,0
233,188,101,0
233,189,100,0
233,190,99,0
233,191,98,0
233,192,97,0
233,193,96,0
233,194,95,0
233,195,94,0
233,196,93,0
233,197,92,0
233,198,91,0
233,199,90,0
233,200,89,0
233,201,88,0
233,202,87,0
233,203,86,0
233,204,85,0
233,205,84,0
233,206,83,0
233,207,82,0
233,208,81,0
233,209,80,0
233,210,79,0
233,211,78,0
233,212,77,0
233,213,76,0
233,214,75,0
233,215,74,0
233,216,73,0
233,217,72,0
233,218,71,0
233,219,70,0
233,220,69,0
233,221,68,0
233,222,67,0
233,223,66,0
233,224,65,0
233,225,64,0
233,226,63,0
233,227,62,0
233,228,61,0
233,229,60,0
233,230,59,0
233,231,58,0
233,232,57,0
233,233,56,0
233,234,55,0
233,235,54,0
233,236,53,0
233,237,52,0
233,238,51,0
233,239,50,0
233,240,49,0
233,241,48,0
233,242,47,0
233,243,46,0
233,244,45,0
233,245,44,0
233,246,43,0
233,247,42,0
233,248,41,0
233,249,40,0
233,250,39,0
233,251,38,0
233,252,37,0
233,253,36,0
233,254,35,0
233,255,34,0
233,256,33,0
233,257,32,0
233,258,31,0
233,259,30,0
233,260,29,0
233,261,28,0
233,262,27,0
233,263,26,0
233,264,25,0
233,265,24,0
233,266,23,0
233,267,22,0
233,268,21,0
233,269,20,0
233,270,19,0
233,271,18,0
233,272,17,0
233,273,16,0
233,274,15,0
233,275,14,0
233,276,13,0
233,277,12,0
233,278,11,0
233,279,10,0
233,280,9,0
233,281,8,0
233,282,7,0
233,283,6,0
233,284,5,0
233,285,4,0
233,286,3,0
233,287,2,0
233,288,1,0
233,289,0,0
234,31,176,0
234,32,175,0
234,33,174,0
234,34,173,0
234,35,172,0
234,36,171,0
234,37,170,0
234,38,169,0
234,39,168,0
234,40,167,0
234,41,166,0
234,42,165,0
234,43,164,0
234,44,163,0
234,45,162,0
234,46,161,0
234,47,160,0
234,48,159,0
234,49,158,0
234,50,157,0
234,51,156,0
234,52,155,0
234,53,154,0
234,54,153,0
234,55,152,0
234,56,151,0
234,57,150,0
234,58,149,0
234,59,148,0
234,60,147,0
234,61,146,0
234,62,145,0
234,63,144,0
234,64,143,0
234,65,142,0
234,66,141,0
234,67,140,0
234,68,139,0
234,69,138,0
234,70,137,0
234,71,136,0
234,72,135,0
234,73,134,0
234,74,133,0
234,75,132,0
234,76,131,0
234,77,130,0
234,78,129,0
234,79,128,0
234,80,127,0
234,81,126,0
234,82,125,0
234,83,124,0
234,84,123,0
234,85,122,0
234,86,121,0
234,87,120,0
234,88,119,0
234,89,118,0
234,90,117,0
234,91,116,0
234,92,115,0
234,93,114,0
234,94,113,0
234,95,112,0
234,96,111,0
234,97,110,0
234,98,109,0
234,99,108,0
234,100,107,0
234,101,106,0
234,102,105,0
234,103,104,0
234,104,103,0
234,105,102,0
234,106,101,0
234,107,100,0
234,108,99,0
234,109,98,0
234,110,97,0
234,111,96,0
234,112,95,0
234,113,94,0
234,114,93,0
234,115,92,0
234,116,91,0
234,117,90,0
234,118,89,0
234,119,88,0
234,120,87,0
234,121,86,0
234,122,85,0
234,123,84,0
234,124,83,0
234,125,82,0
234,126,81,0
234,127,80,0
234,128,79,0
234,129,78,0
234,130,77,0
234,131,76,0
234,132,75,0
234,133,74,0
234,134,73,0
234,135,72,0
234,136,71,0
234,137,70,0
234,138,69,0
234,139,68,0
234,140,67,0
234,141,66,0
234,142,65,0
234,143,64,0
234,144,63,0
234,145,62,0
234,146,61,0
234,147,60,0
234,148,59,0
234,149,58,0
234,150,57,0
234,151,56,0
234,152,55,0
234,153,54,0
234,154,53,0
234,155,52,0
234,156,51,0
234,157,50,0
234,158,49,0
234,159,48,0
234,160,47,0
234,161,46,0
234,162,45,0
234,163,44,0
234,164,43,0
234,165,42,0
234,166,41,0
234,167,40,0
234,168,39,0
234,169,38,0
234,170,37,0
234,171,36,0
234,172,35,0
234,173,34,0
234,174,33,0
234,175,32,0
234,176,31,0
234,177,30,0
234,178,29,0
234,179,28,0
234,180,27,0
234,181,26,0
234,182,25,0
234,183,24,0
234,184,23,0
234,185,22,0
234,186,21,0
234,187,20,0
234,188,19,0
234,189,18,0
234,190,17,0
234,191,16,0
234,192,15,0
234,193,14,0
234,194,13,0
234,195,12,0
234,196,11,0
234,197,10,0
234,198,9,0
234,199,8,0
234,200,7,0
234,201,6,0
234,202,5,0
234,203,4,0
234,204,3,0
234,205,2,0
234,206,1,0
234,207,0,0
235,31,168,0
235,32,167,0
235,33,166,0
235,34,165,0
235,35,164,0
235,36,163,0
235,37,162,0
235,38,161,0
235,39,160,0
235,40,159,0
235,41,158,0
235,42,157,0
235,43,156,0
235,44,155,0
235,45,154,0
235,46,153,0
235,47,152,0
235,48,151,0
235,49,150,0
235,50,149,0
235,51,148,0
235,52,147,0
235,53,146,0
235,54,145,0
235,55,144,0
235,56,143,0
235,57,142,0
235,58,141,0
235,59,140,0
235,60,139,0
235,61,138,0
235,62,137,0
235,63,136,0
235,64,135,0
235,65,134,0
235,66,133,0
235,67,132,0
235,68,131,0
235,69,130,0
235,70,129,0
235,71,128,0
235,72,127,0
235,73,126,0
235,74,125,0
235,75,124,0
235,76,123,0
235,77,122,0
235,78,121,0
235,79,120,0
235,80,119,0
235,81,118,0
235,82,117,0
235,83,116,0
235,84,115,0
235,85,114,0
235,86,113,0
235,87,112,0
235,88,111,0
235,89,110,0
235,90,109,0
235,91,108,0
235,92,107,0
235,93,106,0
235,94,105,0
235,95,104,0
235,96,103,0
235,97,102,0
235,98,101,0
235,99,100,0
235,100,99,0
235,101,98,0
235,102,97,0
235,103,96,0
235,104,95,0
235,105,94,0
235,106,93,0
235,107,92,0
235,108,91,0
235,109,90,0
235,110,89,0
235,111,88,0
235,112,87,0
235,113,86,0
235,114,85,0
235,115,84,0
235,116,83,0
235,117,82,0
235,118,81,0
235,119,80,0
235,120,79,0
235,121,78,0
235,122,77,0
235,123,76,0
235,124,75,0
235,125,74,0
235,126,73,0
235,127,72,0
235,128,71,0
235,129,70,0
235,130,69,0
235,131,68,0
235,132,67,0
235,133,66,0
235,134,65,0
235,135,64,0
235,136,63,0
235,137,62,0
235,138,61,0
235,139,60,0
235,140,59,0
235,141,58,0
235,142,57,0
235,143,56,0
235,144,55,0
235,145,54,0
235,146,53,0
235,147,52,0
235,148,51,0
235,149,50,0
235,150,49,0
235,151,48,0
235,152,47,0
235,153,46,0
235,154,45,0
235,155,44,0
235,156,43,0
235,157,42,0
235,158,41,0
235,159,40,0
235,160,39,0
235,161,38,0
235,162,37,0
235,163,36,0
235,164,35,0
235,165,34,0
235,166,33,0
235,167,32,0
235,168,31,0
235,169,30,0
235,170,29,0
235,171,28,0
235,172,27,0
235,173,26,0
235,174,25,0
235,175,24,0
235,176,23,0
235,177,22,0
235,178,21,0
235,179,20,0
235,180,19,0
235,181,18,0
235,182,17,0
235,183,16,0
235,184,15,0
235,185,14,0
235,186,13,0
235,187,12,0
235,188,11,0
235,189,10,0
235,190,9,0
235,191,8,0
235,192,7,0
235,193,6,0
235,194,5,0
235,195,4,0
235,196,3,0
235,197,2,0
235,198,1,0
235,199,0,0
236,31,194,0
236,32,193,0
236,33,192,0
236,34,191,0
236,35,190,0
236,36,189,0
236,37,188,0
236,38,187,0
236,39,186,0
236,40,185,0
236,41,184,0
236,42,183,0
236,43,182,0
236,44,181,0
236,45,180,0
236,46,179,0
236,47,178,0
236,48,177,0
236,49,176,0
236,50,175,0
236,51,174,0
236,52,173,0
236,53,172,0
236,54,171,-1
236,55,170,0
236,56,169,0
236,57,168,0
236,58,167,0
236,59,166,0
236,60,165,0
236,61,164,0
236,62,163,0
236,63,162,0
236,64,161,0
236,65,160,0
236,66,159,0
236,67,158,0
236,68,157,0
236,69,156,0
236,70,155,0
236,71,154,0
236,72,153,0
236,73,152,0
236,74,151,0
236,75,150,0
236,76,149,0
236,77,148,0
236,78,147,0
236,79,146,0
236,80,145,0
236,81,144,0
236,82,143,0
236,83,142,0
236,84,141,0
236,85,140,0
236,86,139,0
236,87,138,0
236,88,137,0
236,89,136,0
236,90,135,0
236,91,134,0
236,92,133,0
236,93,132,0
236,94,131,0
236,95,130,0
236,96,129,0
236,97,128,0
236,98,127,0
236,99,126,0
236,100,125,0
236,101,124,0
236,102,123,0
236,103,122,0
236,104,121,0
236,105,120,0
236,106,119,0
236,107,118,0
236,108,117,0
236,109,116,0
236,110,115,0
236,111,114,0
236,112,113,0
236,113,112,0
236,114,111,0
236,115,110,0
236,116,109,0
236,117,108,0
236,118,107,0
236,119,106,0
236,120,105,0
236,121,104,0
236,122,103,0
236,123,102,0
236,124,101,0
236,125,100,0
236,126,99,0
236,127,98,0
236,128,97,0
236,129,96,0
236,130,95,0
236,131,94,0
236,132,93,0
236,133,92,0
236,134,91,0
236,135,90,0
236,136,89,0
236,137,88,0
236,138,87,0
236,139,86,0
236,140,85,0
236,141,84,0
236,142,83,0
236,143,82,0
236,144,81,0
236,145,80,0
236,146,79,0
236,147,78,0
236,148,77,0
236,149,76,0
236,150,75,0
236,151,74,0
236,152,73,0
236,153,72,0
236,154,71,0
236,155,70,0
236,156,69,0
236,157,68,0
236,158,67,0
236,159,66,0
236,160,65,0
236,161,64,0
236,162,63,0
236,163,62,0
236,164,61,0
236,165,60,0
236,166,59,0
236,167,58,0
236,168,57,0
236,169,56,0
236,170,55,0
236,171,54,0
236,172,53,0
236,173,52,0
236,174,51,0
236,175,50,0
236,176,49,0
236,177,48,0
236,178,47,0
236,179,46,0
236,180,45,0
236,181,44,0
236,182,43,0
236,183,42,0
236,184,41,0
236,185,40,0
236,186,39,0
236,187,38,0
236,188,37,0
236,189,36,0
236,190,35,0
236,191,34,0
236,192,33,0
236,193,32,0
236,194,31,0
236,195,30,0
236,196,29,0
236,197,28,0
236,198,27,0
236,199,26,0
236,200,25,0
236,201,24,0
236,202,23,0
236,203,22,0
236,204,21,0
236,205,20,0
236,206,19,0
236,207,18,0
236,208,17,0
236,209,16,0
236,210,15,0
236,211,14,0
236,212,13,0
236,213,12,0
236,214,11,0
236,215,10,0
236,216,9,0
236,217,8,0
236,218,7,0
236,219,6,0
236,220,5,0
236,221,4,0
236,222,3,0
236,223,2,0
236,224,1,0
236,225,0,0
237,31,181,0
237,32,180,0
237,33,179,0
237,34,178,0
237,35,177,0
237,36,176,0
237,37,175,0
237,38,174,0
237,39,173,0
237,40,172,0
237,41,171,0
237,42,170,0
237,43,169,0
237,44,168,0
237,45,167,0
237,46,166,0
237,47,165,0
237,48,164,0
237,49,163,0
237,50,162,0
237,51,161,0
237,52,160,0
237,53,159,0
237,54,158,0
237,55,157,0
237,56,156,0
237,57,155,0
237,58,154,0
237,59,153,0
237,60,152,0
237,61,151,0
237,62,150,0
237,63,149,0
237,64,148,0
237,65,147,0
237,66,146,0
237,67,145,0
237,68,144,0
237,69,143,0
237,70,142,0
237,71,141,0
237,72,140,0
237,73,139,0
237,74,138,0
237,75,137,0
237,76,136,0
237,77,135,0
237,78,134,0
237,79,133,0
237,80,132,0
237,81,131,0
237,82,130,0
237,83,129,0
237,84,128,0
237,85,127,0
237,86,126,0
237,87,125,0
237,88,124,0
237,89,123,0
237,90,122,0
237,91,121,0
237,92,120,0
237,93,119,0
237,94,118,0
237,95,117,0
237,96,116,0
237,97,115,0
237,98,114,0
237,99,113,0
237,100,112,0
237,101,111,0
237,102,110,0
237,103,109,0
237,104,108,0
237,105,107,0
237,106,106,0
237,107,105,0
237,108,104,0
237,109,103,0
237,110,102,0
237,111,101,0
237,112,100,0
237,113,99,0
237,114,98,0
237,115,97,0
237,116,96,0
237,117,95,0
237,118,94,0
237,119,93,0
237,120,92,0
237,121,91,0
237,122,90,0
237,123,89,0
237,124,88,0
237,125,87,0
237,126,86,0
237,127,85,0
237,128,84,0
237,129,83,0
237,130,82,0
237,131,81,0
237,132,80,0
237,133,79,0
237,134,78,0
237,135,77,0
237,136,76,0
237,137,75,0
237,138,74,0
237,139,73,0
237,140,72,0
237,141,71,0
237,142,70,0
237,143,69,0
237,144,68,0
237,145,67,0
237,146,66,0
237,147,65,0
237,148,64,0
237,149,63,0
237,150,62,0
237,151,61,0
237,152,60,0
237,153,59,0
237,154,58,0
237,155,57,0
237,156,56,0
237,157,55,0
237,158,54,0
237,159,53,0
237,160,52,0
237,161,51,0
237,162,50,0
237,163,49,0
237,164,48,0
237,165,47,0
237,166,46,0
237,167,45,0
237,168,44,0
237,169,43,0
237,170,42,0
237,171,41,0
237,172,40,0
237,173,39,0
237,174,38,0
237,175,37,0
237,176,36,0
237,177,35,0
237,178,34,0
237,179,33,0
237,180,32,0
237,181,31,0
237,182,30,0
237,183,29,0
237,184,28,0
237,185,27,0
237,186,26,0
237,187,25,0
237,188,24,0
237,189,23,0
237,190,22,0
237,191,21,0
237,192,20,0
237,193,19,0
237,194,18,0
237,195,17,0
237,196,16,0
237,197,15,0
237,198,14,0
237,199,13,0
237,200,12,0
237,201,11,0
237,202,10,0
237,203,9,0
237,204,8,0
237,205,7,0
237,206,6,0
237,207,5,0
237,208,4,0
237,209,3,0
237,210,2,0
237,211,1,0
237,212,0,0
238,31,156,0
238,32,155,0
238,33,154,0
238,34,153,0
238,35,152,0
238,36,151,0
238,37,150,0
238,38,149,0
238,39,148,0
238,40,147,0
238,41,146,0
238,42,145,0
238,43,144,0
238,44,143,0
238,45,142,0
238,46,141,0
238,47,140,0
238,48,139,0
238,49,138,0
238,50,137,0
238,51,136,0
238,52,135,0
238,53,134,0
238,54,133,0
238,55,132,0
238,56,131,0
238,57,130,0
238,58,129,0
238,59,128,0
238,60,127,0
238,61,126,0
238,62,125,0
238,63,124,0
238,64,123,0
238,65,122,0
238,66,121,0
238,67,120,0
238,68,119,0
238,69,118,0
238,70,117,0
238,71,116,0
238,72,115,0
238,73,114,0
238,74,113,0
238,75,112,0
238,76,111,0
238,77,110,0
238,78,109,0
238,79,108,0
238,80,107,0
238,81,106,0
238,82,105,0
238,83,104,-1
238,84,103,0
238,85,102,0
238,86,101,0
238,87,100,0
238,88,99,0
238,89,98,0
238,90,97,0
238,91,96,0
238,92,95,0
238,93,94,0
238,94,93,0
238,95,92,0
238,96,91,0
238,97,90,0
238,98,89,0
238,99,88,0
238,100,87,0
238,101,86,0
238,102,85,0
238,103,84,0
238,104,83,0
238,105,82,0
238,106,81,0
238,107,80,0
238,108,79,0
238,109,78,0
238,110,77,0
238,111,76,0
238,112,75,0
238,113,74,0
238,114,73,0
238,115,72,0
238,116,71,0
238,117,70,0
238,118,69,0
238,119,68,0
238,120,67,0
238,121,66,0
238,122,65,0
238,123,64,0
238,124,63,0
238,125,62,0
238,126,61,0
238,127,60,0
238,128,59,0
238,129,58,0
238,130,57,0
238,131,56,0
238,132,55,0
238,133,54,0
238,134,53,0
238,135,52,0
238,136,51,0
238,137,50,0
238,138,49,0
238,139,48,0
238,140,47,0
238,141,46,0
238,142,45,0
238,143,44,0
238,144,43,0
238,145,42,0
238,146,41,0
238,147,40,0
238,148,39,0
238,149,38,0
238,150,37,0
238,151,36,0
238,152,35,0
238,153,34,0
238,154,33,0
238,155,32,0
238,156,31,0
238,157,30,0
238,158,29,0
238,159,28,0
238,160,27,0
238,161,26,0
238,162,25,0
238,163,24,0
238,164,23,0
238,165,22,0
238,166,21,0
238,167,20,0
238,168,19,0
238,169,18,0
238,170,17,0
238,171,16,0
238,172,15,0
238,173,14,0
238,174,13,0
238,175,12,0
238,176,11,0
238,177,10,0
238,178,9,0
238,179,8,0
238,180,7,0
238,181,6,0
238,182,5,0
238,183,4,0
238,184,3,0
238,185,2,0
238,186,1,0
238,187,0,0
239,31,334,0
239,32,333,0
239,33,332,0
239,34,331,0
239,35,330,0
239,36,329,0
239,37,328,0
239,38,327,0
239,39,326,0
239,40,325,0
239,41,324,0
239,42,323,0
239,43,322,0
239,44,321,0
239,45,320,0
239,46,319,0
239,47,318,0
239,48,317,0
239,49,316,0
239,50,315,0
239,51,314,0
239,52,313,0
239,53,312,0
239,54,311,0
239,55,310,0
239,56,309,0
239,57,308,0
239,58,307,0
239,59,306,0
239,60,305,0
239,61,304,0
239,62,303,0
239,63,302,0
239,64,301,0
239,65,300,0
239,66,299,0
239,67,298,0
239,68,297,0
239,69,296,0
239,70,295,0
239,71,294,0
239,72,293,0
239,73,292,0
239,74,291,0
239,75,290,0
239,76,289,0
239,77,288,0
239,78,287,0
239,79,286,0
239,80,285,0
239,81,284,0
239,82,283,0
239,83,282,0
239,84,281,0
239,85,280,0
239,86,279,0
239,87,278,0
239,88,277,0
239,89,276,0
239,90,275,0
239,91,274,0
239,92,273,0
239,93,272,0
239,94,271,0
239,95,270,0
239,96,269,0
239,97,268,0
239,98,267,0
239,99,266,0
239,100,265,0
239,101,264,0
239,102,263,0
239,103,262,0
239,104,261,0
239,105,260,0
239,106,259,0
239,107,258,0
239,108,257,0
239,109,256,0
239,110,255,0
239,111,254,0
239,112,253,0
239,113,252,0
239,114,251,0
239,115,250,0
239,116,249,0
239,117,248,0
239,118,247,0
239,119,246,0
239,120,245,0
239,121,244,0
239,122,243,0
239,123,242,0
239,124,241,0
239,125,240,0
239,126,239,0
239,127,238,0
239,128,237,0
239,129,236,0
239,130,235,0
239,131,234,0
239,132,233,0
239,133,232,0
239,134,231,0
239,135,230,0
239,136,229,0
239,137,228,0
239,138,227,0
239,139,226,0
239,140,225,0
239,141,224,0
239,142,223,0
239,143,222,0
239,144,221,0
239,145,220,0
239,146,219,0
239,147,218,0
239,148,217,0
239,149,216,0
239,150,215,0
239,151,214,0
239,152,213,0
239,153,212,0
239,154,211,0
239,155,210,0
239,156,209,0
239,157,208,0
239,158,207,0
239,159,206,0
239,160,205,0
239,161,204,0
239,162,203,0
239,163,202,0
239,164,201,0
239,165,200,0
239,166,199,0
239,167,198,0
239,168,197,0
239,169,196,0
239,170,195,0
239,171,194,0
239,172,193,0
239,173,192,0
239,174,191,0
239,175,190,0
239,176,189,0
239,177,188,0
239,178,187,0
239,179,186,0
239,180,185,0
239,181,184,0
239,182,183,0
239,183,182,0
239,184,181,0
239,185,180,0
239,186,179,0
239,187,178,0
239,188,177,0
239,189,176,0
239,190,175,0
239,191,174,0
239,192,173,0
239,193,172,0
239,194,171,0
239,195,170,0
239,196,169,0
239,197,168,0
239,198,167,0
239,199,166,0
239,200,165,0
239,201,164,0
239,202,163,0
239,203,162,0
239,204,161,0
239,205,160,0
239,206,159,0
239,207,158,0
239,208,157,0
239,209,156,0
239,210,155,0
239,211,154,0
239,212,153,0
239,213,152,0
239,214,151,0
239,215,150,0
239,216,149,0
239,217,148,0
239,218,147,0
239,219,146,0
239,220,145,0
239,221,144,0
239,222,143,0
239,223,142,0
239,224,141,0
239,225,140,0
239,226,139,0
239,227,138,0
239,228,137,0
239,229,136,0
239,230,135,0
239,231,134,0
239,232,133,0
239,233,132,0
239,234,131,0
239,235,130,0
239,236,129,0
239,237,128,0
239,238,127,0
239,239,126,0
239,240,125,0
239,241,124,0
239,242,123,0
239,243,122,0
239,244,121,0
239,245,120,0
239,246,119,0
239,247,118,0
239,248,117,0
239,249,116,0
239,250,115,0
239,251,114,0
239,252,113,0
239,253,112,0
239,254,111,0
239,255,110,0
239,256,109,0
239,257,108,0
239,258,107,0
239,259,106,0
239,260,105,0
239,261,104,0
239,262,103,0
239,263,102,0
239,264,101,0
239,265,100,0
239,266,99,0
239,267,98,0
239,268,97,0
239,269,96,0
239,270,95,0
239,271,94,0
239,272,93,0
239,273,92,0
239,274,91,0
239,275,90,0
239,276,89,0
239,277,88,0
239,278,87,0
239,279,86,0
239,280,85,0
239,281,84,0
239,282,83,0
239,283,82,0
239,284,81,0
239,285,80,0
239,286,79,0
239,287,78,0
239,288,77,0
239,289,76,0
239,290,75,0
239,291,74,0
239,292,73,0
239,293,72,0
239,294,71,0
239,295,70,0
239,296,69,0
239,297,68,0
239,298,67,0
239,299,66,0
239,300,65,0
239,301,64,0
239,302,63,0
239,303,62,0
239,304,61,0
239,305,60,0
239,306,59,0
239,307,58,0
239,308,57,0
239,309,56,0
239,310,55,0
239,311,54,0
239,312,53,0
239,313,52,0
239,314,51,0
239,315,50,0
239,316,49,0
239,317,48,0
239,318,47,0
239,319,46,0
239,320,45,0
239,321,44,0
239,322,43,0
239,323,42,0
239,324,41,0
239,325,40,0
239,326,39,0
239,327,38,0
239,328,37,0
239,329,36,0
239,330,35,0
239,331,34,0
239,332,33,0
239,333,32,0
239,334,31,0
239,335,30,0
239,336,29,0
239,337,28,0
239,338,27,0
239,339,26,0
239,340,25,0
239,341,24,0
239,342,23,0
239,343,22,0
239,344,21,0
239,345,20,0
239,346,19,0
239,347,18,0
239,348,17,0
239,349,16,0
239,350,15,0
239,351,14,0
239,352,13,0
239,353,12,0
239,354,11,0
239,355,10,0
239,356,9,0
239,357,8,0
239,358,7,0
239,359,6,0
239,360,5,0
239,361,4,0
239,362,3,0
239,363,2,0
239,364,1,0
239,365,0,0
240,31,118,0
240,32,117,0
240,33,116,0
240,34,115,0
240,35,114,0
240,36,113,0
240,37,112,0
240,38,111,0
240,39,110,0
240,40,109,0
240,41,108,0
240,42,107,0
240,43,106,0
240,44,105,0
240,45,104,0
240,46,103,0
240,47,102,0
240,48,101,0
240,49,100,0
240,50,99,0
240,51,98,0
240,52,97,0
240,53,96,0
240,54,95,0
240,55,94,0
240,56,93,0
240,57,92,0
240,58,91,0
240,59,90,0
240,60,89,0
240,61,88,0
240,62,87,0
240,63,86,0
240,64,85,0
240,65,84,0
240,66,83,0
240,67,82,0
240,68,81,0
240,69,80,0
240,70,79,0
240,71,78,0
240,72,77,0
240,73,76,0
240,74,75,0
240,75,74,0
240,76,73,0
240,77,72,0
240,78,71,0
240,79,70,0
240,80,69,0
240,81,68,0
240,82,67,0
240,83,66,0
240,84,65,0
240,85,64,0
240,86,63,0
240,87,62,0
240,88,61,0
240,89,60,0
240,90,59,0
240,91,58,0
240,92,57,0
240,93,56,0
240,94,55,0
240,95,54,0
240,96,53,0
240,97,52,0
240,98,51,0
240,99,50,0
240,100,49,0
240,101,48,0
240,102,47,0
240,103,46,0
240,104,45,0
240,105,44,0
240,106,43,0
240,107,42,0
240,108,41,0
240,109,40,0
240,110,39,0
240,111,38,0
240,112,37,0
240,113,36,0
240,114,35,0
240,115,34,0
240,116,33,0
240,117,32,0
240,118,31,0
240,119,30,0
240,120,29,0
240,121,28,0
240,122,27,0
240,123,26,0
240,124,25,0
240,125,24,0
240,126,23,0
240,127,22,0
240,128,21,0
240,129,20,0
240,130,19,0
240,131,18,0
240,132,17,0
240,133,16,0
240,134,15,0
240,135,14,0
240,136,13,0
240,137,12,0
240,138,11,0
240,139,10,0
240,140,9,0
240,141,8,0
240,142,7,0
240,143,6,0
240,144,5,0
240,145,4,0
240,146,3,0
240,147,2,0
240,148,1,0
240,149,0,0
241,31,301,0
241,32,300,0
241,33,299,0
241,34,298,0
241,35,297,0
241,36,296,0
241,37,295,0
241,38,294,0
241,39,293,0
241,40,292,0
241,41,291,0
241,42,290,0
241,43,289,0
241,44,288,0
241,45,287,0
241,46,286,0
241,47,285,0
241,48,284,0
241,49,283,0
241,50,282,0
241,51,281,0
241,52,280,0
241,53,279,0
241,54,278,0
241,55,277,0
241,56,276,0
241,57,275,0
241,58,274,0
241,59,273,0
241,60,272,0
241,61,271,0
241,62,270,0
241,63,269,0
241,64,268,0
241,65,267,0
241,66,266,0
241,67,265,0
241,68,264,0
241,69,263,0
241,70,262,0
241,71,261,0
241,72,260,0
241,73,259,0
241,74,258,0
241,75,257,0
241,76,256,0
241,77,255,0
241,78,254,0
241,79,253,0
241,80,252,0
241,81,251,0
241,82,250,0
241,83,249,0
241,84,248,0
241,85,247,0
241,86,246,0
241,87,245,0
241,88,244,0
241,89,243,0
241,90,242,0
241,91,241,0
241,92,240,0
241,93,239,0
241,94,238,0
241,95,237,0
241,96,236,0
241,97,235,0
241,98,234,0
241,99,233,0
241,100,232,0
241,101,231,0
241,102,230,0
241,103,229,0
241,104,228,0
241,105,227,0
241,106,226,0
241,107,225,0
241,108,224,0
241,109,223,0
241,110,222,0
241,111,221,0
241,112,220,0
241,113,219,0
241,114,218,0
241,115,217,0
241,116,216,0
241,117,215,0
241,118,214,0
241,119,213,0
241,120,212,0
241,121,211,0
241,122,210,0
241,123,209,0
241,124,208,0
241,125,207,0
241,126,206,0
241,127,205,0
241,128,204,0
241,129,203,0
241,130,202,0
241,131,201,0
241,132,200,0
241,133,199,0
241,134,198,0
241,135,197,0
241,136,196,0
241,137,195,0
241,138,194,0
241,139,193,0
241,140,192,0
241,141,191,0
241,142,190,0
241,143,189,0
241,144,188,0
241,145,187,0
241,146,186,0
241,147,185,0
241,148,184,0
241,149,183,0
241,150,182,0
241,151,181,0
241,152,180,0
241,153,179,0
241,154,178,0
241,155,177,0
241,156,176,0
241,157,175,0
241,158,174,0
241,159,173,0
241,160,172,0
241,161,171,0
241,162,170,0
241,163,169,0
241,164,168,0
241,165,167,0
241,166,166,0
241,167,165,0
241,168,164,0
241,169,163,0
241,170,162,0
241,171,161,0
241,172,160,0
241,173,159,0
241,174,158,0
241,175,157,0
241,176,156,0
241,177,155,0
241,178,154,0
241,179,153,0
241,180,152,0
241,181,151,0
241,182,150,0
241,183,149,0
241,184,148,0
241,185,147,0
241,186,146,0
241,187,145,0
241,188,144,0
241,189,143,0
241,190,142,0
241,191,141,0
241,192,140,0
241,193,139,0
241,194,138,0
241,195,137,0
241,196,136,0
241,197,135,0
241,198,134,0
241,199,133,0
241,200,132,0
241,201,131,0
241,202,130,0
241,203,129,0
241,204,128,0
241,205,127,0
241,206,126,0
241,207,125,0
241,208,124,0
241,209,123,0
241,210,122,0
241,211,121,0
241,212,120,0
241,213,119,0
241,214,118,0
241,215,117,0
241,216,116,0
241,217,115,0
241,218,114,0
241,219,113,0
241,220,112,0
241,221,111,0
241,222,110,0
241,223,109,0
241,224,108,0
241,225,107,0
241,226,106,0
241,227,105,0
241,228,104,0
241,229,103,0
241,230,102,0
241,231,101,0
241,232,100,0
241,233,99,0
241,234,98,0
241,235,97,0
241,236,96,0
241,237,95,0
241,238,94,0
241,239,93,0
241,240,92,0
241,241,91,0
241,242,90,0
241,243,89,0
241,244,88,0
241,245,87,0
241,246,86,0
241,247,85,0
241,248,84,0
241,249,83,0
241,250,82,0
241,251,81,0
241,252,80,0
241,253,79,0
241,254,78,0
241,255,77,0
241,256,76,0
241,257,75,0
241,258,74,0
241,259,73,0
241,260,72,0
241,261,71,0
241,262,70,0
241,263,69,0
241,264,68,0
241,265,67,0
241,266,66,0
241,267,65,0
241,268,64,0
241,269,63,0
241,270,62,0
241,271,61,0
241,272,60,0
241,273,59,0
241,274,58,0
241,275,57,0
241,276,56,0
241,277,55,0
241,278,54,0
241,279,53,0
241,280,52,0
241,281,51,0
241,282,50,0
241,283,49,0
241,284,48,0
241,285,47,0
241,286,46,0
241,287,45,0
241,288,44,0
241,289,43,0
241,290,42,0
241,291,41,0
241,292,40,0
241,293,39,0
241,294,38,0
241,295,37,0
241,296,36,0
241,297,35,0
241,298,34,0
241,299,33,0
241,300,32,0
241,301,31,0
241,302,30,0
241,303,29,0
241,304,28,0
241,305,27,0
241,306,26,0
241,307,25,0
241,308,24,0
241,309,23,0
241,310,22,0
241,311,21,0
241,312,20,0
241,313,19,0
241,314,18,0
241,315,17,0
241,316,16,0
241,317,15,0
241,318,14,0
241,319,13,0
241,320,12,0
241,321,11,0
241,322,10,0
241,323,9,0
241,324,8,0
241,325,7,0
241,326,6,0
241,327,5,0
241,328,4,0
241,329,3,0
241,330,2,0
241,331,1,0
241,332,0,0
242,31,191,0
242,32,190,0
242,33,189,0
242,34,188,0
242,35,187,0
242,36,186,0
242,37,185,0
242,38,184,0
242,39,183,0
242,40,182,0
242,41,181,0
242,42,180,0
242,43,179,0
242,44,178,0
242,45,177,0
242,46,176,0
242,47,175,0
242,48,174,0
242,49,173,0
242,50,172,0
242,51,171,0
242,52,170,0
242,53,169,0
242,54,168,0
242,55,167,0
242,56,166,0
242,57,165,0
242,58,164,0
242,59,163,0
242,60,162,0
242,61,161,0
242,62,160,0
242,63,159,0
242,64,158,0
242,65,157,0
242,66,156,0
242,67,155,0
242,68,154,0
242,69,153,0
242,70,152,0
242,71,151,0
242,72,150,0
242,73,149,0
242,74,148,0
242,75,147,0
242,76,146,0
242,77,145,0
242,78,144,0
242,79,143,0
242,80,142,0
242,81,141,0
242,82,140,0
242,83,139,0
242,84,138,0
242,85,137,0
242,86,136,0
242,87,135,0
242,88,134,0
242,89,133,0
242,90,132,0
242,91,131,0
242,92,130,0
242,93,129,0
242,94,128,0
242,95,127,0
242,96,126,0
242,97,125,0
242,98,124,0
242,99,123,0
242,100,122,0
242,101,121,0
242,102,120,0
242,103,119,0
242,104,118,0
242,105,117,0
242,106,116,0
242,107,115,0
242,108,114,0
242,109,113,0
242,110,112,0
242,111,111,0
242,112,110,0
242,113,109,0
242,114,108,0
242,115,107,0
242,116,106,0
242,117,105,0
242,118,104,0
242,119,103,0
242,120,102,0
242,121,101,0
242,122,100,0
242,123,99,0
242,124,98,0
242,125,97,0
242,126,96,0
242,127,95,0
242,128,94,0
242,129,93,0
242,130,92,0
242,131,91,0
242,132,90,0
242,133,89,0
242,134,88,0
242,135,87,0
242,136,86,0
242,137,85,0
242,138,84,0
242,139,83,0
242,140,82,0
242,141,81,0
242,142,80,0
242,143,79,0
242,144,78,0
242,145,77,0
242,146,76,0
242,147,75,0
242,148,74,0
242,149,73,0
242,150,72,0
242,151,71,0
242,152,70,0
242,153,69,0
242,154,68,0
242,155,67,0
242,156,66,0
242,157,65,0
242,158,64,0
242,159,63,0
242,160,62,0
242,161,61,0
242,162,60,0
242,163,59,0
242,164,58,0
242,165,57,0
242,166,56,0
242,167,55,0
242,168,54,0
242,169,53,0
242,170,52,0
242,171,51,0
242,172,50,0
242,173,49,0
242,174,48,0
242,175,47,0
242,176,46,0
242,177,45,0
242,178,44,0
242,179,43,0
242,180,42,0
242,181,41,0
242,182,40,0
242,183,39,0
242,184,38,0
242,185,37,0
242,186,36,0
242,187,35,0
242,188,34,0
242,189,33,0
242,190,32,0
242,191,31,0
242,192,30,0
242,193,29,0
242,194,28,0
242,195,27,0
242,196,26,0
242,197,25,0
242,198,24,0
242,199,23,0
242,200,22,0
242,201,21,0
242,202,20,0
242,203,19,0
242,204,18,0
242,205,17,0
242,206,16,0
242,207,15,0
242,208,14,0
242,209,13,0
242,210,12,0
242,211,11,0
242,212,10,0
242,213,9,0
242,214,8,0
242,215,7,0
242,216,6,0
242,217,5,0
242,218,4,0
242,219,3,0
242,220,2,0
242,221,1,0
242,222,0,0
243,31,296,-1
243,32,295,0
243,33,294,0
243,34,293,0
243,35,292,0
243,36,291,0
243,37,290,0
243,38,289,0
243,39,288,0
243,40,287,0
243,41,286,0
243,42,285,0
243,43,284,0
243,44,283,0
243,45,282,-1
243,46,281,0
243,47,280,0
243,48,279,0
243,49,278,0
243,50,277,0
243,51,276,0
243,52,275,0
243,53,274,0
243,54,273,0
243,55,272,0
243,56,271,0
243,57,270,0
243,58,269,0
243,59,268,0
243,60,267,0
243,61,266,0
243,62,265,0
243,63,264,0
243,64,263,0
243,65,262,0
243,66,261,0
243,67,260,0
243,68,259,0
243,69,258,0
243,70,257,0
243,71,256,0
243,72,255,0
243,73,254,0
243,74,253,0
243,75,252,0
243,76,251,0
243,77,250,0
243,78,249,0
243,79,248,0
243,80,247,0
243,81,246,0
243,82,245,0
243,83,244,0
243,84,243,0
243,85,242,0
243,86,241,0
243,87,240,0
243,88,239,0
243,89,238,0
243,90,237,0
243,91,236,0
243,92,235,0
243,93,234,0
243,94,233,0
243,95,232,0
243,96,231,0
243,97,230,0
243,98,229,0
243,99,228,0
243,100,227,0
243,101,226,0
243,102,225,0
243,103,224,0
243,104,223,0
243,105,222,0
243,106,221,0
243,107,220,0
243,108,219,0
243,109,218,0
243,110,217,0
243,111,216,0
243,112,215,0
243,113,214,0
243,114,213,0
243,115,212,0
243,116,211,0
243,117,210,0
243,118,209,0
243,119,208,0
243,120,207,0
243,121,206,0
243,122,205,0
243,123,204,0
243,124,203,0
243,125,202,0
243,126,201,0
243,127,200,0
243,128,199,0
243,129,198,0
243,130,197,0
243,131,196,0
243,132,195,0
243,133,194,0
243,134,193,0
243,135,192,0
243,136,191,0
243,137,190,0
243,138,189,0
243,139,188,0
243,140,187,0
243,141,186,0
243,142,185,0
243,143,184,0
243,144,183,0
243,145,182,0
243,146,181,0
243,147,180,0
243,148,179,0
243,149,178,0
243,150,177,0
243,151,176,0
243,152,175,0
243,153,174,0
243,154,173,0
243,155,172,0
243,156,171,0
243,157,170,0
243,158,169,0
243,159,168,0
243,160,167,0
243,161,166,0
243,162,165,0
243,163,164,0
243,164,163,0
243,165,162,0
243,166,161,0
243,167,160,0
243,168,159,0
243,169,158,0
243,170,157,0
243,171,156,0
243,172,155,0
243,173,154,0
243,174,153,0
243,175,152,0
243,176,151,0
243,177,150,0
243,178,149,0
243,179,148,0
243,180,147,0
243,181,146,0
243,182,145,0
243,183,144,0
243,184,143,0
243,185,142,0
243,186,141,0
243,187,140,0
243,188,139,0
243,189,138,0
243,190,137,0
243,191,136,0
243,192,135,0
243,193,134,0
243,194,133,0
243,195,132,0
243,196,131,0
243,197,130,0
243,198,129,0
243,199,128,0
243,200,127,0
243,201,126,0
243,202,125,0
243,203,124,0
243,204,123,0
243,205,122,0
243,206,121,0
243,207,120,0
243,208,119,0
243,209,118,0
243,210,117,0
243,211,116,0
243,212,115,0
243,213,114,0
243,214,113,0
243,215,112,0
243,216,111,0
243,217,110,0
243,218,109,0
243,219,108,0
243,220,107,0
243,221,106,0
243,222,105,0
243,223,104,0
243,224,103,0
243,225,102,0
243,226,101,0
243,227,100,0
243,228,99,0
243,229,98,0
243,230,97,0
243,231,96,0
243,232,95,0
243,233,94,0
243,234,93,0
243,235,92,0
243,236,91,0
243,237,90,0
243,238,89,0
243,239,88,0
243,240,87,0
243,241,86,0
243,242,85,0
243,243,84,0
243,244,83,0
243,245,82,0
243,246,81,0
243,247,80,0
243,248,79,0
243,249,78,0
243,250,77,0
243,251,76,0
243,252,75,0
243,253,74,0
243,254,73,0
243,255,72,0
243,256,71,0
243,257,70,0
243,258,69,0
243,259,68,0
243,260,67,0
243,261,66,0
243,262,65,0
243,263,64,0
243,264,63,0
243,265,62,0
243,266,61,0
243,267,60,0
243,268,59,0
243,269,58,0
243,270,57,0
243,271,56,0
243,272,55,0
243,273,54,0
243,274,53,0
243,275,52,0
243,276,51,0
243,277,50,0
243,278,49,0
243,279,48,0
243,280,47,0
243,281,46,0
243,282,45,0
243,283,44,0
243,284,43,0
243,285,42,0
243,286,41,0
243,287,40,0
243,288,39,0
243,289,38,0
243,290,37,0
243,291,36,0
243,292,35,0
243,293,34,0
243,294,33,0
243,295,32,0
243,296,31,0
243,297,30,0
243,298,29,0
243,299,28,0
243,300,27,0
243,301,26,0
243,302,25,0
243,303,24,0
243,304,23,0
243,305,22,0
243,306,21,0
243,307,20,0
243,308,19,0
243,309,18,0
243,310,17,0
243,311,16,0
243,312,15,0
243,313,14,0
243,314,13,0
243,315,12,0
243,316,11,0
243,317,10,0
243,318,9,0
243,319,8,0
243,320,7,0
243,321,6,0
243,322,5,0
243,323,4,0
243,324,3,0
243,325,2,0
243,326,1,0
243,327,0,0
244,31,236,0
244,32,235,0
244,33,234,0
244,34,233,0
244,35,232,0
244,36,231,0
244,37,230,0
244,38,229,0
244,39,228,0
244,40,227,0
244,41,226,0
244,42,225,0
244,43,224,0
244,44,223,0
244,45,222,0
244,46,221,0
244,47,220,0
244,48,219,0
244,49,218,0
244,50,217,0
244,51,216,0
244,52,215,0
244,53,214,0
244,54,213,0
244,55,212,0
244,56,211,0
244,57,210,0
244,58,209,0
244,59,208,0
244,60,207,0
244,61,206,0
244,62,205,0
244,63,204,0
244,64,203,0
244,65,202,0
244,66,201,0
244,67,200,0
244,68,199,0
244,69,198,0
244,70,197,0
244,71,196,0
244,72,195,0
244,73,194,0
244,74,193,0
244,75,192,0
244,76,191,0
244,77,190,0
244,78,189,0
244,79,188,0
244,80,187,0
244,81,186,0
244,82,185,0
244,83,184,0
244,84,183,0
244,85,182,0
244,86,181,0
244,87,180,0
244,88,179,0
244,89,178,0
244,90,177,0
244,91,176,0
244,92,175,0
244,93,174,0
244,94,173,0
244,95,172,0
244,96,171,0
244,97,170,0
244,98,169,0
244,99,168,0
244,100,167,0
244,101,166,0
244,102,165,0
244,103,164,0
244,104,163,0
244,105,162,0
244,106,161,0
244,107,160,0
244,108,159,0
244,109,158,0
244,110,157,0
244,111,156,0
244,112,155,0
244,113,154,0
244,114,153,0
244,115,152,0
244,116,151,0
244,117,150,0
244,118,149,0
244,119,148,0
244,120,147,0
244,121,146,0
244,122,145,0
244,123,144,0
244,124,143,0
244,125,142,0
244,126,141,0
244,127,140,0
244,128,139,0
244,129,138,0
244,130,137,0
244,131,136,0
244,132,135,0
244,133,134,0
244,134,133,0
244,135,132,0
244,136,131,0
244,137,130,0
244,138,129,0
244,139,128,0
244,140,127,0
244,141,126,0
244,142,125,0
244,143,124,0
244,144,123,0
244,145,122,0
244,146,121,0
244,147,120,0
244,148,119,0
244,149,118,0
244,150,117,0
244,151,116,0
244,152,115,0
244,153,114,0
244,154,113,0
244,155,112,0
244,156,111,0
244,157,110,0
244,158,109,0
244,159,108,0
244,160,107,0
244,161,106,0
244,162,105,0
244,163,104,0
244,164,103,0
244,165,102,0
244,166,101,0
244,167,100,0
244,168,99,0
244,169,98,0
244,170,97,0
244,171,96,0
244,172,95,0
244,173,94,0
244,174,93,0
244,175,92,0
244,176,91,0
244,177,90,0
244,178,89,0
244,179,88,0
244,180,87,0
244,181,86,0
244,182,85,0
244,183,84,0
244,184,83,0
244,185,82,0
244,186,81,0
244,187,80,0
244,188,79,0
244,189,78,0
244,190,77,0
244,191,76,0
244,192,75,0
244,193,74,0
244,194,73,0
244,195,72,0
244,196,71,0
244,197,70,0
244,198,69,0
244,199,68,0
244,200,67,0
244,201,66,0
244,202,65,0
244,203,64,0
244,204,63,0
244,205,62,0
244,206,61,0
244,207,60,0
244,208,59,0
244,209,58,0
244,210,57,0
244,211,56,0
244,212,55,0
244,213,54,0
244,214,53,0
244,215,52,0
244,216,51,0
244,217,50,0
244,218,49,0
244,219,48,0
244,220,47,0
244,221,46,0
244,222,45,0
244,223,44,0
244,224,43,0
244,225,42,0
244,226,41,0
244,227,40,0
244,228,39,0
244,229,38,0
244,230,37,0
244,231,36,0
244,232,35,0
244,233,34,0
244,234,33,0
244,235,32,0
244,236,31,0
244,237,30,0
244,238,29,0
244,239,28,0
244,240,27,0
244,241,26,0
244,242,25,0
244,243,24,0
244,244,23,0
244,245,22,0
244,246,21,0
244,247,20,0
244,248,19,0
244,249,18,0
244,250,17,0
244,251,16,0
244,252,15,0
244,253,14,0
244,254,13,0
244,255,12,0
244,256,11,0
244,257,10,0
244,258,9,0
244,259,8,0
244,260,7,0
244,261,6,0
244,262,5,-1
244,263,4,0
244,264,3,0
244,265,2,0
244,266,1,0
244,267,0,0
245,31,174,0
245,32,173,0
245,33,172,0
245,34,171,0
245,35,170,0
245,36,169,0
245,37,168,0
245,38,167,0
245,39,166,0
245,40,165,0
245,41,164,0
245,42,163,0
245,43,162,0
245,44,161,0
245,45,160,0
245,46,159,0
245,47,158,0
245,48,157,0
245,49,156,0
245,50,155,0
245,51,154,0
245,52,153,0
245,53,152,0
245,54,151,0
245,55,150,0
245,56,149,0
245,57,148,0
245,58,147,0
245,59,146,0
245,60,145,0
245,61,144,0
245,62,143,0
245,63,142,0
245,64,141,0
245,65,140,0
245,66,139,0
245,67,138,0
245,68,137,0
245,69,136,0
245,70,135,0
245,71,134,0
245,72,133,0
245,73,132,0
245,74,131,0
245,75,130,0
245,76,129,0
245,77,128,0
245,78,127,0
245,79,126,0
245,80,125,0
245,81,124,0
245,82,123,0
245,83,122,0
245,84,121,0
245,85,120,0
245,86,119,0
245,87,118,0
245,88,117,0
245,89,116,0
245,90,115,0
245,91,114,0
245,92,113,0
245,93,112,0
245,94,111,0
245,95,110,0
245,96,109,0
245,97,108,0
245,98,107,0
245,99,106,0
245,100,105,0
245,101,104,0
245,102,103,0
245,103,102,0
245,104,101,0
245,105,100,0
245,106,99,0
245,107,98,0
245,108,97,0
245,109,96,0
245,110,95,0
245,111,94,0
245,112,93,0
245,113,92,0
245,114,91,0
245,115,90,0
245,116,89,0
245,117,88,0
245,118,87,0
245,119,86,0
245,120,85,0
245,121,84,0
245,122,83,0
245,123,82,0
245,124,81,0
245,125,80,0
245,126,79,0
245,127,78,0
245,128,77,0
245,129,76,0
245,130,75,0
245,131,74,0
245,132,73,0
245,133,72,0
245,134,71,0
245,135,70,0
245,136,69,0
245,137,68,0
245,138,67,0
245,139,66,0
245,140,65,0
245,141,64,0
245,142,63,0
245,143,62,0
245,144,61,0
245,145,60,0
245,146,59,0
245,147,58,0
245,148,57,0
245,149,56,0
245,150,55,0
245,151,54,0
245,152,53,0
245,153,52,0
245,154,51,0
245,155,50,0
245,156,49,0
245,157,48,0
245,158,47,0
245,159,46,0
245,160,45,0
245,161,44,0
245,162,43,0
245,163,42,0
245,164,41,0
245,165,40,0
245,166,39,0
245,167,38,0
245,168,37,0
245,169,36,0
245,170,35,0
245,171,34,0
245,172,33,0
245,173,32,0
245,174,31,0
245,175,30,0
245,176,29,0
245,177,28,0
245,178,27,0
245,179,26,0
245,180,25,0
245,181,24,0
245,182,23,0
245,183,22,0
245,184,21,0
245,185,20,0
245,186,19,0
245,187,18,0
245,188,17,0
245,189,16,0
245,190,15,0
245,191,14,0
245,192,13,0
245,193,12,0
245,194,11,0
245,195,10,0
245,196,9,0
245,197,8,0
245,198,7,0
245,199,6,0
245,200,5,0
245,201,4,0
245,202,3,0
245,203,2,0
245,204,1,0
245,205,0,0
246,31,130,0
246,32,129,0
246,33,128,0
246,34,127,0
246,35,126,0
246,36,125,0
246,37,124,0
246,38,123,0
246,39,122,0
246,40,121,0
246,41,120,0
246,42,119,0
246,43,118,0
246,44,117,0
246,45,116,0
246,46,115,0
246,47,114,0
246,48,113,0
246,49,112,0
246,50,111,0
246,51,110,0
246,52,109,0
246,53,108,0
246,54,107,0
246,55,106,0
246,56,105,0
246,57,104,0
246,58,103,0
246,59,102,0
246,60,101,0
246,61,100,0
246,62,99,0
246,63,98,0
246,64,97,0
246,65,96,0
246,66,95,0
246,67,94,0
246,68,93,0
246,69,92,0
246,70,91,0
246,71,90,0
246,72,89,0
246,73,88,0
246,74,87,0
246,75,86,0
246,76,85,0
246,77,84,0
246,78,83,0
246,79,82,0
246,80,81,0
246,81,80,0
246,82,79,0
246,83,78,0
246,84,77,0
246,85,76,0
246,86,75,0
246,87,74,0
246,88,73,0
246,89,72,0
246,90,71,0
246,91,70,0
246,92,69,0
246,93,68,0
246,94,67,0
246,95,66,0
246,96,65,0
246,97,64,0
246,98,63,0
246,99,62,0
246,100,61,0
246,101,60,0
246,102,59,0
246,103,58,0
246,104,57,0
246,105,56,0
246,106,55,0
246,107,54,0
246,108,53,0
246,109,52,0
246,110,51,0
246,111,50,0
246,112,49,0
246,113,48,0
246,114,47,0
246,115,46,0
246,116,45,0
246,117,44,0
246,118,43,0
246,119,42,0
246,120,41,0
246,121,40,0
246,122,39,0
246,123,38,0
246,124,37,0
246,125,36,0
246,126,35,0
246,127,34,0
246,128,33,0
246,129,32,0
246,130,31,0
246,131,30,0
246,132,29,0
246,133,28,0
246,134,27,0
246,135,26,0
246,136,25,0
246,137,24,0
246,138,23,0
246,139,22,0
246,140,21,0
246,141,20,0
246,142,19,0
246,143,18,0
246,144,17,0
246,145,16,0
246,146,15,0
246,147,14,0
246,148,13,0
246,149,12,0
246,150,11,0
246,151,10,0
246,152,9,0
246,153,8,0
246,154,7,0
246,155,6,0
246,156,5,0
246,157,4,0
246,158,3,0
246,159,2,0
246,160,1,0
246,161,0,0
247,31,180,0
247,32,179,0
247,33,178,0
247,34,177,0
247,35,176,0
247,36,175,0
247,37,174,0
247,38,173,0
247,39,172,0
247,40,171,0
247,41,170,0
247,42,169,0
247,43,168,0
247,44,167,0
247,45,166,0
247,46,165,0
247,47,164,0
247,48,163,0
247,49,162,0
247,50,161,0
247,51,160,0
247,52,159,0
247,53,158,0
247,54,157,0
247,55,156,0
247,56,155,0
247,57,154,0
247,58,153,0
247,59,152,0
247,60,151,0
247,61,150,0
247,62,149,0
247,63,148,0
247,64,147,0
247,65,146,0
247,66,145,0
247,67,144,0
247,68,143,0
247,69,142,0
247,70,141,0
247,71,140,0
247,72,139,0
247,73,138,0
247,74,137,0
247,75,136,0
247,76,135,0
247,77,134,0
247,78,133,0
247,79,132,0
247,80,131,0
247,81,130,0
247,82,129,0
247,83,128,0
247,84,127,0
247,85,126,0
247,86,125,0
247,87,124,0
247,88,123,0
247,89,122,0
247,90,121,0
247,91,120,0
247,92,119,0
247,93,118,0
247,94,117,0
247,95,116,0
247,96,115,0
247,97,114,0
247,98,113,0
247,99,112,0
247,100,111,0
247,101,110,0
247,102,109,0
247,103,108,0
247,104,107,0
247,105,106,0
247,106,105,0
247,107,104,0
247,108,103,0
247,109,102,0
247,110,101,0
247,111,100,0
247,112,99,0
247,113,98,0
247,114,97,0
247,115,96,0
247,116,95,0
247,117,94,0
247,118,93,0
247,119,92,0
247,120,91,0
247,121,90,0
247,122,89,0
247,123,88,0
247,124,87,0
247,125,86,0
247,126,85,0
247,127,84,0
247,128,83,0
247,129,82,0
247,130,81,0
247,131,80,0
247,132,79,0
247,133,78,0
247,134,77,0
247,135,76,0
247,136,75,0
247,137,74,0
247,138,73,0
247,139,72,0
247,140,71,0
247,141,70,0
247,142,69,0
247,143,68,0
247,144,67,0
247,145,66,0
247,146,65,0
247,147,64,0
247,148,63,0
247,149,62,0
247,150,61,0
247,151,60,0
247,152,59,0
247,153,58,0
247,154,57,0
247,155,56,0
247,156,55,0
247,157,54,0
247,158,53,0
247,159,52,0
247,160,51,0
247,161,50,0
247,162,49,0
247,163,48,0
247,164,47,0
247,165,46,0
247,166,45,0
247,167,44,0
247,168,43,0
247,169,42,0
247,170,41,0
247,171,40,0
247,172,39,0
247,173,38,0
247,174,37,0
247,175,36,0
247,176,35,0
247,177,34,0
247,178,33,0
247,179,32,0
247,180,31,0
247,181,30,0
247,182,29,0
247,183,28,0
247,184,27,0
247,185,26,0
247,186,25,0
247,187,24,0
247,188,23,0
247,189,22,0
247,190,21,0
247,191,20,0
247,192,19,0
247,193,18,0
247,194,17,0
247,195,16,0
247,196,15,0
247,197,14,0
247,198,13,0
247,199,12,0
247,200,11,0
247,201,10,0
247,202,9,0
247,203,8,0
247,204,7,0
247,205,6,0
247,206,5,0
247,207,4,0
247,208,3,0
247,209,2,0
247,210,1,0
247,211,0,0
248,31,153,0
248,32,152,0
248,33,151,0
248,34,150,0
248,35,149,0
248,36,148,0
248,37,147,0
248,38,146,0
248,39,145,0
248,40,144,0
248,41,143,0
248,42,142,0
248,43,141,0
248,44,140,0
248,45,139,0
248,46,138,0
248,47,137,0
248,48,136,0
248,49,135,0
248,50,134,0
248,51,133,0
248,52,132,0
248,53,131,0
248,54,130,0
248,55,129,0
248,56,128,0
248,57,127,0
248,58,126,0
248,59,125,0
248,60,124,0
248,61,123,0
248,62,122,0
248,63,121,0
248,64,120,0
248,65,119,0
248,66,118,0
248,67,117,0
248,68,116,0
248,69,115,0
248,70,114,0
248,71,113,0
248,72,112,0
248,73,111,0
248,74,110,0
248,75,109,0
248,76,108,0
248,77,107,0
248,78,106,0
248,79,105,0
248,80,104,0
248,81,103,0
248,82,102,0
248,83,101,0
248,84,100,0
248,85,99,0
248,86,98,0
248,87,97,0
248,88,96,0
248,89,95,0
248,90,94,0
248,91,93,0
248,92,92,0
248,93,91,0
248,94,90,0
248,95,89,0
248,96,88,0
248,97,87,0
248,98,86,0
248,99,85,0
248,100,84,0
248,101,83,0
248,102,82,0
248,103,81,0
248,104,80,0
248,105,79,0
248,106,78,0
248,107,77,0
248,108,76,0
248,109,75,0
248,110,74,0
248,111,73,0
248,112,72,0
248,113,71,0
248,114,70,0
248,115,69,0
248,116,68,0
248,117,67,0
248,118,66,0
248,119,65,0
248,120,64,0
248,121,63,0
248,122,62,0
248,123,61,0
248,124,60,0
248,125,59,0
248,126,58,0
248,127,57,0
248,128,56,0
248,129,55,0
248,130,54,0
248,131,53,0
248,132,52,0
248,133,51,0
248,134,50,0
248,135,49,0
248,136,48,0
248,137,47,0
248,138,46,0
248,139,45,0
248,140,44,0
248,141,43,0
248,142,42,0
248,143,41,0
248,144,40,0
248,145,39,0
248,146,38,0
248,147,37,0
248,148,36,0
248,149,35,0
248,150,34,0
248,151,33,0
248,152,32,0
248,153,31,0
248,154,30,0
248,155,29,0
248,156,28,0
248,157,27,0
248,158,26,0
248,159,25,0
248,160,24,0
248,161,23,0
248,162,22,0
248,163,21,0
248,164,20,0
248,165,19,0
248,166,18,0
248,167,17,0
248,168,16,0
248,169,15,0
248,170,14,0
248,171,13,0
248,172,12,0
248,173,11,0
248,174,10,0
248,175,9,0
248,176,8,0
248,177,7,0
248,178,6,0
248,179,5,0
248,180,4,0
248,181,3,0
248,182,2,0
248,183,1,0
248,184,0,0
249,31,224,0
249,32,223,0
249,33,222,0
249,34,221,0
249,35,220,0
249,36,219,0
249,37,218,0
249,38,217,0
249,39,216,0
249,40,215,0
249,41,214,0
249,42,213,0
249,43,212,0
249,44,211,0
249,45,210,0
249,46,209,0
249,47,208,0
249,48,207,0
249,49,206,0
249,50,205,0
249,51,204,0
249,52,203,0
249,53,202,0
249,54,201,0
249,55,200,0
249,56,199,0
249,57,198,0
249,58,197,0
249,59,196,0
249,60,195,0
249,61,194,0
249,62,193,0
249,63,192,0
249,64,191,0
249,65,190,0
249,66,189,0
249,67,188,0
249,68,187,0
249,69,186,0
249,70,185,0
249,71,184,0
249,72,183,0
249,73,182,0
249,74,181,0
249,75,180,0
249,76,179,0
249,77,178,0
249,78,177,0
249,79,176,0
249,80,175,0
249,81,174,0
249,82,173,0
249,83,172,0
249,84,171,0
249,85,170,0
249,86,169,0
249,87,168,0
249,88,167,0
249,89,166,0
249,90,165,0
249,91,164,0
249,92,163,0
249,93,162,0
249,94,161,0
249,95,160,0
249,96,159,0
249,97,158,0
249,98,157,0
249,99,156,0
249,100,155,0
249,101,154,0
249,102,153,0
249,103,152,0
249,104,151,0
249,105,150,0
249,106,149,0
249,107,148,0
249,108,147,0
249,109,146,0
249,110,145,0
249,111,144,0
249,112,143,0
249,113,142,0
249,114,141,0
249,115,140,0
249,116,139,0
249,117,138,0
249,118,137,0
249,119,136,0
249,120,135,0
249,121,134,0
249,122,133,0
249,123,132,0
249,124,131,0
249,125,130,0
249,126,129,0
249,127,128,0
249,128,127,0
249,129,126,0
249,130,125,0
249,131,124,0
249,132,123,0
249,133,122,0
249,134,121,0
249,135,120,0
249,136,119,0
249,137,118,0
249,138,117,0
249,139,116,0
249,140,115,0
249,141,114,0
249,142,113,0
249,143,112,0
249,144,111,0
249,145,110,0
249,146,109,0
249,147,108,0
249,148,107,0
249,149,106,0
249,150,105,0
249,151,104,0
249,152,103,0
249,153,102,0
249,154,101,0
249,155,100,0
249,156,99,0
249,157,98,0
249,158,97,0
249,159,96,0
249,160,95,0
249,161,94,0
249,162,93,0
249,163,92,0
249,164,91,0
249,165,90,0
249,166,89,0
249,167,88,0
249,168,87,0
249,169,86,0
249,170,85,0
249,171,84,0
249,172,83,0
249,173,82,0
249,174,81,0
249,175,80,0
249,176,79,0
249,177,78,0
249,178,77,0
249,179,76,0
249,180,75,0
249,181,74,0
249,182,73,0
249,183,72,0
249,184,71,0
249,185,70,0
249,186,69,0
249,187,68,0
249,188,67,0
249,189,66,0
249,190,65,0
249,191,64,0
249,192,63,0
249,193,62,0
249,194,61,0
249,195,60,0
249,196,59,0
249,197,58,0
249,198,57,0
249,199,56,0
249,200,55,0
249,201,54,0
249,202,53,0
249,203,52,0
249,204,51,0
249,205,50,0
249,206,49,0
249,207,48,0
249,208,47,0
249,209,46,0
249,210,45,0
249,211,44,0
249,212,43,0
249,213,42,0
249,214,41,0
249,215,40,0
249,216,39,0
249,217,38,0
249,218,37,0
249,219,36,0
249,220,35,0
249,221,34,0
249,222,33,0
249,223,32,0
249,224,31,0
249,225,30,0
249,226,29,0
249,227,28,0
249,228,27,0
249,229,26,0
249,230,25,0
249,231,24,0
249,232,23,0
249,233,22,0
249,234,21,0
249,235,20,0
249,236,19,0
249,237,18,0
249,238,17,0
249,239,16,0
249,240,15,0
249,241,14,0
249,242,13,0
249,243,12,0
249,244,11,0
249,245,10,0
249,246,9,0
249,247,8,0
249,248,7,0
249,249,6,0
249,250,5,0
249,251,4,0
249,252,3,0
249,253,2,0
249,254,1,0
249,255,0,0
